-4.5652046	0.29144913	0.052220944
-4.064627	0.49303722	0.08349211
-4.1552005	1.2581408	-0.4703697
-3.3699555	-0.1117093	-0.71205515
1.0650468	-0.5709487	-0.35986412
-1.1527059	-0.41337624	-0.37973619
-3.2325513	-0.7231432	0.18259588
-5.1422424	-0.12848642	0.3587644
-4.617389	0.51054895	-0.33321524
-5.171198	-0.35111925	-0.40602088
-3.713234	-0.23943949	-0.5200854
-2.1786814	0.48664498	-0.2898218
-5.397423	-0.2122615	-0.004469607
-2.5639977	0.73463166	0.049355615
-1.1691225	-0.8148353	0.3192656
-4.40143	0.71939516	-0.5442039
-3.3721044	0.9475775	-0.55969834
-3.1526582	0.41013527	-0.4076296
-2.663794	0.6754725	-0.019376054
-5.06625	1.0097655	0.044708714
-5.097546	1.4509292	0.3897773
-4.057719	0.604248	-0.12560073
-5.0433817	1.2666472	0.024356725
-4.576227	1.4043108	-0.5247892
-4.386222	1.331208	0.04214504
0.7095642	2.8109403	-0.17819963
-2.538425	0.5034246	-0.7775072
-4.6133175	-0.25971714	-0.2751938
-4.9312024	1.018454	-0.24954201
-3.5086598	0.10097094	-0.6714175
-4.732938	-0.2396906	-0.5990769
-4.873012	0.55488724	-0.33713531
-3.009426	0.06949629	-0.87537736
-4.8824787	-0.08908582	-0.38329756
-3.1934605	0.26786998	0.3474195
0.33986616	-0.8026773	1.5399983
-3.383307	-0.6152382	0.26697236
-2.465561	0.029029235	0.90182567
-3.5317254	0.5682396	0.69615
-4.685632	1.1433964	0.63731503
-3.6706975	1.658835	0.060610943
0.8655782	1.7969291	0.28902203
-3.076393	-0.96372795	1.4994609
-4.287873	-0.029750675	-0.3592357
-2.2211494	0.053306803	0.6638519
-3.7387073	-1.1426269	-0.056513697
-3.9407098	-0.38954136	-0.022912472
-4.5405426	0.22356415	0.9422331
-3.6645954	0.40037745	0.7931149
-4.7799883	0.40653798	-0.14967409
-4.360331	0.15851218	-0.8697677
-2.562817	0.40280485	-0.37893957
-5.0066776	0.24609032	-0.4450271
-0.51676226	0.44300753	-0.9459086
-2.6840496	0.18056871	-0.39710438
-2.2449665	-0.1521571	1.6674942
-3.8526654	0.0021942854	1.3556361
-4.2213864	0.24731812	0.5932684
-4.257829	-0.0096187	0.69276065
-4.7714677	0.6189896	-0.24216141
-4.096875	0.44004232	-0.62177855
-3.790783	0.44945723	0.010380648
-3.9319475	-0.2789422	-0.31615764
-4.6865664	0.4759463	-0.47521514
-4.0493455	0.15549463	0.79097605
-1.3676074	0.32914066	1.5807558
-4.084795	0.5118397	0.8080413
-3.998076	0.8054086	0.6160506
-3.086092	0.62356937	0.882239
-4.3784313	0.0593248	-0.14911827
-2.5323265	-0.17085093	-0.68650424
-3.6906774	0.24823275	-0.58515936
-4.2323856	0.9630469	-0.33146226
-4.4623284	0.24587728	0.7644199
-2.6253114	-0.43871334	0.78302354
-2.1358266	0.23336507	1.4463713
-1.8028897	-0.5991329	-0.798277
-3.5734537	-0.6235938	0.16560994
-2.9818306	-0.53977144	-0.5810991
-2.4449506	-0.4863527	-1.5706165
-2.6647859	-0.303731	-1.283032
-1.9794986	-0.9048035	-1.4541502
-4.883664	0.82846403	-0.18748204
0.044359207	2.1919398	-0.72707844
-4.2686415	1.7227995	0.36657268
-3.8820262	0.12656528	-1.1840261
0.88833	1.3162555	-0.43331838
-2.4182053	1.9474401	0.39979857
-3.983139	0.5357535	-1.3651586
-1.8486885	-0.33233038	-0.9419618
-3.8631022	-0.62315774	-0.37020677
-3.4662168	-0.25878313	-0.79785234
-0.26532674	-0.500667	-0.98106354
-3.6762865	0.053376332	-0.5512238
-0.6401136	0.077073574	-0.66405326
-2.1683097	1.1178195	-0.93793
-2.7553103	0.093412146	-0.58208257
-3.3247867	0.22191404	-1.3490103
-0.5349121	-0.019293904	0.38390338
-3.406165	-0.3768768	-1.0061399
-2.8092315	0.7480333	-1.797702
-4.157034	-0.14596272	-0.44743115
-2.8331158	0.23960002	0.33339012
-2.726629	-0.25496155	0.5228249
-2.791996	-0.46025887	-0.25863832
-3.209509	0.06949274	-0.82086235
-3.285844	0.13809614	-0.76807207
-4.6711016	-0.16502932	-0.5933928
-3.9010851	0.3094196	0.40021706
-4.217788	-0.71656513	0.6541951
-1.4477909	-0.3554156	0.43594623
-1.9950866	0.3422284	-0.37894303
1.0775023	-1.4336241	-0.8255413
-2.9903536	-0.5854753	-1.4449645
-3.2708688	0.20757665	0.60314816
0.41121817	-1.4249296	0.18762511
0.64395905	-0.38931087	0.5768277
-0.6814971	-0.6508839	-0.015126873
-0.15105534	-1.1081805	0.44458187
-3.0968843	-0.8195505	-0.7305451
-0.96796346	-0.4478983	-0.9046712
-4.4410954	-0.0769667	-0.8154486
-1.9667245	-0.18133414	-0.8338683
-3.2125363	0.7378298	0.4106772
-2.3010302	-0.004957959	0.9010856
-4.465019	-0.025395304	-0.87339586
-2.5332594	0.033279613	-0.78128856
-3.7881222	1.0371691	-0.49621493
-2.8834503	0.24626242	-0.62862915
-3.7204237	0.29261616	-0.5144842
-2.477212	-0.23674875	-0.973429
-1.3862774	-0.95484495	-0.26674706
-3.9787967	-0.45544383	-1.3148696
-4.021472	-0.10689151	-0.9998501
-1.1022675	0.19636159	-1.6686277
-3.5093195	-0.19184998	-0.8848868
-1.1322882	0.1685644	-0.941144
-3.6561024	-0.7378392	-1.1870116
-3.6121588	-0.44989058	-1.1390022
-4.0278416	-0.3275617	0.56312853
-0.00939846	0.06839678	1.1526958
-2.7410893	0.5610349	1.0942209
-4.273817	-0.03336817	-0.076471165
-0.5110538	-0.41093704	0.9409086
-2.7686086	1.1478155	-0.10334806
-0.6745856	0.28601366	-0.49154615
-1.5247607	0.31161734	-0.15669695
-2.910706	0.27517125	0.58533794
-4.637113	0.09314352	0.5018448
-1.300081	-0.8032496	1.609325
-3.4442873	0.011110187	0.8023586
1.5661726	0.36383066	0.5310165
-4.407918	0.14499938	0.62268573
-2.6378706	0.24943309	-0.2677194
-1.7636037	0.2896303	-0.4795112
5.5079527	-0.6725755	-0.044454955
-2.8898273	0.0433044	-0.5524562
-0.8042147	0.27835417	-0.40247035
-2.9737093	1.5299852	-0.07441998
-3.1347277	0.69362366	-1.9360249
-3.5161247	0.111540034	-0.34116483
-1.1715798	-0.010950923	-0.55206054
-2.4167676	1.7708907	1.5854799
1.6092701	1.3291951	0.22856626
0.9821601	2.431413	0.13085462
-2.4976468	0.22933443	-0.45035917
-2.23638	-0.3466514	1.3773956
-3.1777735	-0.16549799	0.09009801
-1.0558939	-0.7767358	-0.51435715
-1.3938441	-0.9246732	0.22473687
-2.4929276	0.08544426	0.7889736
-4.141173	-0.4893951	0.54641545
-2.1282244	-0.39362088	-0.12375128
-2.9375727	-0.59271514	0.6230563
2.5017333	2.3262184	0.40903574
-4.194524	1.2794523	-0.94470394
-2.5431857	0.9052199	-0.78600603
-3.3195338	2.1130252	-1.1854848
-3.574297	0.6954715	-1.0440578
-3.1193361	0.6037836	-0.23051529
-0.74041533	-0.59302783	0.53811496
-3.6914258	-0.06738716	0.10483182
-1.4808333	-0.25198662	0.67413455
-3.3752356	0.42385128	-0.40926433
-1.9480503	-0.6807045	0.4370134
-2.8584747	-0.82529795	-0.70923036
-2.0609114	-0.86804295	0.24411264
-1.3646684	-0.6796063	-0.7875148
-2.8203948	0.31108752	-1.1433227
-4.862008	0.084626615	-0.3323686
-1.5100217	0.8948636	0.06917851
-3.0813534	0.7352805	0.01477661
-0.58474493	2.379427	-0.5118956
-2.615654	2.4931986	-0.65437895
-2.2495232	1.7765485	-0.23238595
-2.6224535	1.0400015	-0.25623012
1.161427	-0.95475125	-0.10406627
-3.0098433	0.48305565	-0.13068078
-0.98792076	-0.2981654	-0.36141646
-3.7025416	0.7566868	0.55736125
-1.3222635	-0.62905824	-0.1435815
-3.6710637	-0.14490971	-0.9146665
-3.983012	-0.29628494	-1.3668654
-2.2940202	-0.5122199	-0.1395185
-0.72321963	0.07888304	-0.76255214
-2.5101771	-0.3446543	-1.5379412
-3.6833785	-1.0744979	-0.9894435
-4.7966757	1.3683532	-0.20510681
-2.968279	0.021872431	0.2766227
-2.949422	-0.9309623	-0.9691768
-1.3870039	0.1901031	0.8824879
-3.9834561	0.07835865	0.686697
1.0747724	2.0089655	0.33517867
-2.6386895	1.2199845	-0.47526968
-2.4567144	0.27971187	1.0781585
-4.1313925	1.0069209	0.20475304
-3.7850497	0.19860986	0.60220945
-2.6847017	-0.59295547	0.6374372
-3.2210546	0.5794182	0.8088983
-4.817767	-0.14126948	1.2083762
-1.2477922	-0.2089169	0.75655705
2.0702167	1.2311051	0.8891063
0.78086805	0.45103037	1.5933661
1.6545	-0.23335603	0.86041766
-0.25823045	0.04872842	2.2094047
-2.1107607	-0.28116116	-0.21527289
-4.0474167	0.00072556734	-0.057554685
0.9519501	-0.53644	0.40250254
-3.8996496	0.20754918	0.13898781
-2.2521105	-1.0211042	0.87090075
-2.4196377	0.48193145	-0.9919656
-2.1708999	0.19093083	-0.6223819
-0.8744745	-0.14049435	-0.1773929
-3.5144973	0.4239954	-0.47535998
-3.9771502	0.5257163	-1.2132783
1.9493208	-1.0956242	-1.4246706
0.22863722	-0.19172922	-1.4155327
-2.212843	-0.9435407	-1.2899643
-2.015111	-0.25851265	-1.5148141
-4.4542766	0.1721998	0.3194518
-2.3755193	-1.5265297	0.18140225
-3.2996707	-0.3696374	-0.09204942
-3.4587827	-0.34078446	-1.8211664
-0.1351049	-0.53183377	-1.8483262
-2.270718	-0.84935987	0.018874897
-3.9088721	0.13571192	0.50361466
-4.5894494	-0.7911023	0.16899449
-2.5152457	0.14068624	-1.1821209
0.47357464	1.5413709	-0.57837135
-4.3166285	-0.021493226	0.06916967
-3.763684	-0.30328825	-0.33419818
-0.75370073	-0.9120786	-1.2609401
-1.2954974	-0.4016041	-1.9810739
-2.9773164	-0.8135346	-1.2230532
-2.6627214	0.30925924	-0.17667916
-1.505527	0.6125387	0.41364372
-3.50807	-0.4700022	-0.4750523
-4.475352	0.8252679	0.5593044
-2.8749228	0.84189034	-0.111627296
-3.319439	1.1826755	-0.44488996
-3.3405287	0.6567482	-0.45187038
-3.3935547	0.02281329	-0.63948494
-2.5088978	0.73549986	-0.20182446
-4.379936	0.6109299	-0.8109074
-1.8354326	1.0913275	1.1429763
0.6529455	2.8935664	0.044268586
-4.72117	-0.39980188	-0.81416553
-4.495185	0.7886381	0.5386363
-3.290975	-0.12706992	-0.12531996
-3.3211114	-0.15975237	0.12111195
-3.5927155	0.5492779	-1.36638
-3.1916296	0.68906736	-0.9210694
-3.0687945	-0.03227493	-1.5625647
-3.0270514	-0.26638314	-0.3520437
-2.4645083	0.48093987	-1.3429687
-2.2759008	-0.6377765	-1.6820177
-2.166323	-0.5875541	-0.08807911
-1.284925	-0.0053307116	-0.7197306
-3.7110713	-0.10955235	0.57193154
-1.7875066	0.5424187	0.62137294
-4.6045485	-0.16337189	-0.015467331
-3.3634138	-1.2295256	0.3863393
1.1260204	-0.4515479	-0.38624454
-1.5720482	-0.37802222	-0.5432143
-2.8036523	-0.42137465	-0.61696374
-1.9907663	-0.7776116	0.2981878
-2.0600233	-1.037039	-0.69835484
-1.9456898	-0.124557465	0.030457538
-2.5805326	0.24528565	-0.07427419
-1.3804271	-0.47659227	-0.28304476
-0.15742517	1.2097089	-0.24711807
-3.4284194	1.7870257	-0.074098304
-0.4507904	1.9292176	-0.46810883
-0.2047844	0.5733824	-0.13440476
2.7925825	0.17013052	-1.1238142
-3.6648164	0.11402731	-0.7663695
-4.464541	0.37768596	-0.64316183
2.25975	2.4003072	0.28367883
-1.1999364	0.27799213	0.6396872
-2.026896	-0.05496052	-0.40328115
-3.5665388	0.86058986	0.2936774
-1.446224	-0.01785323	0.50423145
-2.599125	0.30797607	-0.5139863
1.0840583	1.6097467	-0.24309386
-0.7278075	1.3302917	-0.21378778
-0.5376942	-1.1912404	1.3811104
1.1887083	-0.00012615323	0.67917126
-0.77332425	0.28200802	0.7643098
-1.0121007	-0.29072866	0.93244576
-4.4256144	0.7275377	0.25143698
-4.1945744	-0.17803434	0.5638857
-3.2124727	-0.5333612	1.4581034
2.0951777	-0.868853	0.34479415
0.7898755	-0.7815013	0.38019884
-2.4034145	-0.65441084	0.53012824
-1.1674199	-0.052657366	1.1268729
-3.1756642	0.5011122	0.96499586
-2.9645116	0.017526641	1.5498743
4.7689667	0.36356923	0.3918609
-2.079804	-0.20644015	2.2367172
-1.7699447	-0.32288066	-0.40519667
-1.5680318	-0.15502718	0.6979908
-2.8041768	-0.8254218	-1.0940828
-0.3926263	-0.2506442	-0.5235912
-4.210746	0.24840952	1.2065457
-2.932845	0.58298576	-0.4691592
5.0346794	-1.2500112	0.024624128
-3.6028643	-0.76555943	-0.06288597
-3.22756	-0.024158657	0.39750504
-3.2458181	-0.01077497	0.1281756
-1.8393964	-0.6363821	0.4704008
-1.837236	0.21461606	-0.45672578
-3.0090578	0.039553806	-0.1465815
-3.1644511	1.3595444	-0.13920249
-2.8166163	-0.33558825	-0.6844222
-3.3579984	0.15198553	1.6773186
-3.559893	-0.5362743	1.6435511
-1.4890902	-0.9571359	1.1538424
-3.038701	1.0790137	-0.47558427
-2.125896	0.07529242	-0.0015250333
-2.4806538	0.9134301	-0.75081897
-3.8524902	0.58611315	-0.07425339
-0.9882417	0.39554018	0.29773247
-3.1899283	0.2305986	-0.2722671
-4.0318594	1.4153547	-1.271723
-4.3545303	0.05962716	-0.08234766
-1.5154514	0.17537475	-1.2067857
-3.6733027	0.5647137	-1.1891671
-4.267346	1.0279161	0.13962418
-0.74590564	0.8860601	0.23605317
-2.7186685	1.3306507	0.41841215
-1.7657928	0.33601332	0.23135322
-0.8102262	1.712753	0.6721155
-1.5512464	1.163318	0.039000563
-3.5147207	-0.09896773	0.14421368
-0.7610409	-0.3305911	-1.1802744
-2.946581	0.46548367	0.39626592
-2.6876066	0.96723366	0.7570367
-4.3027472	0.1486719	0.22725222
-4.183151	-0.12418544	-0.18183629
-3.0962274	0.038536176	0.26990527
-2.4438415	-0.08601841	-0.20829989
-2.3211408	0.10817392	1.1425003
-3.4719157	-1.041653	0.7266795
-3.944172	-0.32165018	0.9473402
-2.4824805	0.1020236	-0.13552868
0.32821703	-0.25037786	-0.34508067
-2.6020582	0.28600004	-1.3771038
0.64083433	-1.0060538	-1.1654608
-2.4637113	-0.43773922	-0.9179917
-0.5639236	-0.0868721	-0.2959088
-2.4156232	-0.6844566	0.51474726
-2.3130555	0.24856591	-0.38805926
-2.0208902	0.47327098	2.0093877
-1.893437	-0.15856862	1.8385965
-1.3364644	-0.009431183	0.3996647
-3.2753265	1.5170245	0.057057407
-2.8233852	-0.24057323	0.8719337
-2.8671067	0.15796328	1.4313984
-0.5885091	0.57039	-0.16977803
-2.717805	-1.1237983	-0.040175438
-0.6315477	-0.7555102	1.0189583
-2.5227232	-0.24045864	-0.88404727
-2.5224457	0.43973637	-0.91488594
-3.9385595	1.3570273	0.37014318
-0.58959556	-0.53809977	-1.3107278
-4.0672317	-0.55545187	-0.22443362
-1.2352664	0.05154048	-0.11474541
-3.4286253	0.09471701	-0.95069075
-1.4046187	0.11830968	-1.259167
-3.9452355	-0.41977146	-0.6392898
-1.9239644	-0.19604242	1.3563169
-3.4989114	-0.38418975	0.5511879
-1.6421387	0.014633894	-0.8902019
-3.000402	0.35956103	-0.530372
-0.8665664	0.02295418	-0.32017452
-1.4733014	-1.7608253	-0.5062913
2.3195133	-0.749884	-0.48394412
-2.866485	0.7043623	-0.25042182
-1.9706889	0.2894948	0.74259144
-3.1300828	0.37847474	0.03862262
-4.0515823	-0.31055704	0.36194098
-2.9555764	-0.00031149387	0.9623495
-1.6422672	0.19113548	0.33937418
-2.3721626	-0.8931732	0.55142957
-2.910171	0.14277259	0.2414834
-3.8968291	0.023381606	0.16422412
-2.1545744	-1.1616111	-0.100797415
-0.2984612	-1.0223514	0.9590429
0.43484163	0.43300885	0.69499975
0.122122765	-0.9364226	0.2690069
-3.504866	-0.01092571	-0.01925829
-1.2221613	-0.031334043	0.9343242
-2.9507122	-0.39529672	0.3873282
-2.427928	-1.0375272	0.19206907
-3.809446	-0.017100245	-0.18428987
-4.432322	-0.29315183	-0.60410595
-1.651483	-0.43829885	-0.2722473
-2.9140477	-0.4166133	0.30299336
1.1785579	-0.81377363	0.6721109
-1.5647569	-0.7318965	-0.56905615
-0.6859255	0.45822856	0.008848719
-0.8124106	-0.1578139	0.8176788
-3.0239623	0.20115726	-0.4491896
1.0368929	-1.2504686	-1.3110517
0.28452682	0.115617394	-0.9093583
0.023756504	-0.56061053	0.20943993
-0.44444537	0.6105871	-0.08449681
-2.9971135	-0.23174581	-0.05605369
1.3942666	2.0777588	-0.091462255
-3.2991502	0.45888194	-0.50038046
-1.7417186	0.97252345	0.57221305
-3.872535	-0.16115686	-0.13507463
-3.6128566	-1.0059503	0.34616762
-1.6204636	-0.46566305	-0.8859237
-2.77188	0.18995208	-0.3158853
-2.4176383	-0.05929047	-0.5273819
0.22303057	0.6848458	-0.61596364
-2.8603091	-0.23602596	-0.034666337
-2.618135	1.4830772	-0.19576527
1.4078064	0.7480897	0.7444826
1.8529034	1.1572223	0.32731903
-3.1292822	-0.20172995	-1.3045547
-4.2347503	1.4646674	-1.11458
-4.7578917	0.9518076	-0.995038
-4.7811136	0.30862674	0.083346486
-4.288128	0.8664125	0.07680117
-1.457813	-0.42523172	0.45275557
-1.347429	0.031418324	-0.14803423
-4.012524	-0.7230797	-0.22965886
-2.9806569	0.012378663	-1.0051188
-1.5096195	0.6264047	0.8606058
-3.1901522	-0.45781544	1.4148114
-3.0966177	0.022852167	1.4786981
-2.0992823	-0.1853728	0.9806652
-0.51420903	0.21890624	0.3343587
0.911613	-0.76562047	0.7017109
-5.3319397	-0.29730764	-0.06780878
2.1021104	0.30870184	1.106386
-1.9417304	0.2997486	1.2411543
-4.0768805	-0.26049897	-0.16636072
-2.6832085	-0.038948655	1.5723723
-2.1122575	0.9018532	-0.5883431
0.16765451	-0.98390996	0.20369719
-2.2484794	-0.45519784	-0.06754825
-3.2253835	-0.23907769	0.016919388
-2.8651636	-0.6329031	-0.96811706
0.2830081	-0.17579377	-0.8295678
-1.5964439	0.15114494	-0.18731052
-0.081171036	0.22974893	-0.7102774
-2.7247138	-0.5665878	-0.55257773
-1.9319804	0.3038521	-1.1333001
-2.185224	0.5789987	1.1392263
-3.7384338	0.34131444	-0.8273831
0.2528038	-0.27795413	-0.32198876
0.6969671	2.7588599	0.6083283
-0.7644353	2.762059	-0.30886483
-0.06150651	0.79586136	-0.24931122
-3.4269998	-0.5043831	-0.6928596
0.95307875	-0.6224203	0.75726116
-3.1205277	0.08508855	0.29789412
-3.1674807	0.12062556	-0.010332987
-0.6189275	-0.5695131	-1.2917753
1.8417411	-0.837374	-1.4090855
0.41608667	-0.737236	0.29056758
-2.5784016	-1.7040108	0.021332067
-1.2343256	0.5266652	-0.87260646
-2.365003	-0.29753706	-0.13287723
-4.222839	0.347704	0.15744227
-2.738144	0.60990596	-0.698944
0.5210366	-0.22180328	-0.49092197
-4.312808	0.92490935	-0.49369222
-2.4780204	-0.27340308	-0.47042543
-1.2107744	-0.010496765	-0.513964
-3.7213433	-0.15061432	-0.2434551
-1.990478	-0.6058434	-1.5339582
-2.201007	-0.54224885	-1.6619463
-1.9013447	-0.8874432	-1.089829
0.16697669	0.5887522	-0.9076657
-1.5443542	1.261562	-0.5359941
-1.5212736	-0.6231419	-0.24727713
-1.2347412	-0.48039058	0.27926415
-0.9562173	0.07011616	-0.7205199
-3.340263	0.34001553	-0.29282045
-0.5651748	-0.3672847	0.4297648
-3.1543467	0.84962213	0.5242206
-1.5320611	-0.36506358	-0.887362
0.020434618	0.48767024	2.76463
0.3165512	0.80880415	-0.0012103207
-3.799643	0.25100482	-0.30082905
-1.8291777	0.51985073	-0.26085788
-1.9139329	0.61278206	0.08044998
0.68147326	0.12001529	0.20848551
-4.0501146	0.7670678	-0.14419681
1.414825	0.35517022	1.0864514
-1.231467	-0.03604111	-0.06695751
0.026603937	-0.22228333	-0.06605949
-4.5760403	0.1343239	-0.1516174
-2.6291342	-0.032303184	0.4750771
-4.1078506	0.4089018	-0.37685448
-0.89201975	0.004631594	-0.5127061
-3.3649638	-0.02877435	-0.84614265
-0.77101254	0.12596607	-0.19758935
-2.4145532	1.8438964	-0.66931826
-0.7649441	0.6384874	-0.7023852
-2.4507203	0.50542855	-1.5133121
-3.0834095	1.1821629	-0.7224733
-3.5870707	-0.2903159	-0.13820586
-1.1051393	-0.9873549	-0.82021004
-3.4271865	-0.5210947	1.8963445
0.7222619	1.9484355	0.040120084
-1.8799506	0.47364938	1.0090731
-1.5981188	-0.78297913	1.8168292
-2.0175467	0.07612598	1.2809547
-4.0375853	-0.07664767	1.4499308
-1.924626	-0.033304244	0.65968347
-4.740893	-0.17993191	0.3493774
2.2683496	-0.7981068	1.0186645
-2.7938962	0.10138987	1.2320157
2.074565	0.20283593	0.059863698
2.8510423	1.0034999	0.51803726
-0.1358006	1.0610167	1.7603623
-2.6734495	0.10250397	0.8067035
0.57260895	-0.34472075	0.347323
0.422575	0.021095425	-0.56717825
-3.1452122	0.7162347	1.8322788
-1.1201732	0.84299076	0.74528706
0.89296865	-0.9465045	1.2512994
0.044071674	0.570866	-1.1363239
-3.0737991	-0.4874945	-1.1920505
-0.35313416	-0.63824856	-0.46156806
-2.6468582	-0.048637718	-0.6981068
-4.246906	-0.36847892	-0.44654948
-1.9329212	-0.103556514	-0.6057327
-2.966818	0.1905001	-0.48430437
-4.467984	-0.1796883	1.1210389
-1.7403702	-1.1651981	0.29151234
-2.2072763	0.06797683	0.21712248
-3.3232343	-0.5001472	1.6184722
-2.7506933	0.29841286	0.50268567
-1.1383135	0.44311678	-1.445885
1.9054332	1.6012949	-0.05637443
-0.15896106	1.2798277	-0.12711127
-2.8271706	-0.7969452	-1.1647422
-3.8855317	1.1904702	-0.4442613
-1.5405111	0.5326867	1.2858273
0.3986678	1.1597009	0.8222067
-3.6951578	0.68460846	-0.3399667
-3.2737377	-0.1611309	-0.65246964
-1.7497272	-0.020754993	-1.0311852
-1.2363129	0.34393856	-0.0967868
-3.7458336	0.8587346	-0.97981876
-2.424006	-0.71716976	0.07322227
-3.4946597	1.7650211	-1.2879485
-2.8893595	0.79585516	1.2147682
-3.8467674	0.20589213	-1.0207257
-1.8790644	0.5786126	-0.2665857
1.0991716	-0.22619587	0.19471015
0.19977307	0.15685323	0.18436857
-2.4861848	0.120219976	-0.40359944
-0.81071496	0.83181095	-0.22652839
0.72371817	0.6181356	-0.5124138
-2.6125174	-0.0020716786	0.28086054
-1.9715511	0.39183384	-0.65976334
-2.6324525	-0.31784984	-0.7296184
-2.9583902	-0.80787134	-1.746588
-3.4341416	-0.8982185	0.069300294
1.2488184	-0.19117618	-1.5699177
0.10141349	-1.2190336	-0.46909273
-2.8535979	-0.20949066	-0.48442084
-2.5988164	0.02271095	-0.73329514
-0.37170887	-1.4488429	0.17429343
-1.3598895	0.08030702	-1.0568025
-3.1186814	0.4936163	-0.4113385
-2.5356302	0.42828193	0.2692284
-2.9880862	0.71015537	-0.22066452
-1.81664	0.023739964	0.77809715
-2.9357407	-0.36104003	-0.07596119
-2.138195	-0.5723138	1.0097843
0.6750207	-0.31208363	-0.58254075
-0.7043941	-0.3027356	-0.2184657
-3.736596	0.26028717	-0.74775326
0.8617015	-0.48764643	-0.65162176
0.062530756	-0.39476034	-0.8706869
-3.682789	-0.44066688	0.6031478
-0.07916999	0.31614035	-0.3930499
-3.0425072	0.565796	1.2613325
-1.2313135	-0.07350814	0.55415875
-1.4952726	0.6117734	0.80369383
-2.9800694	-0.36548778	0.49991328
-3.9553914	0.953953	-0.99718326
-1.0197024	0.1586566	0.7940318
3.3114147	0.120061025	0.4647839
-2.7966714	-0.27469453	-0.9537334
-2.3898928	-0.30866018	0.29957646
-1.5352056	-0.17617264	-0.15573801
-4.1777663	-0.40220866	-0.40970045
-3.6619344	0.4172163	-0.43925887
-2.3871927	-0.041996628	0.31351125
0.44267273	-0.59304297	-0.6564048
-3.15943	0.7159629	-0.76618814
-0.88910294	0.5540165	-1.1001
-3.3985856	-0.5333122	-0.62997884
-2.3728807	0.46606603	-1.4963205
-3.5364075	0.92226684	-0.4063316
-3.6895	0.19997028	0.57509923
-1.0244672	0.33008832	1.3612133
0.05002141	-1.0543833	1.2302887
-2.785013	0.7112843	1.1274854
-1.3803136	1.2852293	0.59348136
0.25128174	0.5943375	0.5146343
-1.3032322	0.57948697	1.7476631
-3.2630477	0.16806291	0.3554743
-0.39762163	-1.0454868	1.2070723
-0.3490088	-0.06581232	0.5459298
-1.4678104	0.29571778	1.925066
-2.3416586	-0.774719	0.116501935
0.22638965	0.8100172	-0.09265597
-2.5819101	0.07530795	0.7031872
-1.1507082	0.26919895	0.78535813
-2.301544	-0.22043437	0.6057938
-0.5355842	0.4751751	1.3587921
-2.6876326	0.8303044	0.7892604
-0.48495555	0.021624193	0.7501929
-0.955842	-0.4030886	0.35830206
0.78757286	0.8522599	1.0065206
-0.8310065	1.0429301	-0.6135156
-2.031305	-0.37634382	-1.881707
-0.30948353	-0.04738283	-1.3143876
0.2118094	-0.63412	-1.6164103
-3.3810222	0.85565305	-0.27289963
-2.9731708	0.4415866	-0.32123494
-3.2645187	0.7253282	-1.5665509
-0.70850015	-0.8217143	-0.15494832
0.018667936	-0.36653903	-1.5303277
-1.4642055	-1.7216462	-0.6421063
-0.9034791	-1.4477134	-0.07483983
-0.3387587	-0.806303	-0.85076827
-3.473227	0.24012877	-1.1459123
-0.544739	2.0239904	0.08023403
0.66818047	1.1121207	0.6406599
0.548347	0.6613599	0.5555772
0.015249729	0.55055684	-0.350654
-3.1863155	0.3228084	-0.21300565
-0.57006454	-0.28395715	0.70563424
-1.5659521	0.8319888	-0.15565224
-0.2793255	0.028891444	-0.45260155
-2.2676349	-0.98682404	-0.036330663
-4.577728	-0.20982069	-0.7420401
1.1759148	-0.855916	-0.72259134
1.2081432	2.4739933	-0.05882152
1.6099682	-0.078298986	0.627847
0.8879695	-0.7284715	-0.03999126
-3.379106	0.34998965	-1.0495673
-1.5484438	0.7688087	-0.25779986
-2.9292812	-0.17774165	-0.5462149
-0.8672421	0.09141235	-0.45464152
1.7682633	1.1515954	-0.25734013
-3.7271094	0.12452148	-1.1247771
-1.9827981	0.0021559298	-0.9910496
-0.4023974	0.68357635	-1.1596917
-2.2589505	-0.8429142	-0.58463734
-1.0439544	0.17269012	-0.70022684
-0.70802164	1.2859094	-1.7902958
-3.2519825	1.9796541	1.0206482
0.1701324	-0.6829808	-0.58503383
2.7699752	-0.019404203	-0.35722637
-0.7586162	-0.87317324	-2.0163128
2.2743344	-0.16809791	-0.015563473
-1.5251625	0.23470132	-0.6014911
-0.96306944	0.29147634	0.7396359
-0.5489967	-1.1195695	1.4614358
-1.8668157	-0.64573705	0.36232543
-3.1750832	0.5034158	0.97613895
0.8568516	-0.790225	1.5316826
-3.2184494	-0.7333261	1.4607741
-0.27173018	-0.4632977	1.3472147
-1.1406643	0.33680776	-0.13991271
1.4516206	1.2006704	0.2310197
-2.9864793	-0.7901838	-1.1194865
-3.5028403	-0.40282127	-0.61909115
-1.7988863	0.7091309	-0.6140884
-2.5516815	-0.42128947	0.05864114
-3.657906	0.5638278	-1.5077852
1.8525229	-0.25182518	0.17029063
-1.9501109	0.050730556	-0.6194461
-1.1137743	0.20490322	-0.61500436
0.7805934	-0.25403285	-0.35054433
0.30584097	2.4134624	-0.91057706
-1.1857636	2.2392251	0.8049578
-3.7617867	0.44900662	0.97347564
-3.1312666	-0.4644731	1.0165676
-2.5912657	-0.9736798	0.402705
-2.863145	-0.12541717	1.0533961
-2.329484	0.6647568	1.9021521
-2.6459653	0.116940245	1.4125996
-2.2093928	0.34025034	0.67622286
-2.7382898	0.18298347	1.7395705
-4.8086686	0.2463762	-0.32193333
-3.6610796	0.16055597	0.8033823
-1.0505822	0.10424888	1.2169733
-2.4074087	0.50619245	1.0520175
-2.4230218	-0.008161545	0.7293094
-0.037347317	-0.41248867	-1.0515561
-3.4412668	-0.19731352	-1.000195
-1.3345165	-0.16153169	-2.080419
-0.96283937	-0.51184773	-0.06826788
-2.3021264	-0.22274369	1.4272563
0.3542776	-0.3543543	-0.77491736
-1.8815497	-1.30855	0.27447122
-3.287901	-0.5153365	-0.54203516
0.7682967	-0.5425141	-1.0080266
-2.758209	0.24716952	-0.1525031
2.4480672	0.43765873	-0.0789819
-2.8342056	-0.25193468	0.5894623
-2.9568195	0.4082464	0.056044787
-2.7695222	-0.8153287	-0.13329098
-3.9592195	-0.21835953	0.5410944
-2.990198	-0.3643277	0.28694364
-2.3587635	0.45245665	-0.26912886
-0.4837296	0.4200968	0.113585405
-0.44720817	0.32934162	0.18728364
-0.22579288	0.7831595	-0.08870776
-2.47615	-1.1332207	0.6137989
0.8707533	1.7941737	0.54043794
0.6412425	0.7915374	-0.13773446
0.96719456	1.3545959	-0.096028686
-2.896439	0.048629493	-0.6036445
0.70949125	-0.10868886	0.4362951
-0.87844634	-0.49449673	1.017645
-3.3740792	-0.009550691	0.7398015
-2.707006	-0.9471781	0.06888427
0.7488518	0.5496859	0.14354524
0.33317518	-0.2996752	-0.061948217
-0.85014606	0.6398309	0.9324639
-3.450472	-0.6312741	0.20424423
-2.091043	0.084280744	-0.49917114
-0.232476	-0.7096176	-0.30137187
0.5179267	0.6241412	-0.5992223
-0.51857877	-0.18633538	0.42488378
-1.5444965	-0.5114504	-0.3625368
0.057052374	-1.5171686	0.041821543
-2.3953161	-0.12100831	1.3601286
-1.8118702	0.8406724	0.41234535
-2.6600542	-1.0872446	0.21104375
-0.051867247	-0.40362242	-1.6883667
-0.2571106	0.21495295	-0.06723209
1.1748385	0.06466395	0.45710325
-3.0930915	-0.21558431	-0.14709271
-2.4611788	-0.0005707145	-1.0835595
-1.4601362	-0.44383833	-0.733356
-1.2382851	-0.98845136	-0.55340296
-1.2505028	-0.14824116	-2.0075235
1.4017587	-0.9694791	-1.8564882
-2.9893432	-0.6343063	-1.1699635
-2.8871477	-0.47827336	-1.0452497
0.30406332	-0.1647844	0.8447664
-2.7271087	-0.42046705	-0.4301628
-1.6041489	-0.3910993	0.12895027
-0.39707017	-0.4958041	1.1579095
0.5466051	-0.46421543	0.4530022
-1.9807411	0.049146146	-0.81761116
-3.9324043	0.17682278	1.2838206
-2.1466026	-0.8474083	1.4463434
-1.061701	-0.39858773	2.031878
-0.8469527	-0.9774598	0.2683642
-3.286457	0.24827906	0.95501244
-0.90291905	-0.33912262	1.8292983
-2.025282	0.9836962	-0.1340571
-2.4389014	-0.1048443	-0.38502872
-2.7461705	-0.028267711	-0.10117306
0.4393363	0.11859524	0.42584503
-2.7210512	-0.19136596	-2.0697405
-3.138089	-0.65743554	-0.6517925
-2.551403	0.37349436	-0.86427647
2.1663084	-1.5651937	-1.2962455
-2.9620633	-1.4344652	-0.033896156
-1.0604451	0.21845862	0.7940598
1.1978698	-0.09852442	0.750898
-1.3055844	-0.6360239	0.5236983
-3.1109545	-0.6443255	-1.3097249
1.0572362	-0.88206685	-0.5987517
-2.2526526	-0.13858837	-1.2181416
0.65300226	-0.8680171	-1.2514255
0.41338587	0.07348378	-0.53944665
-1.7694216	-1.0188925	-0.66066337
-1.3779442	0.18335792	-0.7666218
-1.3191826	-0.95112836	0.14047599
0.08979106	0.0013860464	-0.94208544
0.025470018	0.44256482	1.072217
-0.94508576	0.22276863	0.96530247
-0.2518897	-0.7966602	1.0938663
-2.4856088	0.29608327	0.7989607
-1.2780771	2.0037754	0.1865612
1.0118961	2.3061848	0.53719115
-0.81511974	2.2862716	0.67191756
-0.74272776	-0.6603637	-0.16053481
-1.7186384	0.47397816	-0.33007067
-1.8309135	-0.034398794	0.59896857
-3.3915575	-0.562425	-0.9959964
-0.11279225	0.38591346	0.43077242
-2.6002243	0.26038468	-0.9891035
-0.8619528	-0.15783015	0.058505557
-3.7075427	0.79743147	-0.2268569
-3.627247	0.04410526	-0.07393677
-3.7453218	-0.19797334	0.64805764
-1.7404209	0.0018227994	-1.2871864
-2.6783552	0.2906132	0.8042317
-0.678107	-0.2427494	-0.9027977
-4.142898	-0.2930282	0.16710365
-2.8720765	0.84059393	-0.58286333
-0.117069244	-0.13658535	0.34933823
-1.0525823	0.4532022	-1.1374785
-2.4695883	-0.4444814	0.62087166
1.5196671	0.7381498	0.3769138
-2.402527	-0.6461067	1.3251929
-3.6128452	0.11966524	0.677217
-0.9916692	0.254063	1.1540803
0.3275342	1.9406356	-0.80721784
-4.5530143	0.48279744	0.35232294
-1.9818997	-0.17310852	-0.90871763
-2.1780107	0.7167664	-0.6444438
1.9872227	1.7485584	0.43114787
-0.28762388	-0.30709252	-1.4235959
-2.2958703	0.85471904	-0.40742195
1.0289159	1.0022984	0.16592368
0.18513298	-1.1415968	-0.017526262
-2.949251	0.20387903	0.29749477
-4.5744853	-0.004432395	0.38353175
-4.405002	0.12879756	0.16514114
-3.2047105	0.4063917	0.6612741
-1.0716932	-0.27804497	-0.46463555
0.15718436	-0.55237794	1.2221122
-1.3026102	0.25164747	1.721545
-2.4916768	-0.71550095	1.6113507
-2.9058266	-0.055162966	-0.003950026
-0.752408	-0.8241124	-0.23349674
0.78630924	-0.4618514	-0.6319195
0.88998604	-0.726776	-0.1894541
-2.3162308	0.31183568	1.1726903
-4.127613	-0.104952335	0.5594638
0.884377	-0.59180784	-0.8342359
-2.9474626	0.66991603	-0.3300392
-1.7662193	0.2920277	-1.3092971
-0.25646353	0.6653042	-1.9215102
0.6307616	-0.07855922	-0.22602616
0.22161841	0.4348896	0.70151395
-2.9861667	-0.1717202	1.2628902
2.3913097	0.30561918	0.9763961
-1.04286	0.6294559	0.7667971
1.3537459	1.6616035	0.42154133
0.5737295	0.7749393	-0.41568923
-4.6239414	0.05495952	-0.4735272
-1.3517272	0.52547383	-0.02849938
-0.72588396	-0.3963329	-0.2204733
0.06654191	0.4859326	1.0067153
-2.6699524	-0.43142095	-0.17125122
0.21918893	-0.55874145	1.1541175
-0.537925	-0.15398103	0.33470255
-2.8535068	-0.12467602	0.7972219
-2.6905913	-0.3752667	1.4361339
-0.88396144	0.19666702	-0.061409548
1.9101577	1.5130031	-0.14623769
-1.9804736	1.5610893	0.2006377
-1.6464102	-0.2857276	-0.049203686
-0.93827486	-0.7605655	0.006145306
-3.3963075	0.2804938	-0.55390066
0.23915362	-0.300239	-0.28151172
0.41437674	-0.41465995	0.060678247
-2.8190484	0.2605528	1.0121365
-1.8535726	-0.7777208	-0.053640015
-0.06879425	-0.116790205	0.12618448
-0.8263979	0.6268463	-0.75375515
-2.827049	-0.41082165	0.30455035
0.6549201	-0.76158834	0.5661097
-2.8412306	-0.74413157	-0.12964244
1.9449186	-0.12697679	0.9662765
-1.4595854	2.791942	0.058934003
2.4580393	1.0944377	0.30899513
0.50775385	1.3502127	-0.78159493
2.235096	-0.5430081	-0.3014676
0.3739314	0.8600069	1.6358864
-1.2278464	2.0412478	-0.3937747
-2.290148	0.12962794	-0.995055
-2.6474915	-0.7636653	-0.36997813
1.554306	-0.62787616	-0.56696814
-1.7879865	-0.29312214	-0.89967704
-2.6442657	-1.2733623	-1.0784138
-0.26637864	-0.45275018	-0.72323036
0.3996091	-1.0751613	0.5628866
0.6546149	0.49444705	0.9370857
-2.062872	-0.27205005	-1.4546669
-3.9559739	1.3740075	0.30342025
-2.1692638	-0.33635393	-1.3925891
-2.6062922	-0.12616807	-0.4720161
-1.3908587	0.70808995	-0.2600695
-4.362718	-0.25091067	-0.6195765
-3.156479	-0.18208304	-0.101570845
-2.400137	-1.122373	-0.6059178
-1.147455	-0.037983954	-0.72077006
1.6850891	-0.60430574	-0.54145783
-3.0099077	-0.19511265	-0.3522613
-1.7319691	0.36931044	-0.21311982
-2.377204	0.16505437	1.2118396
-1.8156326	0.57709	-0.82635367
-3.2736375	-0.75777507	-0.67752564
0.46699333	0.4251905	-0.30280435
-1.0735734	0.115124226	0.03965663
0.18773532	-0.24887738	-0.2761395
-3.9721498	0.48671532	-0.6677777
-2.7987814	0.45653278	1.0540779
-2.8560185	0.09661077	1.1459181
-2.8200614	0.31880617	1.0594411
-2.2563217	0.08396827	1.1584224
-2.9408197	0.53257036	0.82483625
-2.6571054	0.16301823	1.0735202
-1.2917404	0.114171505	0.97216207
-0.8520453	-0.6303134	0.83150995
0.6227498	0.52667403	0.19546019
-1.9288844	0.083076626	-0.83428854
-1.0604143	0.47038537	-0.111410186
-2.7699027	0.28371558	0.00791394
-3.1463625	-0.18748629	0.36710036
-1.6745839	-0.654318	-1.1195079
-2.9162073	-0.34642032	-0.42697477
-3.9032016	0.48069495	0.03196561
0.19764733	2.2530222	-0.05155024
-2.573975	0.23015773	-0.38569212
-4.3269386	0.040622786	-0.22243716
0.38075924	-0.6710644	0.092992015
-3.3575914	0.38851687	-0.7123504
-2.1919594	1.0694034	0.08223085
0.34215212	-1.3031207	0.38903916
1.4597712	0.14477527	-1.2740222
-0.3248489	-0.74084675	0.4134922
0.69727707	0.22316274	-0.81633955
-0.839828	0.44044337	0.6870968
-1.1934593	0.6708919	1.5712963
0.39733505	0.10757333	-0.43338323
-3.7710285	0.33474967	-0.3181095
-1.5729191	-1.2987473	-0.74495
0.16002512	-0.1545127	1.1353697
-0.9615238	2.7009475	-0.864044
-4.137019	0.41223472	-0.1052383
-1.6777079	0.6148412	0.6031696
-3.1248202	0.24308056	0.40377754
0.6726556	0.08690852	-0.7912199
-3.349295	-0.28799942	0.011381477
-0.89106655	0.08673325	-0.37830102
-0.017632246	0.29697123	-1.4938996
-3.071918	0.7018697	-0.07583797
-2.4767404	-0.8258034	0.9207535
-3.471952	-0.5186266	0.9985294
-1.1204381	-0.07636064	-0.3251953
-1.7546402	-0.51037014	-0.23923232
-1.1967394	-0.31034806	0.12384447
-0.843529	-0.31543222	0.6514111
-0.35934687	-0.25799033	-1.057576
-2.3645892	0.08845161	-0.60023326
1.615583	1.9639996	-0.61651015
0.69068336	1.477901	0.4154504
-3.5727503	-0.0796558	-0.04056927
0.5629287	0.47935456	-1.2290596
-0.055126667	1.0004941	1.0102264
-0.9407666	-0.57973015	-0.34326714
-0.13878298	0.16832152	-1.221899
-1.7509453	-1.0408332	-1.034542
-2.3752117	-0.4666488	-0.18508841
0.37612438	-1.0623348	1.2831447
-0.9224	0.0203083	0.77659583
1.6360207	2.4120517	-0.020345777
-0.112894535	2.886239	-0.82049817
-0.50081205	1.8823369	-0.4315921
0.4869995	-0.16436517	0.16295889
-2.3103852	-0.5047231	-1.1594608
-0.84772086	-0.10604191	-1.1988989
-2.3373914	-0.819486	-1.1045078
-2.8226	-0.35042754	-0.36605173
-1.2347746	-0.65150166	0.7511883
-2.453238	-0.51028514	1.5004433
0.39143515	0.6650713	-0.6856128
-2.2016702	-0.23662564	0.36712366
-0.779109	0.003164813	-1.0070132
-0.39764714	0.54122794	-0.14820664
-1.2671003	1.5461825	-0.93455315
-2.2074509	0.46355766	-0.17631356
-1.6484911	1.0730782	0.10035165
0.1371429	1.2079437	0.61024576
-0.016371489	1.0035114	0.21754442
-2.782547	1.4142485	0.037148558
0.035043	0.30876347	0.16584224
-1.3610854	-0.7531916	-0.78998727
-1.355654	-0.7963294	-0.45469838
-2.3674145	-0.9537493	-0.11130723
-1.9616268	0.30541548	-1.0174541
0.14357758	-0.19214475	-0.06255873
-0.73706985	-0.8110101	1.2172569
-0.6361823	0.30396456	0.7324002
-0.9045017	0.23515534	0.07100667
-0.87449574	-0.5097915	0.17932034
-0.5820098	1.8366971	0.12535702
-0.81458545	0.267051	0.70756096
2.5904226	0.6027075	-0.64561665
-3.5849726	0.8063415	-0.32722288
0.13220477	0.013544291	0.2969461
-2.436767	0.2997344	0.06316699
-1.8783427	-0.614751	-0.9470522
-2.9002886	-0.5356327	-1.2656834
-0.95461583	0.36902636	-0.59604007
-3.0617273	-1.2042273	0.40623212
0.08384085	-0.0099494755	-0.83915764
-1.3790395	-1.2555916	-0.22624286
-1.3640125	1.1912515	-0.20310564
-1.2526026	-0.006111175	-0.48926342
-3.695473	0.20111221	-0.21733598
-3.7004583	1.1443746	0.37614912
-1.6056089	1.7291101	-0.28456116
-3.1576638	-0.55933475	0.7040954
-0.7529583	0.31490153	-0.13897055
0.33252335	-0.18642092	0.4507723
-2.7133646	-0.08622122	1.2314453
-2.6221278	0.8221748	-0.1578792
1.008935	0.10538256	-0.11825667
-1.8731666	0.24084727	0.12949613
-1.9017912	1.8866194	0.08780821
0.4813962	1.248727	-0.6040977
-2.6685145	0.982406	0.040963974
-3.499299	0.5148633	-0.5523636
-2.6580358	0.07505219	-1.5679923
1.0544639	0.40753007	-1.1080848
-1.9670664	0.11091709	-1.47069
-0.2075479	1.9364619	-0.05173154
-3.0373445	0.88992584	-1.2036264
-0.6507449	-0.02874899	-0.39455992
-0.4930339	0.5442828	-0.7548219
-2.399286	0.8706821	-1.335261
-3.2129023	0.5888356	0.7422174
-2.789229	0.30415633	1.2566448
-2.6400537	0.17054364	1.1125408
-2.8994064	0.259147	0.994332
-1.5793273	-0.1300354	1.2527821
0.32568216	-1.3058105	-1.9168959
0.79835415	-0.56645656	-0.19126336
-2.9818218	-0.021089375	-0.35784858
-0.26486254	0.20468137	-1.4544482
0.2672391	0.09159733	-1.1249992
-1.996573	0.99150586	-0.67227
-1.8444793	0.694955	-0.19014254
-1.5321858	0.27798927	-1.3818847
-2.7299638	-0.22905573	-0.12608838
-3.0215585	-0.18971106	-1.0166196
1.0919037	-0.45090935	-1.1582073
-2.1059723	0.17622727	-1.3688936
-0.8313849	0.17594029	0.1457883
-3.1690571	-0.0015692115	1.0566841
-2.088375	-0.3785065	2.1644459
-2.4025486	0.401463	0.46328884
-2.6246955	1.1523737	0.5078562
-2.8872137	-0.5726571	-0.9696943
2.0313473	-0.25449225	-0.6635949
-3.657606	0.7899835	-0.52148914
-0.31383038	-0.6596439	-1.1185391
-1.3339348	-0.27007028	-1.1653496
-1.0478058	-0.5666598	0.9973178
-0.06511545	-0.4889535	-0.86115324
0.29356813	1.0823855	1.0202444
-3.489944	-0.03776148	0.37977535
-2.0647752	-0.30124554	0.11272218
-0.66327024	-0.9700149	-0.7923142
-1.7448107	0.04126519	0.24614342
-2.5727491	-0.72912574	-0.35903144
0.11669898	-0.80196416	1.535692
-1.026582	-0.8110732	0.15356901
-1.4149725	0.25218415	0.7649017
-1.9555776	0.09135899	-0.38741535
1.4679594	1.9759372	0.79857934
-1.5032437	0.008450642	0.027637418
-0.075191736	0.60067546	-1.3330585
-4.232994	-0.6746551	-0.7554919
-0.9197686	-0.2281946	-0.5389439
2.049325	-0.42117813	0.12169636
2.8051662	0.6573268	-0.21298726
-2.3078039	-0.040975213	-0.8043179
-4.226843	0.03688985	-0.37886792
-1.9626731	-0.12041244	-0.64315575
1.4181647	-0.19921866	-1.0952468
-2.989339	0.14284122	0.31031686
0.8468814	-0.14495343	-0.3485089
0.19034624	-0.044593096	0.5028462
0.4109664	0.055787653	-1.2738152
-1.8002532	-1.1589907	-1.2534652
0.5603032	-0.74061954	-0.059272446
0.43600845	-0.07077932	-0.1395715
-3.012401	-0.75349796	-0.043523453
-2.4731834	-0.39733228	-0.20107697
0.8807173	-0.80783427	-0.9799407
-0.38768244	2.534795	-0.53211683
-3.5404336	1.0454171	-0.23538731
-1.1548531	-0.50510705	-1.1524984
0.2780862	-0.34211978	-0.16932571
-2.566022	-0.52291775	-1.7217144
-0.32907152	-1.7588459	-1.3801005
-0.39025903	-1.0906413	-0.9785026
-1.1541891	-0.32503715	1.6972934
2.2734556	-0.09497693	-0.48591238
-2.741595	-0.17873445	-0.87611264
-1.4004107	-0.749714	-0.3104787
2.7993097	-0.58427477	0.07080282
-1.5626945	-0.68187034	-0.0057171136
-0.0049083233	0.4388911	-1.0135889
-0.22914815	-0.49399766	-2.1309485
-1.1665182	0.60200727	-1.8257333
-1.8063103	-1.0308154	-0.681049
-2.543285	-0.23726845	-0.38778055
-2.1736784	0.3476893	-0.9196861
-2.0869474	-0.39909145	-0.5992735
-3.6404204	-0.55164874	-0.8334585
-0.62727594	-0.6435617	-1.0071096
-0.095901966	-0.8876238	-0.28773677
0.0271945	-0.056966633	-0.7762006
0.66647196	0.0014038384	-0.11416301
-1.5851364	1.6756071	0.12750193
-0.6065831	1.3375078	-0.13969024
-1.5943677	0.23545186	1.2431097
1.7065783	0.7552943	0.80826205
0.0034132004	-0.33387944	1.0262424
0.21501708	0.4511404	0.81686723
-3.0401614	0.5070714	-0.27681464
1.3151236	0.37808907	-0.6306237
-1.6556971	0.9384303	-0.01728851
0.44534492	1.0769687	0.935405
-2.4673724	-0.19120458	0.21933506
-2.343173	0.2541961	-0.16030057
-2.282916	0.71573937	-1.1198685
0.18919683	0.082275644	0.8664659
-1.1241789	0.19472441	1.1348903
-3.0780058	-1.0955281	1.10075
-0.502682	0.20372042	-0.09486398
-1.3207562	-0.40281835	-0.61497337
-4.4748383	-0.5652553	-0.579422
-1.0256953	-0.14024827	-0.51297605
2.484949	0.4528038	0.49241072
-2.1052704	0.054517984	-0.7020857
-3.0982664	0.5280633	0.80839455
-3.5784929	0.95192134	-0.3927093
-2.0060883	0.7298136	-1.6144229
0.5606961	-0.62888896	-0.7795346
-1.0251012	-0.3063865	-0.61569583
-3.5152192	0.18091944	0.5308078
-0.28863955	0.25857598	0.050906163
2.1503334	-0.38649234	0.43068898
-0.86060286	0.6575378	-0.49454618
0.8412242	0.2855018	-0.99821454
0.99932957	-0.15555042	-0.72675824
-1.180788	0.015743226	0.07121758
-3.082547	-1.3152652	0.2911532
0.91174555	-1.1909236	-0.13063753
1.2257724	-0.3788238	-0.86105514
-0.39550304	0.44808966	0.021734774
-4.0224786	0.17893541	0.89613086
-2.176807	0.38263243	0.029003581
1.149137	0.5946322	0.5425655
0.30755234	0.19274583	0.12524098
-2.51095	1.0794667	-0.31086278
-0.51314783	0.10201442	0.06444764
-1.6985462	0.31063223	-0.3541484
-2.0317292	-0.084442586	1.0645181
0.13645887	-0.60779417	0.2885771
6.3250046	-0.41185907	-0.6652918
-2.0719976	0.33085424	1.1241844
-3.244687	-0.7469535	0.10694343
-1.4477143	0.22810565	1.1579821
0.044385433	-0.5109618	1.2790414
0.5690136	0.115207836	0.9856834
-0.36182714	0.94232845	1.5161645
-2.224453	0.66664636	0.7627783
-0.9134865	-0.5318583	1.7714365
2.4070425	-0.09113693	0.69063956
-0.010575771	1.7458888	-0.006024454
-0.78768873	-0.68709874	0.88985705
-0.20715022	0.024943292	1.841349
-3.7336102	-0.9513415	1.0226403
-0.921716	-0.5435327	2.2119324
-2.2680383	-0.40088078	1.8387212
-0.72158456	-1.1365983	1.3363924
3.0861554	-0.01088196	-0.8643322
1.1067829	-0.7514541	-0.50276184
-0.18014789	-0.5689515	0.12308665
-3.5464969	0.25118074	0.34000254
-0.4654479	-0.026675135	-1.5290886
-0.1830957	-1.2969347	-1.2658455
-2.248174	-0.17983341	-0.5651698
-0.93294144	0.18360008	-0.76972497
-0.21691155	-0.7043632	-1.4662337
-1.5529342	0.7798054	0.36394268
-3.2923791	-0.44509068	-1.0810333
-2.0886493	0.4512685	1.3632007
-0.78919554	-0.38849834	0.9450107
-2.2134323	0.050351843	0.8182715
-0.10317898	-0.39554456	0.38822794
-3.5400226	0.72823393	-0.6196945
-2.17688	-0.117500275	-0.019423783
-1.8883786	0.35286534	0.18456806
-1.8393252	1.1013154	0.4160694
-3.1289463	0.573968	-0.6550847
0.7343826	-0.6646999	0.6538395
-1.9526225	0.15312667	1.0481939
-0.9014642	-0.7092079	0.7516922
-3.1691284	-0.18262964	1.6506633
-2.5645638	-0.93471956	0.46826547
-0.8202486	-0.7290709	0.8098231
-0.55546045	-0.56339836	0.09791964
-2.582735	-0.89311326	-0.0155421235
-3.7219641	0.042877942	-0.31334066
-0.64894176	-1.7036703	0.382564
-1.267668	0.059029475	0.6848718
-3.2668743	-0.5791062	0.16438884
-0.74069285	-0.09285292	0.25390345
-0.8109584	0.14324555	-0.45751822
-2.1955695	1.3790959	-0.5466547
1.0488768	2.0919726	-0.24360822
0.20894408	1.4344442	0.9269298
0.7162342	0.686561	0.6633532
-1.0430393	-0.78882456	1.029451
-1.1444345	-0.551159	-1.1366906
-2.588545	-0.2992594	0.99696136
-0.42938328	1.4056121	-0.8622537
0.65667534	-0.5230386	0.20919284
-0.3133707	-1.4853346	-0.654444
-2.1404853	-0.23768559	-0.19503884
-2.021683	0.7516409	-0.78501487
-1.6079459	-0.2396743	-0.25915343
-2.930017	-0.1702384	-0.32425702
-2.9237545	-0.20798448	0.14158005
-2.8640347	-0.37561843	-0.70567715
-2.6787367	-0.36766204	-0.5313358
-3.1811	0.18769714	-0.8850199
-0.111172915	-0.6394681	-0.6804265
0.6274848	-0.58170164	-0.3525201
0.40153503	-0.64993906	0.0639093
-3.4974895	0.07719919	-0.95045847
-3.1153731	-0.16252503	-0.30704623
1.0934439	1.2961277	0.06544805
-3.2642105	0.76369846	0.68048537
0.22377086	0.7779218	0.43835813
-1.0589213	-0.3213183	1.163566
1.4299917	-0.38778892	0.8740225
-0.7616377	-1.1698105	-1.0860548
0.7324791	-1.1193831	-1.6724311
1.0532422	-0.43035683	-1.6114341
1.684792	-0.4613814	-0.6331753
-2.944049	0.24017282	0.20219031
0.6276798	2.7448084	0.9447004
1.7068701	1.2792382	0.30215955
-3.2434077	0.68501496	-0.30479723
-0.691597	0.0151696205	-1.2496766
-1.7174957	0.12798846	0.009489648
-3.9396865	-0.50233054	-0.33473456
-2.1662495	1.0537406	1.1346605
-1.089783	1.9583198	1.0693451
-0.2026527	1.4984138	-0.2192776
-3.239418	-0.3696852	1.455019
-1.3980782	0.0038405657	2.0985632
-2.623527	-0.017501801	1.4011072
0.27218246	-0.9802499	1.5597005
1.8639126	1.7318774	-0.13507894
-2.7143464	0.34318817	0.8661934
1.0735431	-0.27441654	1.4976996
-0.22943711	-0.17105296	1.2758809
0.56205416	-0.5019231	1.2520286
-0.13614917	-0.32661018	0.8436817
-3.2290688	0.18795873	1.5259635
-2.4270487	-0.66497254	-0.36096203
-0.87176394	-1.5545783	-0.13771603
-0.47129035	-0.38743624	-0.33886814
-2.3085895	0.9076631	-0.4166367
-0.77178764	0.3478046	0.26064458
-2.2104025	0.19071324	0.35254037
1.7102184	2.2729132	0.0329188
-1.7633109	0.46776885	0.42795688
-3.1580045	-0.66200364	-0.014253821
0.46011734	0.32511508	-0.797729
-1.6892338	0.5880155	-0.06962111
-0.061731815	-0.09531218	-1.4132404
-1.4549448	0.36015168	-0.33329916
-2.0353522	0.5629604	0.2179147
0.67197895	-0.3083761	0.37159193
-1.5121295	1.3080099	-0.624668
-0.8195596	1.8600951	0.46357286
-2.065117	0.49093506	0.25608468
-2.6287637	0.6278937	-0.061366767
-1.3987782	0.09170492	-0.6736433
-0.53844976	0.5019179	-0.5207044
1.4361691	-0.019421041	-0.8461277
-2.2006595	1.1368623	-1.2723118
-1.4072478	-1.1493732	0.03877599
-2.3565314	-0.5064523	-0.29504293
-1.3493423	0.6350543	-2.1427503
5.7083235	-0.68910325	-0.057854556
-1.1604185	0.63126814	-0.7448988
1.5809393	1.2131054	0.5730893
3.90793	0.5958564	0.45143574
0.32618666	-1.3932532	-0.7146746
0.26656532	-0.160921	0.0058157034
2.468267	-1.5118601	-1.1578332
-1.7251644	0.3450851	-0.040247932
-4.0635586	-0.48530337	0.205933
0.17493415	-1.1511921	-0.104621485
0.9079313	-0.75477517	-1.106361
0.99407005	-0.7419119	0.02229777
-1.2842753	1.4347221	-1.8479197
-1.1254735	-0.2540425	-1.0722377
1.0413847	-0.67039454	-0.46051174
0.01752901	-0.0052679926	-0.40199
-1.5857408	0.18312104	-0.7815061
-1.341665	0.27336505	-1.2007177
0.40827703	-0.796517	-1.3129058
-0.5458648	-0.19171399	0.028650885
-1.4396148	-1.0783875	1.2992785
-0.9332559	-0.10083151	1.2917533
-0.109455585	-2.249687	-0.7012329
-2.457529	0.003964722	-0.18942563
-2.035476	-0.46119294	1.408919
-1.866648	0.2729633	1.0350708
0.23511267	0.6351309	2.3293748
-1.5978973	-0.41140464	1.9377524
-1.285811	0.06737399	1.0382112
0.8332796	-2.0491107	0.36198777
-2.6458664	0.09888296	1.1578323
-1.0906508	-0.10293639	0.86993074
-2.0431304	-0.12996161	-0.3260783
-3.401005	-0.17017075	0.70691633
-0.6007235	0.24676165	1.3810444
-0.13080907	-0.32166925	-0.65736485
-1.6532395	-0.572178	1.1772565
-0.84018755	-0.33448038	-0.57821864
-1.457279	-0.2786378	-0.49363607
-0.20271778	-0.64763784	0.009132352
-1.7129893	0.18582219	0.25622636
-0.28511333	-0.19769639	0.42515796
3.7424645	-0.36985323	-0.39401698
1.3030095	1.7968383	-0.21983065
-0.6645806	1.5840944	-0.14701723
-1.9365387	2.2222908	-0.00020734593
-1.5761268	1.105973	-0.44182444
-2.449686	-0.37717077	0.40319222
-3.6246297	0.31821638	0.25499177
-1.5732944	-0.17910156	0.98368293
1.5406437	-0.7044749	-0.23496382
0.3811288	-0.14904106	0.25489536
-0.12332225	-0.4942182	0.25414717
-2.7648342	0.12962654	0.46581072
1.399199	-0.22216558	1.1370616
1.7127223	-0.35921678	0.38203835
-0.8581333	0.01789464	-1.1161697
-0.30062914	-0.38153765	-0.41713923
-0.8300662	-1.3739592	-0.19848101
0.7427478	-0.9864688	-0.43164068
0.74109316	-0.5898415	1.1003942
-1.728735	-0.6242677	-0.5218541
-3.4547405	0.06557971	0.46994126
-1.5236955	0.32772654	0.3721925
-0.9478674	-1.8477763	1.7973721
-1.5323155	-0.9720582	-0.06452941
-0.8599744	-0.26710388	0.03397677
1.7792916	-1.5939124	1.5249438
1.1367736	-0.5919672	1.0424097
2.043078	0.2163107	0.41192788
-1.6663523	-0.26534173	-0.47885412
1.3817387	-0.8346193	-0.32955372
-1.1764169	-0.8602338	-1.6092875
-0.3094895	1.9769363	0.24349174
-1.1334286	0.045618817	0.09890809
-1.3113115	-0.20922083	0.5670742
-0.80486655	0.7607492	0.39114487
0.6136799	-0.090115726	-0.73115236
-2.5147805	0.08615966	-0.8708806
-1.9742749	0.6398769	-1.1951782
1.8028135	1.3046753	0.9586903
0.23137236	-0.570819	-0.26532483
-1.625463	1.251895	-0.4638011
-2.1203692	0.15852682	-0.14296195
1.106152	0.5316842	-0.07619088
-2.1689973	-0.7141719	-0.26806855
0.36312675	0.02554217	-1.5572929
-0.008732557	-1.1478103	-0.2357331
0.9320235	0.7452954	-0.46126032
0.79353905	-0.042098224	0.015664453
-1.5396006	-0.42679927	-0.7658821
-3.0472314	0.09678447	-1.6582557
-3.1072364	-0.40678743	0.57744205
0.3775816	-0.5865644	0.40068966
-2.2015338	-0.5610354	0.35711032
-1.31798	-1.0663004	1.1188598
-2.2487369	-0.71111035	0.33887076
-1.2206678	-0.95447457	-0.46599412
-2.1308274	-0.4410328	1.3559974
0.94857645	-0.3239145	1.4392631
-0.15779662	0.4161037	0.912243
0.5918703	-0.7695619	1.2162826
1.2740464	-0.7022084	0.7247517
0.7495985	-0.93157005	1.7413547
-2.3701024	-0.48153087	0.6693178
-1.2264104	-0.09088525	0.5910244
-0.38033748	-0.89982367	0.41035384
-0.7685213	0.14247867	0.33313066
-0.58858347	-0.49132332	0.6516188
0.48922348	-0.0553295	1.1354719
-3.028957	-0.16629842	0.6840454
0.37711143	0.45664096	1.843673
1.6339178	-0.057451814	0.75627595
-2.0436368	-0.033615977	1.6505481
1.7558608	-0.2589173	0.71342313
-0.37951326	-0.7636807	1.2605578
0.10219097	-0.6206497	0.08907598
0.28229713	0.0039954484	-0.6448408
1.0615501	1.8562851	-0.4708267
-1.3052013	0.96757376	1.243398
-0.1754632	-0.8374032	0.9714165
-2.6307201	0.5681451	1.5280141
-0.6489539	-1.0975986	-0.6949668
-0.9465265	0.05742547	1.5762184
0.15369797	1.3313451	-0.43425864
-2.129497	0.097929806	1.5180374
1.7194939	-1.2535723	1.0617132
0.18576431	1.3754483	0.1537265
1.5778513	-0.03580293	-0.5872509
-4.514282	-0.47478768	-0.3420453
-2.3038402	-0.73459995	0.5413646
0.018142462	2.3579466	-0.7895052
2.0320754	1.9698715	0.13815078
-2.1827319	0.49142346	-0.49224705
0.9620929	0.22246832	-0.9295045
-1.8979361	-0.022244334	0.32504344
-1.1274352	-0.29815438	0.3728003
-4.487341	-0.02793637	0.6176564
0.6334238	-0.32350436	0.72482395
-1.3196821	0.006830573	-0.5414705
-1.9587021	0.93925273	-0.80732423
-2.6002064	-0.32489595	-0.2097276
2.0401459	-1.1527362	-1.5385263
-0.94086957	2.1817548	-0.32601315
0.6414757	-0.422578	0.081959784
-0.6839714	-0.3439559	-0.42659718
-2.4437702	0.17482854	0.648362
-2.7763805	-0.16727012	-0.6660989
0.87005424	-1.2315669	0.40245295
-1.2681956	0.52234715	0.6329319
-1.1939831	-1.9681987	1.4346783
-0.6740174	-0.8956202	0.41160536
3.6945739	-0.65000725	-1.1176564
-0.7543261	-0.35254022	-0.19040565
1.7076821	-1.3874058	-0.3125559
0.8241906	0.09585264	-0.46503228
-1.320924	-0.9941566	-0.16846216
0.009470463	0.44244438	-0.21860145
-0.40347123	0.38437086	-0.007107932
-0.34919286	-0.60397065	0.66767305
-0.39276385	-0.9532223	-0.7930496
-0.13954377	-0.692551	-0.27403456
0.36608505	-0.09286246	-0.49261874
1.0741892	-1.4393106	-0.19437084
-1.0682249	-0.34061602	0.001543764
-1.1362057	-0.8932607	0.6914883
-1.1448779	-0.68522584	-1.0191944
0.3534336	-0.0354895	-0.6990546
0.4954338	1.1907331	-0.029436283
1.0499868	0.43101305	0.074752495
1.1101317	0.5105721	-0.36484218
-1.8963542	-0.21857688	-0.63596
-4.264001	-0.65196764	0.19977966
-2.62351	0.22143286	1.2241137
-2.1922293	0.35911515	-1.4224864
3.7546315	-0.6559578	0.24279459
0.679862	0.20872194	0.8484833
-0.7547412	-1.0049044	1.2606786
-0.6265383	-0.28253183	-1.360133
0.872375	-0.14953282	0.53646064
1.3815856	-0.5268922	-0.09217659
0.71988153	0.37808722	0.5411187
0.5743656	0.71567893	0.110106476
-0.18759012	0.5757884	-0.52546954
-1.1971531	-0.44072065	-0.9771015
-0.2232306	-0.030489236	-0.35218787
-0.8927691	0.44344842	0.5384844
1.853014	0.9031266	0.2232141
1.0854774	1.1472373	-0.04362058
-0.25586104	0.23515274	0.96822155
-1.4379957	0.6664437	1.5281892
0.53608274	-0.6709999	0.40011984
-1.4868364	-1.5059379	-1.1415076
-0.48128223	0.10125537	-1.1503351
-1.6477053	-0.24587077	-0.60992515
1.5500431	0.32397443	0.099369906
-0.4717915	0.24150902	-0.91489226
-3.2780795	0.39031792	-0.0033394583
-1.0357959	-1.0792515	0.11590125
-2.404786	-0.26286396	0.07562357
-1.2797279	0.6498374	-1.2738785
1.6136103	0.21290916	-0.1897737
0.58566284	1.3244119	0.0109978765
0.4781785	-0.013755888	-0.5853584
-2.3353686	0.50984204	-0.18944013
0.0020618439	1.9032954	-0.31452918
2.4493976	0.6425054	-0.8655527
-1.086375	0.20479257	-0.7410147
-0.53828955	2.9189866	0.33541363
-0.23160982	1.0912219	0.6327476
-0.5568764	2.9456127	-0.10610756
-1.5458915	-0.59042084	-0.6355253
-0.16812515	0.5960032	-0.19231012
-2.2102847	0.75068486	0.3429773
0.1015079	0.27519333	-0.14353439
-2.7468698	-0.33697388	-0.36589795
1.7737756	-0.21397534	-0.29147702
-2.0964246	0.3149923	-0.901082
-0.01906395	-0.8540685	-0.3464442
-0.47635102	2.6948328	-0.34690487
0.81440306	0.34522733	0.61045563
-2.6886177	-0.35733303	0.44193065
-0.17481923	1.1400259	-0.28339523
0.15635657	-1.0711099	0.3082316
0.42686844	0.15940782	-0.7210954
-1.1339939	-0.8868358	-0.7004066
-2.1076493	-0.25469935	-1.237222
-1.8224593	0.2635598	-0.8352037
-0.43058395	0.0025399178	-0.5292186
-0.00861764	-0.2779192	-1.2634192
1.214109	-0.28431055	0.093296155
0.3310809	1.9609262	-0.050458573
-1.3846242	-0.30933693	-1.8541287
-0.1942842	-0.048215	-0.71296036
-1.0323575	0.47892943	-0.5903804
0.008678198	-0.9714608	1.083603
-1.2392852	0.60544217	-0.5083641
-1.003869	-0.25540978	-0.74781996
0.7222729	1.636669	-1.0215392
-1.7757053	0.09464684	-0.33481544
-1.8102885	0.11822726	-0.49592078
1.4274497	-0.03551522	-0.007182706
-2.7432165	0.22101586	-0.15026835
0.2590928	-0.19319195	0.6266664
1.1502514	-1.483028	-0.16957803
-0.6911669	0.16412571	0.2099155
2.1031842	0.113101795	1.8264127
-2.9278333	0.30602932	-0.040391713
1.3334913	0.0024197996	0.08513411
-2.3623123	1.3501396	-0.23224692
1.4946084	2.0700111	-0.28209394
-1.6792955	-0.7979282	-1.0518422
1.2839122	-0.7155727	-0.2785626
-0.6841018	0.29555884	-1.0227133
1.9800372	1.6260394	-0.28263986
-0.65971684	0.5055021	-1.2491784
-1.5988016	-0.19993201	0.007085774
-2.0649223	0.33898574	0.7741019
-0.2945571	-1.0921701	0.711058
-2.6818452	-0.985649	-1.7008563
-1.5312583	-0.60012674	-0.9894331
0.7664695	0.06868005	0.37499344
-1.1298237	-1.25845	-0.38194013
1.4503584	1.5767974	0.37480396
-1.9704382	0.028812334	1.2714318
-0.81188965	-0.8718351	0.67575
1.0905128	-0.8192797	0.063940436
-0.4909935	-0.24301857	-0.12292774
-3.2191758	-0.3239335	-0.52670217
-0.7553375	0.17220396	-0.60515
-0.31143427	-0.12020627	-1.0639797
0.24376059	0.036184594	1.982026
-2.4190133	-0.4564866	-1.6965066
-0.8469541	0.28140536	-0.53578025
2.0710864	-0.25336173	-0.33037817
-0.9979458	-0.19143313	-0.82365656
0.7743125	1.1570077	-0.045072496
0.4845028	-0.22721323	0.63696074
-0.4198172	-0.13001981	-0.113171816
-0.051841974	-1.3557564	-0.5279329
-0.47983742	-0.45161983	0.96576726
1.1394062	1.8734595	-0.07647929
-1.6255596	0.7558993	-0.29558855
-2.6538415	0.52958214	-1.2456607
-2.0571334	1.0352302	-0.5456966
-3.3360262	0.5447217	0.17124356
-1.6685901	-0.043517113	0.8014906
-1.884946	-0.04168445	0.05409046
-1.7304792	0.08604847	-0.6298897
-2.649804	-0.4280881	-0.47134727
-0.96249795	-0.4103345	-0.36334634
0.6306424	1.7746999	-0.20626037
-2.0823112	0.45490867	-0.2961613
-0.45056129	0.017168254	-0.1024044
-0.5464945	0.72097933	-0.20847411
0.5058036	0.4567696	-0.36036766
1.5194464	0.6326742	0.33077282
-0.7277088	-0.73217416	-1.3708446
-3.6654832	-0.3160191	-0.084855735
-1.6677783	-0.60790455	-1.0636683
-0.6924758	0.44576842	-0.40509725
0.95461416	-0.41906348	-0.7261263
-0.67731667	-0.49701056	0.56749
-1.7697453	-1.2105715	-0.30060053
-1.8404678	-0.41582283	-1.8481975
0.82566786	0.5231817	-1.5370722
-0.036894083	0.3294917	-1.7560208
-2.4361129	-0.045666993	0.3204763
-1.2614686	0.47119477	-0.6112622
-1.6019626	0.33800715	-1.2065275
-0.96600866	-0.15081164	-0.34927785
-0.19473791	-0.5917934	-1.234836
-1.256988	0.47436497	-2.055846
1.3272643	-0.40623966	1.3865281
-0.89540553	0.26621217	1.0752314
-1.1795208	-0.17097118	-0.764236
0.20660877	-0.7680626	-2.0105152
-2.1065395	0.3289436	-0.9155753
-0.77071404	-1.4431045	-0.86978745
0.8254194	1.0865088	-0.2820986
-1.1538589	0.3734398	-0.44120234
1.2122116	-0.15741166	-0.9951841
-4.0617657	-0.005089417	-0.53877467
-0.7092955	0.55559593	-1.5892806
-0.20876741	-0.48352078	-0.49938542
-0.4090321	-0.9385115	-0.9258264
1.0036039	-1.0243763	-1.3372332
-0.68339753	0.60782754	-0.25686854
-2.9602487	-0.27738658	-0.17197634
-1.8978318	-0.5827123	0.92408234
0.57155704	-0.5219133	-1.0208287
-0.56104803	0.20821159	-0.24813195
0.8862219	1.3719636	-0.12531562
-1.9544448	0.7322757	-0.3594659
-3.582719	0.028283507	-1.4233623
-0.24289227	0.20037666	-0.39951628
-1.9803358	-0.43833014	-0.7175746
1.8294563	2.5425417	0.6967184
-1.8122128	0.43837976	-0.8031897
-1.1357663	-0.5503515	-1.5673541
-2.6031046	0.05178377	-0.46750695
-1.2369308	1.9964178	-0.56745195
0.44771338	-0.4613686	0.18939084
-0.19199204	-0.096037894	1.3195628
1.8105111	-1.1355449	-0.77397454
-1.5365503	-0.75754225	0.6494779
-1.7072654	0.0072214752	-0.18185322
-1.7908812	0.42617196	-1.2548418
0.12200379	0.29041106	-1.1972216
-0.38271642	0.012503833	-0.3360266
-0.27394772	0.08467156	-0.731937
-2.1945934	0.2768202	0.87454265
0.42065763	-0.30951926	0.7487499
-2.1069584	-0.39957604	0.3123489
0.057543993	-0.44237706	1.014817
0.47209454	-1.6523166	0.36349255
-1.3815637	-0.33824018	0.20895274
0.9558444	0.19686224	-0.9296182
-1.9274583	-0.07195732	1.0945843
-1.4430115	-0.4482802	0.20717719
-2.4717622	-0.073262036	-0.030479647
-2.373459	-0.036375195	1.6249692
-1.9246036	-0.22993997	-0.026982114
-2.9913082	0.4871541	1.1038198
-1.9312755	-0.40891865	0.5594358
1.1260962	0.5056926	-0.15441369
-1.4368217	-0.6188835	-0.07457861
-2.5012372	0.07162988	0.056215268
-3.1046128	-0.79016984	0.95987076
-2.4536288	-0.15535164	0.4889806
-1.6088614	-0.21601135	-1.3200288
-1.2245605	-0.30414328	-1.0593566
-0.87514496	-0.07955578	-0.8516782
-0.5901716	-0.7370837	0.3004558
0.05280757	0.39630955	-0.7541222
-0.98987484	0.43682846	-0.3087443
-0.92598295	-0.36485735	-1.3280889
-2.9608269	-0.64492595	-1.0248059
0.13538146	-0.59871197	-1.482537
0.059170723	-1.0215868	-0.039146915
0.92431927	0.105339766	-1.2594842
3.6337361	-0.5253973	-0.2876922
-2.533527	-0.008349001	0.3128891
-0.16155934	-0.26391038	-0.15275998
0.91349125	-0.59550595	-0.0264868
-1.5315008	-0.3905585	0.6521147
1.3170485	-0.34883532	0.5649795
-1.5742157	0.19342019	0.39759272
1.1807184	0.76499844	0.13622117
0.42264318	-1.6599106	-0.49707174
-1.4521923	0.44223052	-1.3170012
-1.5553675	-0.03008759	0.8891623
0.5631466	-0.30757692	-0.60324043
-1.2586653	-0.24944654	-0.92263645
0.7258258	-0.47697595	-0.58390284
0.76780605	-1.6423694	-1.3036579
-0.7860961	-0.83057046	-1.7897724
-1.6429639	0.30970052	-1.1455816
-2.7786932	0.02860719	0.40543628
-0.3099854	-0.031710237	-0.9041502
-0.5324564	-0.6674609	-0.72088325
-0.9869747	-0.07645777	-1.0335748
0.07972884	2.1442676	-0.52519846
-1.8265146	-0.42735007	0.5843207
-1.0531673	-0.33314255	-2.177969
-2.5203815	0.35928228	-1.0388753
-2.2569966	-0.47435936	0.91327
-2.0132813	-0.03924167	0.5640752
-0.1260376	-1.0690168	1.3602605
-1.8711097	-0.57773256	1.8222367
-2.6911883	-0.09179258	1.0810639
-1.0664799	-1.0879956	0.36911494
0.49417162	1.7602208	0.63056594
0.5729413	-0.9580468	1.6299297
-0.87562776	0.64546776	0.03273105
-0.944978	0.056148022	-0.46004456
-1.0155048	0.027353853	-0.48259103
-2.1220338	-1.2328097	-0.019244134
-3.4036927	0.3721481	1.3003337
1.5403857	0.43361455	-0.309568
0.81293106	-0.18209839	-0.962717
-1.2325625	-0.27030393	0.24862686
-0.45411253	-0.9272741	-0.48597288
-2.668681	0.32331973	0.035199877
-2.9474335	0.30074477	1.3939558
-1.5230677	0.91087556	0.011147324
-1.6355405	0.26903817	0.090966456
-1.6138742	-0.81206656	0.0057096295
-1.5995214	-0.0018886775	-1.7654804
-0.26627803	-0.5181023	-1.4804797
1.2060785	-0.44617638	0.93225867
-2.2776446	-0.98450696	-0.4988501
1.5568686	0.124407604	-0.3166867
-2.5879068	-1.083782	-0.26408124
-2.6860905	-0.9065809	-0.088725865
-2.7301373	-0.54340637	-1.4483503
-0.5638745	-0.31238297	-0.16837308
0.96376705	0.2029706	-0.64961594
0.9083743	0.17820594	-1.1697272
-0.15696573	0.37770852	0.9999088
-1.2514551	-1.3504685	0.030187268
0.606153	-0.061225563	0.98690885
-1.5221589	-0.46221986	0.86882687
-2.2346122	0.69202703	0.99035156
-1.593502	0.025012657	0.1466732
-2.664348	0.4980893	0.31698167
-2.6347399	0.71390194	0.5954776
-1.464637	0.2826259	1.6810726
-2.4429922	0.4814555	-0.071756646
-2.3580995	-0.0829843	2.10281
-1.6054738	-0.063117236	-0.38993412
-2.6292653	0.4670298	-0.6435847
-0.07357788	0.36985123	0.6116328
-0.8524356	0.1476829	-0.5110848
-0.087332964	1.9911773	0.36574513
-0.55254245	1.6127778	-0.0026236102
-0.35494447	1.3793579	0.36441702
2.8419986	0.06135276	-0.3580973
-0.77941155	1.212451	-0.30268663
0.32960367	-0.48244694	0.9703164
-2.6935701	0.3527625	-0.8146491
1.5999374	1.2456897	0.4933669
-0.7312665	-0.11630723	2.0384977
-1.1150224	0.21328215	0.44134676
0.52778864	-0.26509508	0.9064566
-1.0368111	-1.4294372	0.8124428
-1.0985162	-0.118560314	0.09952062
2.7156773	-1.2432843	0.6716701
-0.97724795	0.24945375	1.0481368
2.171813	1.1569551	0.38617808
0.58702564	0.12397626	0.8149174
-2.7093189	-0.6434703	0.76878315
-0.11685681	-1.128703	0.18196289
-2.1040332	0.5009356	0.5036074
-3.5669305	0.6036852	-0.4441496
-0.29486156	-0.33933064	-0.32930315
-1.521879	-0.022105992	0.2653497
1.4523597	-0.8358195	-0.65976727
-1.353725	-0.01563996	-0.15368567
0.036610365	0.9281614	0.16243955
1.8841357	0.61590624	-0.32515997
-1.2263725	-0.76775587	0.11281218
0.57364273	0.83866215	0.22069171
0.17205334	-0.5004387	0.4509871
-0.97089124	-0.4082187	1.6151317
-0.3170352	-0.4282016	2.5020392
0.50173235	-0.8410728	0.83325845
-2.2986817	-0.1631844	1.938882
0.91465616	0.94814	1.0567666
0.27209234	0.17060325	-0.7458848
-0.21544766	-0.62818956	0.39937
-2.3183508	0.49507877	0.26744294
2.5616703	1.3948203	-0.111800104
-0.31750178	-0.66620934	0.60261726
1.5757246	0.89997065	1.0350046
-1.680891	-0.036857605	0.7014424
-0.5787623	-0.9041214	1.3901215
-0.6735854	0.8023958	0.7981883
-0.1339109	-0.549268	0.3363135
-0.8872056	-0.19230762	-0.66682684
-2.148104	0.6486616	1.5649996
0.56993675	-0.42569706	0.0862783
-1.3192732	-1.1881993	0.40115744
0.89581823	-0.33456644	0.7748912
-1.8501354	-0.9686973	0.880374
1.2838855	1.1729045	0.41190755
-0.14224958	0.79766226	1.0358129
0.8776593	-0.42574707	-0.90543944
-2.699852	-0.34829244	0.59261227
-0.9889858	-1.0035865	0.39157134
-0.71127343	-1.7178007	-0.5333768
0.20536733	-0.5598773	0.27403203
-3.6702538	-0.4858319	0.5335062
-2.4947367	-0.17651075	0.52144575
0.447927	0.064354375	0.5052287
0.12923169	0.90397274	0.36006647
-3.6242602	-0.07292572	-0.12166767
0.7933154	1.0067183	0.91607374
-0.04759884	0.41436827	0.8880359
-1.4636948	-0.29541573	0.14096907
0.17589283	-0.3436139	0.20990288
-0.030179977	-1.5186758	0.28665435
0.3333931	-0.45723417	1.0346769
1.072968	-0.77320516	0.48181438
1.732655	-0.57170486	1.9097863
-1.7238896	-1.0518228	-0.40808815
0.92462254	0.051684454	0.5440087
-1.1489427	-0.66612613	-1.2080222
1.1555147	-0.7304201	1.4510745
-3.5539014	0.46245587	-0.72453994
1.560482	2.162214	-0.59491754
0.077306986	-0.03732571	-0.76807684
-2.359672	-0.516158	-0.22991239
-1.2611566	-0.47401223	1.0917622
0.98729324	1.9659208	-0.29016507
1.6751933	-1.0263324	-0.24796642
0.7086787	2.5237048	-0.69334155
-3.4621336	0.03166613	0.21053684
-2.0076952	0.5897446	-0.31537765
-1.6075144	0.38065243	-0.6977297
2.1470757	-1.7632653	0.13488694
0.023415565	-0.5822809	-1.407568
0.48196983	1.95374	0.3626808
-1.207416	0.016374618	0.36727577
-3.5948212	0.50151503	-0.5187727
0.117156506	-0.69782984	0.03186341
-1.7994916	-0.10357115	-0.8766777
-0.2566862	0.07908945	-0.1570087
1.2278299	-0.94029796	0.043502405
-2.779663	-0.5142447	0.41034186
-1.3670647	-0.16665864	0.27308816
-2.0038066	-0.9249928	0.4657315
-2.1214943	-0.056362927	-0.5801798
0.9936433	0.49817207	1.6231571
0.23563838	0.27489662	1.9780403
-1.4069226	-0.37733236	0.49978572
1.0964332	-0.37712154	0.5986666
0.61051226	-0.5080956	0.3941198
3.1298528	0.15767616	-1.0652194
-2.4944532	-0.6537038	-0.36718345
0.59160805	2.2620847	-1.1477907
2.1637669	-0.45024034	-0.24838729
0.055173397	0.09817451	-0.688762
-1.7033205	0.035873428	0.057364326
-0.007022381	-0.7897086	-0.3905903
0.48877382	-0.14520827	-0.4210871
1.7640114	0.090284854	-0.5458219
2.1282501	1.9790612	-0.053007394
-1.1679049	-0.24078843	0.85928285
-1.409549	0.07886414	-0.9425004
-1.5669737	-0.259495	0.22276789
0.98292303	0.11178355	1.4366894
0.40065384	1.942974	-0.49240732
-1.6743321	-0.23638386	1.521564
0.15471792	0.1861748	0.33673733
0.48076344	-0.41203555	1.24535
-0.87388706	1.931229	0.5545331
-0.3647232	0.1861548	1.839307
0.44524908	0.66118133	0.8441054
-0.45094347	0.48013046	2.6699953
-0.022372007	-1.1908561	1.3803856
-3.0646842	0.16469294	0.49594867
0.5600233	1.6692661	0.78789717
1.2262092	0.38043553	-0.030469574
-2.4339814	0.17224526	1.8622667
-1.2671947	-0.5456716	-0.02315487
2.1065378	-0.10450989	0.46429545
1.6483746	0.4078753	0.39722878
1.0958362	0.1331915	0.06048154
2.0797005	-0.49150875	0.23130192
2.2783666	-0.90063035	0.40626937
2.2525969	1.9754409	-0.31551588
-0.34202456	-0.02740997	-0.21826778
-2.1474867	0.23806486	-1.8947881
-0.07006693	-0.28646186	-0.45570982
-0.1416235	-0.19170591	0.7372249
-2.2878752	0.41770625	0.28880352
-1.5356343	0.7619792	-0.033482894
-2.5349102	-0.40041938	1.2254529
-0.6074984	-1.2540975	-1.1804316
1.6817188	-0.86789715	-0.80980426
-1.6202543	-1.2495443	-0.11268237
5.5533743	-0.63360655	-0.00014670938
0.11121416	-0.2747226	-1.991832
2.4185572	1.2891041	0.5071985
1.4222827	2.0486228	0.35413408
-2.4911928	-0.43638244	-0.53827983
-1.1541739	0.285665	-0.42200774
-1.4337685	-0.7473749	-0.13032053
-2.651339	0.018073872	-0.64600027
1.3452759	2.0618398	0.14966792
-0.42724037	0.012965992	-0.5825745
-2.1213164	0.25564468	0.41523463
-1.244065	-0.038212776	-0.116270065
-1.7213552	-0.240127	-1.5411069
1.5223303	2.1926675	-0.6123458
-2.7042546	0.14225009	0.27089444
1.7566857	-0.040696144	0.497671
1.6498995	0.427026	0.050375156
1.6569424	-0.90448654	-0.52137905
0.90478754	-0.23935261	0.1252521
0.3584242	1.1533417	-1.0574222
-0.18458915	0.18429632	-0.64250356
1.9217949	0.032150656	0.08938561
0.59307957	0.23044595	1.3860599
-3.5128145	-0.38857225	0.63291115
-0.9534166	0.024605677	1.1919994
-2.3622975	0.08022958	1.153917
2.4779181	0.060277715	-0.99045306
1.788671	-0.14794499	0.44648522
-0.42540646	-0.97508585	-0.79153275
1.2654476	0.8478495	-0.75890946
-1.7861164	-0.59656584	-0.30334806
-1.0049481	-0.90168774	-1.2905957
-0.41282606	-0.37738797	-0.602515
-0.32847428	-1.774593	-0.28087032
-0.5063896	-1.0575926	1.1945438
1.748457	-0.4129022	0.12667355
-0.90511584	0.2166902	-0.8343554
-0.07120156	-0.4928021	-0.3026064
-0.011816978	1.9356245	0.3065201
0.8895788	1.1733277	-0.4134913
-0.20778704	-0.19404975	-1.1724197
0.18852568	1.609197	-0.6949698
-0.41024518	-0.9799602	-1.3257122
0.8783603	1.23903	0.14566267
-1.1629391	-0.8502892	0.09909848
1.1556749	0.63700414	-0.11652702
0.8267107	2.7435577	-0.84272397
-1.4865403	-0.7978785	-0.56112
1.411737	-0.3044636	0.22855955
-2.2957253	-1.4804426	-0.2726884
1.4393415	-0.37997606	-0.22641341
-1.1553795	-0.45744184	0.45118624
-1.6115355	-0.9562558	0.9018646
-0.6729486	2.4389837	0.54974747
3.9804153	1.3213177	-0.875415
2.751193	1.1061015	0.16594937
-1.4907045	-0.644868	0.9804958
2.8372483	-0.054727137	0.43505502
1.184309	-0.019713193	0.29621893
-3.398081	-0.9252248	-0.049457952
-2.177692	-0.2894307	0.42899948
-1.8147238	0.67172897	-0.14006531
-2.4192057	-0.29017958	0.4471184
-0.75257444	-1.1838195	-1.0265644
-0.5465927	0.4012456	-0.26137197
0.8785558	1.6936375	-0.7120049
-0.15553999	-1.4534113	-0.075404435
1.3673148	-0.6082803	-0.7051755
0.55595493	1.3207585	-0.7514535
-0.8606458	0.5323702	-0.47508126
-0.30780149	1.959883	0.39180487
-2.7080183	-0.73770595	0.7031185
1.8232207	-0.4492751	-0.83070815
0.4609313	-0.14800149	-0.17007941
1.7374477	0.68406165	-0.02329684
-2.852243	-0.19473866	0.22647431
0.14295173	-0.23918134	0.019336281
-0.6076827	-0.7133076	1.6524862
-0.85865545	0.4000194	-0.22226281
0.4172454	-0.16861129	0.22007158
0.15069914	-0.42164776	-0.5047554
-0.030755758	2.4200382	-0.70505244
-1.2973895	0.8089043	-0.7392531
1.2088165	2.849712	-0.33034003
0.72398806	-0.9933344	-1.3708168
-3.1923313	-0.28643754	-1.3094672
0.9434805	2.4909608	-0.8291591
-0.45163274	0.017014325	-0.031381458
1.4120827	-0.5924283	-0.39501965
-0.9277327	0.012604505	-0.40043384
1.8275566	0.45954353	-0.9590096
0.5672102	-1.8923393	-0.6948844
0.75066805	0.55616915	-0.64018357
-1.275953	0.046854615	-0.08593951
-2.7553673	0.16494139	-0.7380988
-2.8146725	-0.22802135	1.423314
-0.4414153	0.23494005	1.0594755
-3.3438163	0.29703185	0.43709546
-0.43216348	2.009589	0.59928983
-0.027368069	1.3337939	0.045789573
-2.0257978	0.3705405	-0.14628042
-2.4340801	0.3150798	-0.0075768456
0.8941722	0.0046331584	0.04450713
-0.6155975	-0.979041	-0.15295012
0.19912505	2.164587	-0.28958875
-0.5397811	2.0406387	0.39903337
0.34979486	-0.8751179	-0.36149758
-3.3156397	-0.04291892	-1.3352891
-2.8635702	0.33253962	-0.2414649
-0.40189934	-0.8438022	-0.31928724
0.8781214	-0.38476422	-0.15956227
1.2072177	-0.61811817	0.14371559
-1.7919521	0.82236266	-0.6177356
2.7052813	-1.1777602	-0.47964925
-1.5448627	0.27168405	1.0710301
-0.6691439	-0.345333	1.0145879
-1.62288	-0.3415105	0.55828285
0.17583942	-0.8342923	0.20006117
-0.5246482	0.10248721	-0.79004556
-0.32719445	2.0307658	-0.28162003
-1.3968546	1.5879793	-0.77396274
-2.5532992	0.34458292	0.5180902
1.2002974	1.0740628	-0.19194591
1.2577739	2.3502283	0.6484894
-2.3201401	1.1925778	-0.27420187
-2.2783613	-0.22849146	0.16074997
0.510046	2.396048	-0.60735327
0.08558941	1.6291006	0.40954363
0.62211275	1.440532	0.83745027
0.00068330765	0.28053004	-0.16923736
-1.2351818	0.7666136	-0.94334614
-0.26433015	0.7705698	0.44593257
-1.2082472	-0.22195318	0.46813196
-1.2463408	-0.4226838	0.4574718
0.2322576	-0.043456405	-1.035775
0.33623648	-0.24186334	0.7033273
-0.3650577	-0.20985413	0.3015986
1.0895653	-0.09393519	-0.24777554
-1.0307055	1.736507	0.51437765
-0.6477418	1.337924	0.22216186
0.19452596	0.069117665	-0.5645905
3.1688886	-0.5825741	-0.47162265
4.761832	-0.93125427	0.107153445
0.11679888	-0.64744425	0.65424037
1.36023	-0.28338882	0.9171879
-2.7235503	0.32942626	-0.27784723
-0.11105561	0.3429652	0.5993992
-2.1299338	-0.8148433	0.5381425
0.36699152	-0.34520647	0.33601254
2.350565	-0.09057176	-0.1666476
2.4527102	0.9719176	2.1639867
3.528513	-0.945531	-0.2841457
0.8562484	0.56189644	-0.3030126
2.1860232	-1.1205392	0.9937677
0.37195444	0.38228485	1.6924391
-1.4777834	1.0429498	0.8634582
4.7650595	-1.377388	-0.41255462
4.323634	-1.2818477	0.65225637
1.0754457	-1.0616841	0.3801126
-0.59794354	-0.94338226	1.4572166
-0.22861671	0.49297106	-0.2769122
0.3749323	-1.2312211	0.62698156
0.0020692348	-0.18360028	-1.255833
-1.0768127	0.6775899	0.319175
-2.3214512	0.84731305	0.39806706
-2.80053	-0.37511393	-0.7797048
-1.5843062	0.14907578	1.5009643
0.13561702	0.50125384	-0.8103792
0.6033025	0.16666882	-0.7207714
3.2592373	0.1727627	-0.30128485
2.4332738	0.93041	0.45765293
0.73177385	1.900356	0.48368132
-2.4468765	-0.93285	0.470986
-1.9915234	-0.19828412	1.3140396
-2.702619	-1.553191	0.86285514
-0.5419264	-0.29047635	0.71268326
0.39935493	0.5776198	-1.1612498
-0.76912904	-0.046547443	-0.3569705
-0.5967195	-0.40194705	0.17236628
0.543077	-0.9720032	-0.33393008
-1.1060848	-0.79919744	0.8359103
-1.0405376	-0.95423305	0.2735576
-0.22574496	0.28608352	-0.6985715
-0.3286457	-0.07110292	1.6553228
0.6497688	-0.62266076	2.0281034
1.4006934	-0.02962327	1.0491143
-1.3126059	0.47242966	1.5687732
1.8388638	-0.7439097	0.04792526
-0.11826444	0.57446337	-0.7728234
1.6549673	-0.09889442	0.98417854
-0.23560286	-1.2267792	-0.108492866
-1.6873629	1.0290823	0.3511966
-2.7394316	-0.028094888	0.47076374
-1.0516417	0.4092729	0.14084814
2.0494232	-0.56428766	0.12252254
-1.2875154	-0.23736551	0.18402836
2.5116787	0.4506021	0.37522095
-1.78945	0.14478496	0.14241572
-0.5713546	0.6668823	-0.95140994
-0.24345732	0.45135188	0.013068892
-1.5141978	0.57064396	-0.10962051
-2.7502499	1.1578825	0.6898723
-1.8377712	-0.31549153	1.045236
-0.93799996	0.40742916	-0.9437928
-0.92451096	0.35636806	0.6259483
1.2911181	2.3375425	0.34749258
-1.7914424	-0.5869385	1.9279298
-1.6530983	-0.07741031	2.688557
-0.5179188	-0.8927572	0.57230794
0.4023633	0.042652085	-0.29884213
1.7739806	-0.5767034	-0.3006215
1.2551551	1.8706275	-0.08098836
0.2771659	2.1830785	-0.35725987
-0.4345224	1.676823	0.28550234
-1.1524029	-0.9148648	0.69367725
0.62042904	-0.7090597	-0.44731373
-2.691677	0.084664345	-0.88661915
0.21744847	-0.13409272	1.6418424
-2.0321808	-0.096205026	0.1914013
0.6710057	0.8122901	-0.976656
0.41663694	2.098543	-0.47216123
1.7287078	1.1058189	0.49751908
1.1526284	0.7778946	0.38669002
-0.8239305	-0.5652633	-1.7408582
1.4571686	0.54344904	-1.124851
0.5639076	-0.6101514	0.8165016
-0.16569805	-1.123465	0.3100615
2.9423451	0.51481724	0.019927377
-1.2374609	-0.9376633	1.5514233
1.3451071	2.1055162	0.4784857
-1.1857095	-0.76969576	-0.36137408
0.9816084	-1.2610425	0.5799659
0.45999527	0.08960807	-1.8102891
-1.4177346	-0.4002342	-0.22320734
0.29559517	0.19932398	0.20937173
-1.3219974	-0.5928974	-0.3807996
-1.8876327	0.021650612	-0.8279873
-0.71948385	1.5980742	-0.27919436
1.163497	0.27832514	0.12951094
-1.2575395	1.1031638	1.7981048
1.5386114	-0.34246704	0.85623324
0.08260417	-1.0672728	0.6209058
0.08675909	0.7231368	-0.5589899
1.566721	-0.1616784	-0.88410777
-0.27478862	-0.5433552	-1.1113554
-1.7294829	0.16520894	-0.6775597
-0.5870848	-0.7562679	-0.21240918
0.069503546	-0.94305646	0.06234344
0.2084198	-0.1478804	0.4705233
-0.6616745	-0.8203608	0.08300315
-0.13041472	-0.235739	0.10768331
0.19351792	-0.4952651	0.20734417
-1.6330955	-0.024592608	0.75515574
0.7937074	1.5896481	0.17272611
1.9189382	1.5734704	0.5254476
-2.7756565	0.5572398	0.10342297
-1.8352448	-0.7347653	0.5236384
-0.22832918	1.9364847	-0.26072294
0.90936995	-0.069930166	-1.3989072
0.45647812	0.08418855	1.352187
-0.45108533	-0.94824564	-1.0600047
0.1640203	2.4507308	-0.082373396
-0.68512034	-0.48224816	-0.1705463
2.0005908	-0.48861328	-0.7821034
1.1603723	1.7888726	-0.9547236
-0.59826255	-0.062018722	-0.2924462
-0.28233886	1.01107	-0.8078602
0.31919336	-0.28047654	-0.8545785
-1.2213726	0.46200126	0.53527063
0.1310246	1.3088377	-0.7948803
0.07025981	0.10174373	-1.0659758
-1.5359728	-0.2882745	-1.3554636
0.24358916	-1.2391472	-0.68042123
0.44844437	0.66703236	-0.11697905
1.9516101	-0.40329757	-0.4929406
2.023622	-0.11494455	0.3179736
0.21492481	0.16334628	0.46529543
0.11008644	0.2875438	0.18361597
0.30040264	-1.5423908	-0.64209807
-1.109416	0.11249179	0.22940995
1.2863374	1.1078529	0.25812197
0.43586063	1.15439	-0.36825395
-1.9446765	0.27490044	-0.12768616
0.71785545	0.5452228	-0.14263937
0.43809748	-0.5381371	-0.7895
-1.9442395	-0.8483114	-0.366637
-2.3117619	0.1511028	-1.0329015
1.1754503	0.44048658	-0.66973925
-0.9996939	-0.9119947	-1.7487229
-1.3469133	1.6419256	0.09584194
-3.1319773	0.035789013	0.36986607
-1.591006	0.49123836	0.62654215
-3.0431798	0.5695884	1.4758407
0.52206564	-1.0372447	1.3418047
0.015157223	0.06721237	0.6211133
-1.0084176	0.3186921	-0.110557094
-0.22005701	-0.57901	-1.0198398
2.1627421	-0.76819646	-0.7142947
-1.6076915	0.056928307	-0.48235106
0.9353328	-0.86286736	-0.51867235
1.2906337	-0.2206893	0.5890362
-1.4043162	-0.24566546	-1.0830786
-2.4827075	1.0470165	-0.56180024
-3.943533	-0.029356241	-0.49259263
2.0673695	0.9068452	0.8982723
-1.4731841	-1.4368291	-0.7667863
-2.4221115	0.04496722	-0.8529244
-2.2448018	-0.3302187	-0.49870664
-0.59322333	-0.08856082	-1.258831
0.5166631	-0.042195767	-0.7027738
-0.88394237	-0.42559966	0.024699884
0.3501625	0.20125355	-1.5609702
0.9369278	1.8606715	0.15704073
0.46090937	1.8418238	0.762926
-0.5129025	-0.3453364	-1.0978595
-0.9574394	-0.49874625	0.5291079
-0.3071859	-0.19241932	0.5013473
-1.1155701	-0.71983993	0.37630916
-0.5338628	-0.07140419	-0.34365642
-2.048487	0.22722733	-0.9123036
-0.97219896	0.2518198	-0.26456386
-1.5383918	0.80871665	-0.6274281
-1.2784753	0.34051794	-2.2611074
-0.9626653	0.90103376	-0.9735283
0.8101392	1.9408572	0.11292336
0.69122505	0.3263836	-1.1250085
2.3717284	0.13993862	-0.8981821
-2.248174	0.27324143	-0.6423062
-2.1309836	0.4299175	0.42993957
-1.122155	-0.1624246	-0.11479601
1.8864503	-0.4136313	-1.1861815
-1.9446799	-0.0819442	-0.410313
-0.81551504	0.085741654	-1.3840327
-2.4262161	0.5515287	0.65096
-1.0803461	0.6026472	0.3072418
-0.656687	-0.44255486	1.3331507
-1.7936821	0.036638394	1.0066522
0.78857327	-0.1428827	0.8897848
-1.2722557	-0.24514434	-0.031198338
-1.5617294	-0.21281514	-0.7643926
0.35602188	0.41494173	1.2808639
-0.8870897	-1.515241	-0.21134765
-1.0476737	0.73390067	-0.27031648
2.015376	0.5538275	-0.8532857
-2.71572	-0.17791179	0.54470545
-1.1914554	-2.0103436	-0.13683343
-2.6530795	0.15198201	-0.42534184
1.5436192	-0.7391592	-0.69066525
1.8845534	0.8759328	-1.2463152
-2.14565	-0.112734824	-0.4492972
1.620563	0.24428777	-0.8313889
-0.07655144	2.3289933	-0.72915936
-0.24710584	-0.871886	0.207066
-0.7933786	0.044532523	0.36713195
0.745811	-0.04301557	-0.22806512
-0.10406709	-0.26567462	-0.3162592
-0.36198354	-1.2191174	0.365426
1.5981975	1.3230159	-0.4131528
0.96867704	-0.7038518	0.47837675
-0.6327708	2.6520944	0.020272356
-1.9115169	-0.1420685	1.7086124
1.3624086	-1.0122075	-1.4056104
0.6091547	2.7979856	1.2171477
0.796679	-1.4892155	-0.97827584
0.9735451	0.4436523	-0.8283748
1.6972651	0.85843146	-0.26936203
0.9920664	-0.07352573	-0.7164829
3.3087234	0.22313441	0.24892811
1.9136839	1.738217	0.31459874
-1.3780918	0.27197066	-0.576864
0.69944143	2.4424272	0.5354078
-2.1759129	-0.088808775	0.904999
-0.3850987	-0.46050844	0.23007272
0.9110775	0.48512775	-1.4957744
0.8008189	2.1758208	-1.2600633
1.198565	-0.17058852	-0.763907
-0.31701612	0.8507016	0.13912123
-2.699531	0.83928204	0.1215919
0.8959193	1.3073575	-0.3322606
-3.081274	-0.0015260875	0.31707865
-2.2132041	1.1487168	0.0018172972
0.42871618	-0.5289146	-1.529332
0.67231226	-0.5850271	-0.5834386
-2.9480035	0.13234353	-0.5925086
-1.3484628	-0.741276	-2.177486
-0.9403758	0.14335513	-1.2420063
-3.73665	-0.19957584	-0.14922884
0.763288	2.7641642	0.14067815
-1.5347123	0.29259646	-0.19681291
0.30020857	0.14982514	-0.44333774
0.7654667	-1.5930936	-1.3070296
-0.20812583	-0.21853697	-0.62594426
1.538939	-0.6293534	-0.14615425
1.3187661	-0.18536717	-0.63388366
-0.27021718	-0.59468424	0.47292298
0.27686787	-0.059646368	0.7075605
0.4523077	2.6637414	-0.6299993
1.9686813	-0.26357672	0.30948383
0.08669329	0.8254026	-0.66711634
2.014442	-0.2565662	0.6043288
-0.0823009	-0.012247592	-0.2507677
0.8225684	-0.24419451	-0.0756571
1.3769822	2.237003	-0.5672226
-1.4983957	-0.72453463	-1.3565965
-2.7835686	-0.7035284	-0.02815672
1.1083002	-0.57712114	-0.15119375
-1.2945726	-0.3577619	-0.16557668
2.5401917	0.015443414	-0.43471372
-2.1897078	-0.34402487	-1.2137573
1.3856683	0.025851741	-1.799822
1.2362294	-1.5180844	0.019699724
-1.3838096	-0.2691485	1.163747
2.1024323	-1.9528695	-0.89389515
-1.4195952	-0.21510199	-0.28082252
-0.9148307	0.0009339005	-0.531123
3.8267999	-0.7116492	-1.1069064
0.052960396	0.25773877	0.6175922
-2.2413654	-0.86960495	2.0179105
1.8019795	0.35135314	0.750842
1.3528085	0.57074803	1.307906
-1.9298391	-0.063134134	-0.66251075
0.84280586	0.4934677	-1.1650538
-1.1295066	0.073014945	1.2453618
-1.7528996	-0.851344	-0.22316371
-2.2117896	0.44722092	0.44032592
0.12317395	0.52878886	-0.22069745
-0.22036982	0.3067521	-0.0808627
1.3903847	-1.5099251	-0.53843415
0.95096445	-0.13464174	0.86324173
-2.1369553	-0.37810108	-0.46510422
1.7900014	0.71814597	0.51015806
-0.68153715	-0.17086169	0.1378505
-0.044279814	-0.1265215	-0.8400004
0.58102083	-0.6761713	0.14676335
-1.4326539	-0.8412045	-0.43337077
0.28777504	-0.31670967	0.21857455
-0.8158891	-0.6949899	0.06602533
-3.1590202	0.56902254	0.85996115
-0.3899815	-0.07719436	1.0675514
0.33647442	-0.64700735	-0.36313468
0.97152615	0.36601716	-0.05937124
0.5195122	-0.5173632	-0.3151405
-1.1230116	-0.8797047	-0.026367962
-2.2810931	0.24012549	-1.3988779
-2.1514325	0.96755683	0.09726222
0.9134369	1.0457798	-0.45560575
0.7521148	0.39426547	1.1759554
-1.9474028	-0.20118377	2.0673366
-0.41723108	-0.7190795	1.2697583
-2.7802768	0.36786005	0.15304765
-3.688898	-0.12744024	-0.3197158
0.8897815	-0.22939369	-0.7646079
0.6368637	1.045397	-1.1376605
-2.6913028	-0.047593027	1.3196576
-2.7285945	-0.37206718	0.42484105
-2.7613556	-1.0036502	-1.1473883
-0.24938774	-0.21129435	-0.26806563
-0.49946856	-1.0482836	-0.953061
0.42509174	0.197485	0.2128902
-0.9378786	-0.46348843	-1.5750833
1.6830583	0.3263218	-0.7156827
1.0187736	-0.1773029	-0.70159596
-2.353023	0.4616056	-0.13059899
-2.1034198	0.14863136	0.25456288
-0.73969674	-0.2754976	-0.3857934
-1.7258284	0.1291907	0.24444939
0.6952362	-0.04014176	1.0663266
-1.37286	0.22496675	-0.934338
-1.7562903	0.5459995	-1.6755836
3.7790532	-0.104215235	-0.36156768
-0.32745647	0.036558256	1.1398557
-0.051497698	-0.13157213	1.4567511
-1.8556802	-0.5050833	0.38270152
-2.7926314	-0.95085526	-0.46528643
-1.1683245	0.2519942	0.40384012
0.90983486	-0.24913928	0.3661378
0.8152666	-0.20900688	0.9763844
-1.5278528	-0.5943806	0.7932852
1.6539912	0.93740964	-1.1710758
-2.0097125	0.46152034	0.35102785
-1.0561798	-1.1580509	0.605591
-0.5374496	-0.73532844	-0.009695046
-0.039806604	-0.5763078	0.16823605
-0.7907407	-1.4646149	0.6525732
-2.1286623	0.20422718	0.23448056
-1.6216688	0.18812862	-0.37778348
1.182785	0.36307135	-0.42166477
0.55995655	1.2648494	-0.33627266
-0.879441	-0.20796937	-1.5506002
2.0750399	0.0046486706	-0.09640376
-0.117332935	-0.9818038	1.6160408
-3.031301	-1.0197124	0.26567328
-2.3100195	-0.0552741	0.6183493
-2.1248553	-0.3556746	-0.11176592
-1.0256722	-0.25462812	-2.1487572
0.31198788	-1.1120783	-1.0722886
1.5036607	0.00066280365	-1.4287543
0.93512154	-1.0991793	0.41045344
-3.0209095	0.7462988	-1.1268889
-1.4439843	-0.5839611	-0.16565935
1.021255	-0.04022023	0.17523275
1.3553553	-0.08426249	-1.092325
-0.33397222	-0.15387839	1.0125536
-0.58845425	0.2270409	-0.32792455
0.4463868	-0.891639	0.44308716
-0.08494234	-0.019231707	-0.25177354
-2.055442	-0.7977315	0.50726074
-0.596647	-0.39154795	-1.181284
2.0974965	-1.1481134	0.048611443
-1.0349216	-0.81149244	0.39781374
-1.7762289	0.017858267	0.8183162
1.727334	0.36787653	-0.9014593
0.29207087	-0.53195786	-0.8113891
-0.5056071	-1.0741217	0.7569741
-0.4491501	0.38532192	1.240428
-2.1388028	-0.33933237	0.23634817
-0.41950893	-1.034931	0.77297056
0.9985647	-0.8395214	-0.45219445
-2.6961284	-0.021539122	0.5924893
-0.19951582	-0.30732313	0.18997857
0.8486705	-0.5456433	0.4857378
0.73503876	0.66196847	1.1723908
0.44594574	0.5356178	0.2297434
-0.38128233	-0.24489412	-0.16462699
0.4785638	-0.037066698	-0.52082735
2.4216976	-0.033889294	0.067976676
1.0452876	-0.54808545	-0.8124241
-0.10509181	0.13412878	0.3241312
-0.08958769	-0.23359707	0.45421994
0.7511244	-0.296918	0.22440888
-0.69208527	-0.29494736	0.3252908
-2.7535424	-0.2890167	-0.14103639
-0.4807093	-0.5267986	0.31007808
-1.162003	0.7701776	-0.6990285
0.6177945	-0.851426	1.7665449
-0.77692175	-0.5026494	-1.6505924
0.1664877	-0.25868198	-0.04087823
1.3744841	-1.630913	-0.021763854
-1.1498783	-0.19053915	0.7246304
0.32703495	-1.4527392	1.015212
-2.0843546	-0.59537613	0.6157078
0.5052419	-0.45713297	-1.048634
-0.7151842	-1.0482602	-1.7203714
-0.20402813	-0.55197823	-0.86969984
-0.35320568	-0.81949234	-0.6785163
-0.9149637	0.59364486	-0.58460444
1.4339576	-0.8099382	-0.36726266
-1.3731382	-0.2749001	-1.1961957
-0.112240076	-0.99554455	-1.0475714
-0.42566586	-1.9746417	0.5878833
-0.16098952	-1.0716829	1.8976817
1.7603526	-0.352962	-0.5171473
-0.14021373	-1.2462822	-0.5529722
1.358284	0.33912003	-1.2871919
0.22553992	0.65334237	-0.21150948
1.9169931	-0.22236416	0.19194093
-2.46542	-0.7120836	-1.2999753
0.49117374	0.30251136	-0.13074878
-0.6444588	0.46505642	-1.104879
0.60392714	-0.27370384	-1.6423898
-2.7583637	-0.6830666	-0.027464636
-0.17465615	-0.29698452	-0.09143172
-1.9985032	-0.30913213	0.70611334
-1.0059366	-0.8829385	-1.2406319
2.057097	0.7820982	-0.70411247
-0.83345985	-2.220044	-0.59878963
-0.94136	-0.35711202	-0.7619341
0.6160674	-0.1577419	-1.1431575
1.5465226	0.18702826	-1.3226401
-1.886716	1.3249186	-0.10979642
1.0984554	-0.33483848	-0.8635574
-2.9565983	-0.31631538	-1.0224193
1.7381868	0.027635574	-1.2877951
1.0410523	-0.20959711	-1.2409534
-2.0270252	-0.19594464	1.4815644
0.96067476	0.8240657	-0.33130592
1.7210469	-0.85808396	-0.6559276
-0.6298578	0.29322428	1.5245956
-2.0991082	-0.47789475	-1.4392852
-0.6729138	-0.47856393	-1.8550255
2.6151986	1.0170076	-0.80677414
0.22217155	-0.34593508	0.5760198
0.7462268	0.060598373	-1.6959575
-0.5726166	-0.5004358	-0.33034217
0.62755156	1.5744008	1.8427453
2.4423804	0.36116055	-1.0803341
-0.46772742	0.07750106	-1.2781675
0.86589336	-0.7185713	-0.78364897
0.6639857	0.4904232	0.5945929
-1.0699732	-0.48812065	1.1337768
1.1785083	-0.66096056	1.0780185
0.64576674	-0.055359304	-0.5166835
-1.768013	-1.3697205	2.128637
-1.9019135	0.51165086	0.5487528
1.0262752	-0.54093826	-0.93416953
1.3974013	-0.06434074	-1.0925683
1.7479267	0.5084487	-0.066329
1.9577866	-0.39343068	-0.016181953
0.6819482	0.070873156	-0.69264877
0.7046151	0.0729696	2.009425
-0.11170292	0.15141228	0.8922216
0.23445773	0.64702255	1.5153569
1.2406297	-0.63841903	2.22419
0.81000805	0.08309053	1.1247315
1.1184669	-0.6472857	0.64850813
-1.1243362	0.25728425	1.4015034
-2.08601	0.41146237	0.28453958
-2.845462	-0.17007127	0.9463703
-2.3783002	0.33327374	-0.6438905
-0.87339115	-0.36239007	1.3726732
-0.2698543	-0.28024516	0.6508193
-1.3930192	-0.39220247	0.28386307
-0.89896727	0.13397507	-0.86564887
2.0190773	1.9820192	-0.16061895
-1.2589962	-0.3134955	2.130574
-0.8993583	0.8643148	-0.3606547
0.041061163	1.6333779	-0.2735858
-1.1244588	-1.1678654	0.35101134
0.9131632	0.17631401	0.1736012
0.19418979	-1.2544452	1.4556968
0.4795189	0.60404146	0.36396486
0.51571083	-1.777713	-0.001085829
-1.2861218	0.6251787	0.8246203
-1.2154794	-0.06236449	0.015985945
-0.25443316	0.805035	-0.98463243
-2.435071	0.11031748	0.33607483
-3.7682064	-0.67912936	0.27264804
-1.7024648	-0.9765718	0.7536996
0.3088708	0.003954798	-1.2638915
-0.7259805	2.1018732	0.32302183
0.38886642	-0.09534615	0.5518142
-0.8242886	-0.36365452	-1.4240811
-0.41138577	0.16197923	0.9578273
-0.36059666	-0.70622647	-0.77267915
-1.3996534	-0.44045058	0.6343434
2.5625544	-0.15254104	0.35312998
-2.9676523	-0.11979854	-0.5333783
-0.3922143	-0.33262816	-1.2812645
-0.025064707	-0.6408291	0.28529873
0.21521473	0.07668227	0.5741329
-0.9162102	-0.46722278	0.9317396
-1.0265527	0.04194291	0.086986706
4.833604	-0.38935181	-0.94637537
-0.4752879	0.0060623735	-0.21931688
0.5983882	-1.1229361	0.33112055
-0.15078783	0.15983152	0.3998928
1.1680603	-0.08226955	0.48385024
-1.4919214	-0.46418068	1.0481852
0.8459244	1.2561051	-0.94587433
-0.26399803	1.3799553	-0.5896052
0.44161034	-0.5184779	0.5448643
1.2104497	1.4582578	0.24769598
-0.054347515	0.33304396	-1.499535
-1.9211875	-0.47822657	-0.075723514
-0.81491566	0.04552272	1.0685599
-0.6513252	0.45922512	0.18998586
-3.1956859	0.071504906	1.4286172
0.8142619	-0.85093236	-0.5031452
-0.033715963	-0.63842356	-1.7595274
-0.9112427	0.12923625	-0.64773697
2.0798173	-0.69726384	-0.27463984
-1.070111	0.42269993	0.42323714
-0.16502094	0.09756246	0.031854857
-0.3458898	-0.013278872	1.1895827
-3.076772	0.18343917	0.55815876
1.1696033	-0.20890263	-0.13142344
1.0253472	-1.2284384	1.045693
0.29238987	0.39586827	0.8573469
-0.85264015	-0.28552404	0.44010466
0.2075262	-0.38609388	-0.29442823
0.14966106	0.84214175	1.144504
0.14398551	-0.28896132	-0.360884
-1.4949265	-0.28600863	-0.9141762
1.7833157	2.0850632	0.3945191
-0.09869504	-0.96490943	-0.07077279
-0.60072327	0.39536595	0.2742965
-0.22236228	-0.06800833	0.76858974
-0.08355355	-0.7031765	-1.2088773
2.1421657	-0.38606188	-0.046730474
0.2049756	-1.0301149	0.40535796
1.002439	0.4061777	-0.40065634
-0.369694	-0.3468834	-1.2428434
1.6104941	-0.16114089	-0.09871332
0.15366983	-1.4090344	0.19419375
-0.3050151	-0.4715049	-1.1169095
-1.0311644	-0.40645286	0.60279995
0.38889837	0.40935832	-0.4160924
-1.8930758	0.06457345	-0.14104363
-1.3704059	-0.17935646	0.08951792
0.5478878	-0.0025997013	0.29405576
-2.7456613	0.10096188	1.3879958
0.5560589	0.8227439	0.6081093
-0.5325141	0.13805765	0.41502005
1.8765707	-0.5483061	-0.08124207
-0.6293695	0.4899943	-2.1545174
0.6218424	-0.47091267	0.68396765
0.97756624	0.38425457	0.9613605
1.2773752	0.7107824	0.25471255
-0.22190166	-0.024052233	1.5826098
-2.5887704	-0.5022862	0.3182078
-0.11305976	0.07216899	0.6782859
-2.2137372	0.08706199	-0.35504162
0.421638	0.1460672	-0.5353576
-0.24157906	0.107636884	-1.1548796
-1.4569118	0.08369358	0.3619057
-1.2240155	-0.1719313	-0.1811491
0.050879	0.5870372	-1.6267413
-2.0039635	-0.27238432	1.1420165
-2.2053814	-0.40104714	0.11849755
-1.3549232	-1.2216033	1.5405064
0.14907908	-0.28988913	0.6175628
-1.9383838	0.59115386	1.3138422
1.5079336	1.7896304	0.7772454
0.2657132	0.63878	0.6168404
-0.83178735	0.6974231	1.098594
1.1756744	0.3624208	-0.9045512
-2.073515	0.04575345	-1.1585653e-05
-1.5018489	-0.7694243	-0.08407672
-1.5673406	-0.28785923	0.055606
1.5554051	1.2417393	1.4840242
-1.4199572	0.09701915	-1.0738335
0.9172096	0.1507904	-0.34581542
-1.01349	-1.1896058	-1.1862999
-2.0605707	-0.017022282	0.12612095
-0.42151475	0.21024731	-0.9114971
-0.6788461	0.5924599	-0.48396707
0.26580286	-0.14907497	-0.020950496
-3.8130078	-0.43748793	-0.16884586
-0.6986029	-0.68009543	0.6418459
-1.4764507	-1.0155755	0.07971588
3.3602195	-0.7365236	0.35857123
-0.018630981	0.13067272	-0.44623077
-0.36923647	-0.9173502	-0.94641626
0.5470953	-0.5305686	-1.0303952
-0.5740857	-0.556335	0.017804129
-0.70990324	-0.12704927	-0.32160318
0.23503494	2.8410156	-0.2960053
-1.1484187	-0.23373547	-0.19594756
-1.1258004	-1.1340425	0.5381647
-0.55276084	0.025919989	-0.09410128
-2.1025143	0.56788695	0.75915694
-0.866626	-0.41318515	0.66527736
-0.15793252	-1.4987385	0.16029511
1.8072195	-0.63660693	1.551711
-1.3614845	-0.15935123	1.0169834
0.75176954	-0.64762485	-0.6263257
0.57591677	0.48626238	-0.3596143
-1.626384	-0.17506495	-0.61345387
-1.5941651	-1.094961	-0.6010726
1.1671705	0.4677397	1.0354452
-0.25357914	-0.07497552	0.88071954
0.3885584	0.15039477	0.5987471
0.18045878	-0.44886932	0.7150499
1.013227	-0.12770468	2.0004933
-1.1921523	0.7980592	1.3659223
0.71930027	0.43237022	-0.54754466
0.4486103	1.8896216	0.719364
0.8039174	-0.34846756	0.084764674
-0.26927543	-0.3484635	-0.5549833
1.151752	0.83616865	-0.5161232
-0.09855914	0.5284809	0.14796099
0.38511992	0.23128662	0.3110044
-0.2591021	0.39892948	-0.12563089
-0.3094952	-1.2422657	0.33556163
-0.26507735	-1.3799608	0.92577696
-0.43366528	-1.0909364	-0.25668025
0.31672812	-0.9633807	-1.368815
1.026978	0.020197049	1.5262285
-0.7545433	-0.48035195	0.6270557
-1.7515886	0.3195821	-0.92020124
1.7001858	-1.6418408	-0.47619933
0.43410826	-0.44176885	1.9393325
0.052695274	0.39614475	0.51913375
1.250803	-0.78306675	0.86194885
-0.051380873	-0.5381743	0.5852338
2.94313	-0.3991442	1.0853192
-2.2625744	-0.30186835	-0.95524585
1.146882	1.4553356	0.4506644
-0.54017615	0.83126855	-0.35740495
2.0843067	-0.60679626	0.7657682
-0.8165741	-0.052972883	-0.5164969
-1.555572	0.12464055	0.6839857
0.7817097	-0.9677392	-0.90417343
-0.7504082	0.40145665	-0.4184783
-2.1631894	-0.12566552	-0.17201528
-0.6664684	0.14590883	1.2400169
1.6074619	-0.033961058	-1.6670454
2.1911922	-0.29819837	-0.6314177
2.6479626	0.024217308	-0.26289368
-0.76690173	-0.4052743	0.037181154
1.1095581	0.018158734	-0.10513869
-0.29804134	-0.8494396	0.19405273
-0.7494769	0.4459934	0.6268318
-0.17963696	-0.6517458	0.6320227
0.6269584	-0.32469943	1.2385479
-2.196669	-0.25202882	1.3622884
-0.2393837	0.617365	0.5756029
1.0149813	0.38865012	0.31986368
1.6899781	-0.5623864	-0.15159084
1.3864098	2.3406956	-0.302171
2.149167	1.9015594	-0.48982257
0.6308603	2.4701128	0.7668104
-2.079515	-0.21959776	-0.58685017
-0.10902524	0.23508547	-0.5868531
-1.2126596	0.17387237	-1.4446226
-0.18609715	0.7966299	-1.2424577
0.15893888	-0.3678057	0.48639607
3.490796	-0.54727316	-0.19656326
-0.17315173	-0.93050337	0.693478
-1.6177809	-0.5146911	1.4927559
1.5753632	-0.507594	0.8889928
-1.9469684	-0.096648335	1.5143384
2.4641204	1.4782615	0.25090295
-2.0253115	-0.62249804	0.6698157
0.92080927	2.1152964	0.30446655
-0.20166683	0.5106497	-1.0445083
3.0371113	-0.108802885	0.38226628
-0.98823667	0.7293937	0.5012411
-1.212601	0.5212638	-0.8455567
2.024632	0.5328484	0.2880609
1.314816	0.0048963577	-0.76137114
0.6567545	-0.016039103	-0.5808125
-1.8767754	-1.4650147	-0.9154284
-0.4966874	-0.5399529	0.25113165
1.383183	0.20740895	-0.24551009
1.1512733	0.4188383	-0.77583146
-0.16811156	0.14968246	0.9023976
0.29928303	-0.3557727	0.9085311
1.2952018	-0.6975529	0.9263374
-0.87504554	-0.3546407	-0.8325754
0.59556293	-0.72103417	1.9020681
-0.5140419	-0.9440011	0.0592537
-1.4527719	0.081531495	-1.2999653
0.63036156	-0.90928185	0.8054092
0.6366191	-0.27792987	0.7680596
-0.95342803	0.2642303	0.5072075
0.21321392	0.3609436	1.8655366
1.0278697	0.72193265	-0.41310376
-0.28721333	-0.32580522	-0.73041844
-0.22668839	0.64236987	0.38522398
1.6338954	-0.73425925	-0.87400186
1.0764866	0.40519273	-0.5074833
0.7919636	0.6695503	1.4862537
1.9880929	2.2759154	0.31570482
-0.27860904	-1.4812964	-0.5954543
0.55737543	-0.1454247	0.9070575
1.3702178	0.4881539	1.1463952
2.9696593	-0.9324255	0.6538343
1.2281094	-0.09098092	-0.20456934
0.65982485	-0.9318522	-0.21957518
0.625195	-0.77431583	-1.4640796
1.2148914	-0.46908107	-0.9875415
-1.1296015	-0.6729523	-0.1067795
0.43634367	-0.81049204	-0.21017094
-0.15609026	-0.2090708	1.192069
-0.36053586	0.5654884	-1.2554489
1.1149406	-0.0055185705	-0.48492223
-0.34115624	-0.13793698	-0.5771191
-1.0567937	-0.5497352	0.7589419
-0.15122533	0.16959342	-0.14994746
2.4929996	-0.36766782	-0.36737388
1.2152591	-0.16943637	-0.6262205
0.9873657	-1.2142401	0.5968492
-1.4474711	-0.14503756	0.99735576
-0.28575158	-0.04234466	1.0643766
0.96039915	0.23179743	1.0944985
0.0743916	2.1687922	0.23839223
0.26419234	0.04954028	-0.49184573
-0.15493727	-0.003686428	0.8029731
1.0968556	-0.23409235	0.3781824
0.48512793	0.121144325	-1.1074569
0.9904051	-1.0030992	1.4343626
-0.53177786	-0.6030916	1.3721111
-1.1307201	-0.40410385	-0.78855634
0.88299227	-0.024023503	0.21352921
1.0367723	0.21696544	1.5081121
-0.49805307	0.37947267	1.1989406
-0.56197786	0.035410404	0.47449774
-0.83919644	0.09806691	1.0901234
1.0226698	-0.19883019	-0.4697469
0.6731672	-0.35093245	-0.74808013
-0.76274633	-0.61712146	0.21914512
0.682282	0.25000253	-1.315894
0.9421382	-0.05245185	0.4050346
-2.2942772	0.12899971	1.5862427
-0.28746057	-0.12175891	1.3842008
-3.2985005	0.107499614	1.1405128
0.89586926	-1.1243093	1.1774242
-0.3346753	0.8613993	-0.4304424
0.52844906	-0.030058563	-0.72303826
0.4399662	-1.1915848	-0.47934127
-2.7058296	1.0287967	-0.28654522
-2.0021367	-0.3825498	-2.1137357
-2.645732	0.080764085	-1.2498982
0.13825035	-0.5213449	0.23760031
-0.0040683746	0.4853388	-0.10463379
0.6087098	-0.1683366	-0.37247097
-0.11413646	2.6519964	-0.010814298
0.8340821	2.1764064	-0.7229062
-0.6160245	0.594054	0.043320265
0.047207832	-0.33428428	-0.7484634
2.1451297	0.21420994	-1.210509
-3.309262	-0.48849759	0.025518972
-1.1976354	0.5244895	1.0547436
-1.6917541	0.27096796	0.10456683
2.6107306	0.46539575	-1.2257984
-0.067676306	-0.5369823	0.6746908
0.84714365	0.5232411	0.17873192
1.4934425	1.3344989	-0.563469
0.9572654	0.8022797	-0.075045615
1.5585599	-0.21219519	-0.37638593
-0.60918355	-1.5140557	-1.1365452
1.6600103	-0.50605345	-1.1441132
-0.9484055	0.39934337	-0.40760672
-2.7597523	-0.4938399	-0.42056948
1.2068806	1.2782272	-0.38334936
1.1378312	1.937101	0.61339504
-0.5859573	2.77446	-0.09791307
1.1038799	-0.012672186	-0.35383677
-0.7625916	0.8648132	-0.5564381
0.18455648	-0.58418095	-0.22288005
-0.44656706	0.24861157	-1.0867897
0.13231635	-0.78581166	0.41655737
0.93791485	0.68890584	1.0210531
-0.4720943	-1.42497	1.7497702
0.029882908	-0.5961323	1.2583303
0.073247194	0.32843405	-0.5723078
-1.1252222	-0.39758757	-0.7954719
-0.59725976	-0.6562128	-0.023284778
1.1671214	-0.1430192	0.65612787
-1.0571632	-0.28904882	0.7883747
5.674782	-0.6918174	-0.06990833
-2.1354477	0.32824308	-0.69803286
-2.3268242	-0.02851203	-0.40272874
3.0117087	-0.85806954	-0.6244585
-2.0123672	-1.7796575	0.26084682
0.248801	-0.032364756	0.16035219
0.074609995	0.7913525	1.057667
0.89161396	0.13682266	0.10599939
-0.2057581	0.34724015	0.30685133
-1.2891426	-0.37057868	0.5274343
2.3192039	-0.98298776	0.06657523
-2.4258397	-0.09682304	0.32897776
0.8521743	-1.3025911	0.5434474
3.2304935	-0.12635198	-0.8143052
-0.24673295	-0.70038784	0.3153196
1.4047008	-0.28149274	-0.84696954
0.9604969	-1.3006635	0.16572133
-1.0391569	0.18589258	0.112699986
0.0059070587	-0.2329407	0.60465884
2.4886966	1.345149	-0.12601762
1.6264105	0.04817356	-0.032969832
-0.7798152	0.40276718	0.52932245
0.3321681	2.7886345	-0.014936294
-0.10870814	-0.19696623	-0.7275761
-0.24573255	-0.9443054	1.5742671
0.109639406	-1.1828254	-0.3029024
0.7928667	2.720715	-0.344208
1.4759016	1.492235	-0.111616254
0.4025693	2.5188568	-0.49558526
1.4273119	1.2125009	-0.27743667
0.26952028	-0.026818186	-0.048364
0.23052216	0.12152003	0.51517314
0.93933773	1.3436923	-1.0032635
1.1786494	-0.12622148	-1.2454888
0.11311364	2.9211993	-1.8431215
1.7162399	-0.109674394	-0.89631915
-2.254576	-0.6396769	0.6306041
1.3165984	-0.2075851	0.04524926
0.5990577	1.9896216	0.24356362
1.8911977	0.22049983	-1.6186448
2.0839586	0.23694491	0.017386405
-0.1816082	1.7097824	0.74121034
0.05624032	0.4200136	0.057211094
0.7656398	0.7350508	-1.3642709
2.3647633	-0.5133463	0.612467
-0.8706548	2.0554743	-0.48576695
-0.87575316	1.3173766	-0.6267067
-1.525569	-1.3426638	-1.1745245
-0.4176488	2.594934	-0.58156586
-1.0825577	-1.745893	-0.56035054
-0.81152296	-0.39132527	0.10755531
-0.6203196	-0.5351256	-0.3169543
2.9937391	0.15832892	-0.66587555
0.34715748	-0.33447376	-0.7465253
-2.326808	-1.0692214	0.34507793
-1.5769732	-0.21446854	0.8452481
-0.20701003	-0.789099	1.8470511
0.06838703	0.532151	1.0155792
-0.57476425	-0.23853582	1.1966202
-1.48985	0.4385714	1.7168899
0.33437014	-0.21453246	-2.060865
-0.39008164	-0.14183336	0.13712412
-0.5993376	-0.96130717	0.07235277
1.1501007	-0.09355605	-0.0038154349
-1.7212903	-0.5540061	0.7671729
-0.79447365	-0.2224026	0.06403999
1.6015549	-0.95402384	0.1306113
0.6682067	0.2664749	0.34529835
1.224771	-1.6048912	-0.96673995
1.8953876	-0.87604856	-0.44247073
1.7359772	0.13254455	-0.8651632
-1.0068579	-0.51175404	-0.6093863
0.35216808	2.4549966	1.0461452
-2.1590586	0.6793146	-0.018127248
1.4122324	0.5939603	0.16440254
-1.6113322	-0.052731574	0.28603783
-0.0011415482	0.81770825	0.31311852
-0.24215531	0.17248198	-0.5115905
-0.33496428	0.0058154613	-1.3589016
0.56061935	-0.44530985	-0.09181003
-1.2917228	-0.16610587	-0.54316235
1.5092196	0.23868015	0.030633196
0.2381804	1.1879027	1.0661906
1.7989359	-0.16708165	-0.7127121
0.421175	-0.29632238	-0.13592769
0.7857933	-0.1512337	1.280051
0.46130705	-1.6453029	0.29947144
0.024168968	-0.4496378	0.3555888
1.1082697	0.72637427	0.72052974
1.5475049	-0.88045454	1.0251359
0.91314936	-0.14574161	-0.9047609
-0.5208154	-0.1704494	0.4779268
-2.1699867	-1.0210313	0.23386544
-2.842537	-0.6339164	-0.30459386
-0.84272456	-1.0163527	-0.35492957
-1.4423633	-0.46289286	0.8526358
-1.1945438	-0.42031518	0.4216944
1.215745	0.30522165	-1.0530785
0.29119205	-0.8580985	-0.14495897
1.2462096	0.43542522	0.3814289
-1.2178824	-0.48800728	0.51424134
0.34713984	-0.19465569	-0.29826367
-0.077311754	-0.1865547	0.5256449
-0.7411449	0.4012926	0.8430219
0.18515253	-0.021198899	-0.73192495
-0.96059346	-0.469631	-0.32544643
-0.44952822	-0.4243181	0.35131907
-0.020126581	-0.21842301	-0.0025013983
0.7265153	1.7192128	0.13855577
-2.5528066	-0.38015154	1.3462533
1.3746738	-0.20645595	0.8062049
1.0753613	-0.19505015	-0.8108017
0.57160616	-0.9916686	-0.43991625
0.6115637	0.3305641	0.42059964
1.3057599	-0.25158927	0.6422746
-0.4637437	0.93416226	-0.52971274
0.24552011	-0.16289377	-0.9003492
0.41945124	2.654858	-0.19949567
-1.390271	0.81218624	-0.37771958
0.800395	0.10584037	-1.4397573
-1.2032514	-0.50482655	-1.8375207
1.3112645	1.8973013	-0.43769825
1.3431549	1.1769458	-0.32260638
-0.038447857	0.5654441	0.69048494
0.6058192	-0.5636418	0.22417238
3.0117106	-0.6144067	1.0946597
-0.44905496	-0.20562536	0.2557094
1.7560987	-0.6821773	0.5062884
0.586833	-1.0998908	-1.0487376
0.5249114	-1.4304069	-0.15555805
0.35686398	0.46494102	-1.0790359
-0.054432392	-0.4963638	0.68789715
0.58720064	1.1094482	0.34836352
2.8544707	1.2977227	0.031074634
1.4102602	0.4617223	0.0499773
1.683815	0.29225406	-0.1648892
-1.0695572	0.42594025	0.18440224
1.0231576	0.8921261	1.2140698
-2.3167958	0.30153954	0.888556
0.15820932	-0.4872482	0.39480865
1.1273432	1.9725142	0.016735611
0.58147097	-0.31977847	-0.21517779
0.7321024	-0.42254367	-1.0619351
3.4471326	-0.4883512	-0.353091
1.454052	1.0314006	-0.8698395
0.7597108	-0.18635735	-1.1178343
-1.9325335	0.05252263	0.80716866
2.273509	0.06269032	-0.18037707
1.0488639	-1.3745195	0.04888514
-0.96606755	0.58425766	-1.711165
0.31952143	-0.28843084	-0.65571046
-1.288337	-0.75020576	-0.07885573
-0.41125107	0.38681442	-0.4947437
0.33069754	0.11189157	-1.1197457
0.8340063	-0.9989356	-0.15471628
2.2669902	-0.08959299	-0.67820585
0.4376397	-0.068238825	1.0378009
-0.7644961	-0.31594262	0.85807383
-0.8268542	-1.1874709	0.6594665
-0.1715517	0.23760542	-0.7211982
-1.0203922	0.6912211	0.7279339
-0.9315572	0.15147531	-0.5664787
2.6699991	-0.56217253	-0.076772176
-1.7678919	0.21324529	-0.2092577
3.3065376	-0.4242771	-0.17946915
0.7105913	-0.36442164	1.3903114
1.0466714	-1.6826036	0.65896666
0.9848733	-0.6064509	1.1312968
1.4161773	2.0577106	-0.17678982
0.3267765	2.258517	-0.5170834
-0.43332267	0.4885238	-0.43761653
-1.3434563	-0.12244031	0.18674138
-2.1412704	-0.41211793	0.9915397
0.96640253	0.30963343	-0.4501968
1.1014166	-1.1636612	-0.88323295
1.3413544	-0.40195122	-0.8168558
-0.64872146	-0.1997624	-0.09184879
-0.32000756	-1.1663581	1.0131127
-1.269161	-0.2907448	-0.02057667
-0.6594672	0.10997881	0.06463802
2.2658052	-0.47571853	-0.35252196
1.568253	-0.8976141	-1.2347143
0.34706974	-0.08723891	-0.15388176
0.3734126	-0.39642194	-0.98352545
0.7400389	-0.28425947	0.46091342
-0.5063026	-0.6012523	-0.53622997
0.4745679	0.036672503	0.47731954
-1.1777143	-1.1053933	-1.1932778
0.32939196	0.10977948	0.45233655
-0.67844653	-0.46545032	-0.39393628
1.3450112	0.6963175	0.13916925
2.1124244	-1.175551	0.69003963
0.45659494	-0.87257123	0.12116813
1.9587221	0.18823954	0.51967835
0.9285364	-0.23526847	-0.06910648
0.9212618	-0.66319895	0.4786842
0.7078223	-0.612087	0.52041876
1.5026727	0.0028039068	-0.1406259
0.6843672	-0.27615544	-0.20492002
1.2779918	0.2518784	1.1576494
-1.0850554	-0.039358675	1.440048
0.26415563	-0.49401084	0.6976164
-0.28456092	-0.4706724	-0.7537524
-0.9059565	0.2363139	-0.9656572
0.5025692	-0.37459585	1.2662697
-0.6131685	2.1723013	0.42971748
-0.05132675	-0.2861432	0.9148285
0.3067093	-0.71245563	-0.14227457
-0.9721401	0.5240756	1.1729269
-1.5644522	0.107251704	-1.0677048
0.19933891	-0.9475957	-0.7378495
0.5879369	-0.1564593	-0.29735005
0.46510792	0.5246788	-0.8005848
1.0135193	-0.42042807	-0.3279652
-2.4334447	0.37447172	1.3796041
2.2447042	-0.61969745	-0.3091519
0.8543267	-0.099152416	-0.8287092
-0.19855452	0.41905206	-0.45284206
-1.0643878	-1.0136077	-0.9171885
0.88365316	-0.26572523	0.079056546
-0.6903832	0.70413697	0.28818
1.9654045	0.4211736	-0.8807893
-1.007312	0.5420212	0.47928202
2.062076	0.966534	0.78744483
1.1950874	0.84059215	-0.49071467
-0.3403077	0.6970266	-1.1249036
-1.4496148	-1.5452213	0.45209026
1.112957	0.08155134	-0.8678477
1.0462022	-0.6446936	-0.8618105
1.5909066	2.0587158	-0.53035146
-0.042292833	0.46558553	0.097537264
-0.18331337	0.7689595	0.56859434
0.6986718	0.28162506	0.4689684
1.3355894	-0.87811303	-0.07932275
-0.1604793	-1.4292136	-0.9316612
0.9381275	-0.6223912	0.20122088
-1.2243578	0.4670294	-0.5799886
-0.40836835	-0.8946792	1.1556046
0.14986348	-1.039815	-1.4987783
0.46346283	0.8172399	-0.016112614
0.018597364	-0.101124436	0.22122598
-0.97750497	-0.46467146	-0.9154058
0.075778246	-0.16796064	0.1231037
0.560205	-0.2556671	-0.5689602
-0.5753665	0.23680241	1.0206944
1.6419497	-0.14507863	-0.11119002
1.4075847	-1.0742875	-1.0494335
2.210948	2.378182	-0.54465497
-2.5382166	-0.16206434	1.01611
-2.6927667	-0.21893138	0.0036151148
-1.3584745	0.24134591	0.93537706
-1.6916871	0.3592237	0.7890854
-1.0205872	-0.3745987	-0.61102086
1.6275563	1.6262506	0.395393
1.0813375	0.077876	0.647372
0.01230979	-1.2237862	0.82651925
-0.22912335	-0.445788	2.5401933
-1.3410962	-0.71944773	1.7497065
-0.6577487	1.8961521	-0.35891175
-0.2213502	-1.284135	0.04951608
-0.20302081	0.15126938	-0.39104187
-1.3267632	0.06539446	-0.04145609
0.3393221	0.9211365	-1.0223143
1.2437916	-0.376811	-0.84333295
-2.3530931	1.1793284	0.091838844
0.8500166	0.6472571	-0.30226386
3.2006364	-0.85959303	-0.4832514
-1.0417097	-0.33179316	0.68032366
-2.741084	0.31553715	1.0676043
-0.65360856	-0.029252172	1.648792
1.1329055	0.18413389	0.5105555
-1.9440078	-1.3483058	1.1856463
-0.09319472	-1.0154383	1.5310577
0.21262407	-0.2904912	-0.8780236
-1.4127867	-0.3888683	1.1807349
0.49281406	0.31707525	0.58537036
0.84506893	1.9285914	0.7880562
0.5830116	0.55701613	0.7902833
0.06841159	-0.61902356	0.30142194
-1.4596124	0.5726657	1.5700442
-0.15285015	-1.0004009	0.34535366
0.8420477	-1.2162749	0.19685717
1.570971	0.9114251	-0.112760246
2.1846256	-0.43177298	-0.25037938
-2.295092	0.6873878	0.11297722
-0.13571954	0.98762405	-0.5790242
-0.7367575	-0.047611743	0.6164021
-1.1094143	-0.57744634	0.26740137
0.125736	0.4799783	-0.35404086
1.9416504	0.07554564	0.9358948
0.42454004	0.25120968	-0.07166747
-0.4745524	-1.4302001	-1.425493
0.62933016	-1.2530038	-0.72358555
-0.7999191	-1.4019743	-1.1826864
1.2099891	-0.57333934	0.71212286
2.3118892	0.6216763	-0.24227415
1.0746174	1.5803822	-0.79391956
-0.15334582	-0.73990345	-0.12829722
1.6373243	-0.677114	-0.513972
-1.9124888	-0.16821608	-0.19071147
-2.1246061	-0.6024082	0.12614526
2.5303965	0.6857299	-0.18334094
1.0900779	1.4388449	0.51252025
-0.37329078	-0.21798518	0.88918406
-0.9756105	0.8760967	-0.6442039
-0.7609308	0.33169544	-0.75043464
-1.4206815	-0.80101573	0.41202766
-0.55345845	-0.8580098	1.2135626
-0.092173815	0.5429312	0.87458825
1.386085	1.6394917	0.27524912
1.6256075	0.93321323	-0.24983816
0.79341793	0.5693467	1.288789
-0.22911072	0.775354	0.68278337
0.15650249	-0.6976501	-0.17775296
-1.9840612	-0.38656053	-0.2694887
3.150622	-0.44962588	0.48008263
-0.6590934	-0.060727388	0.09930042
1.7399659	-0.6507677	1.119394
1.6817002	0.27291209	-0.55729496
-0.9476936	-0.36348882	0.43870586
1.8211331	0.21925184	0.5622634
-0.45421243	0.12720123	1.7065227
-1.7261555	-0.6842514	-0.23312174
-1.1474764	-0.41663828	-0.078735575
0.9698229	-0.13826397	0.53085834
0.78826714	0.40310693	0.502233
0.8162737	-0.055781454	0.04073519
0.72871447	-0.31652388	1.386193
-1.2228374	-1.6908365	-1.1355436
2.3124995	-0.6382613	-1.3074286
0.33152342	0.5896021	-0.69304365
1.4310489	-0.43400046	-0.002666533
-1.6204863	-1.7053472	0.49059469
-0.29494	-0.54091597	-0.69332063
-0.44198918	-0.5572897	0.9316549
1.2316165	-0.9883653	0.8492712
0.19721055	2.1778991	-0.110661045
1.2257147	0.09167841	0.06792852
-1.174792	1.34334	-0.29895073
1.9762688	0.2239108	-0.6421943
5.632434	-0.68965507	-0.04345066
1.9976578	1.1624653	-0.061214633
-0.10697293	0.7826506	0.2889202
0.9210663	-0.9053862	0.5115079
5.2505894	-0.60641074	-0.04185453
-1.0572896	0.35235956	-0.73003846
0.85022306	-0.9787997	-0.71056896
0.042310238	0.27479362	-1.0637208
0.21563458	-0.55329716	-0.2050354
1.0248828	-0.020964772	-0.46718097
-0.7975302	-0.32412013	1.8698542
-2.2533839	-0.9561492	1.2796416
-1.5254295	-0.37889203	1.0825784
0.63324356	-0.13784099	1.4988366
-0.012016773	0.40716976	0.17861241
-1.0171449	0.14425679	-0.69416296
1.2260132	-0.73881996	0.027431425
2.1035247	1.2115895	-0.0648526
-1.9655159	0.45089462	-0.38006765
-0.667171	-0.34139052	0.9939553
0.39817142	0.059036463	0.11082049
1.7123518	-0.49253902	1.5194796
-0.8122966	-1.1001581	1.1646814
1.819932	0.26866722	0.46911
0.0086836815	0.032800555	0.791638
-0.111516476	-1.1360183	0.44385654
-1.1054556	-0.085010946	0.42886525
-0.64161444	0.11255446	1.1947708
-0.050905466	-0.14231837	-0.30921078
-0.40488195	-0.43082616	-0.81996363
-0.151788	0.7226182	1.1322747
2.919239	-1.3372159	1.0337015
2.0033374	1.6402228	0.1101559
-0.63139844	-0.46338502	-1.1337109
-0.26003313	-0.50407743	0.97918504
-2.5419116	-0.11184198	0.29162526
-1.4306004	-0.8941692	1.8148518
2.6705775	-0.653247	-0.2997927
0.017969847	3.0142832	-0.04956276
1.486094	-0.16248414	-1.6317614
1.9644957	-0.41203025	-0.0015949942
-0.33332205	0.7817669	-1.1731579
0.12982082	-1.5096773	-0.40234673
1.0325842	0.1685195	0.5474191
1.0917392	0.057240188	-0.045980714
0.34014845	-0.5302092	0.40943408
1.3807983	2.7537303	-0.20820235
0.46962786	-0.7045065	-1.754967
2.6082807	1.5075744	-0.88696706
-0.52980113	-0.8214625	-1.3304288
0.5219579	0.34163076	0.25412548
1.0479531	-0.6260022	-0.99713486
1.2563415	-0.5208367	-0.8640441
0.4174285	-1.0262135	0.3072626
0.11513686	-0.6717521	0.8847897
0.70917463	0.14670315	1.2083181
0.65208673	-0.23162377	0.75062454
1.5454593	0.102610424	-0.93842465
-0.9918556	0.06389454	0.14832705
-0.8022437	-0.58062506	0.34170276
0.85434103	0.3171769	-0.044246554
1.3358502	1.0774264	1.3676531
0.65063524	-0.21545476	-0.26643765
-0.4113214	-0.8599837	-0.38474357
1.1476388	0.2760057	-0.08601241
0.32145596	0.6605819	0.13651171
1.4904141	2.0766726	-0.62659967
0.59794044	0.16471556	-1.4826213
0.42163944	-0.5780257	-1.0015138
0.513185	-1.2148502	-1.2439607
0.5090885	-1.4712902	0.5184541
-0.021270514	0.060788915	-0.21700089
0.57978964	-0.06289327	0.71627796
-1.3450944	0.9176005	-0.02452664
1.2262115	-0.22267061	-1.3302432
2.0452013	-0.22775474	0.009660553
1.469089	-0.46645257	-0.5676471
0.41792154	0.27647483	-0.5124879
0.2695241	2.822239	-0.6810944
-0.21846795	-1.0568453	-1.3902605
-1.2002411	0.064193726	0.2974428
-0.2922659	0.012624726	-0.17567429
-0.21925116	-0.80705464	0.2903065
-0.9257295	0.0718617	1.9606857
1.1669312	0.1429727	1.3198175
1.613637	-0.7633147	0.6417485
-0.14283514	-0.27315232	0.6028003
-0.5475433	0.796955	1.1847175
-0.8512342	-1.1153039	1.0722486
-0.6904011	0.18989742	0.954037
-0.64109564	1.0014584	-1.0338501
-0.9688554	1.1145896	-0.02001515
0.5571985	-0.5336573	-0.8137671
0.33585024	0.078113854	-0.79881734
-0.37626958	2.6034782	-0.15945998
0.044830084	-0.101921916	-0.21844293
1.1418099	0.88573074	0.72319466
-0.7143688	-0.78117585	1.1390882
-0.33917952	0.69377196	-0.41010416
-0.13131142	2.032735	0.2783229
-1.0496297	0.90725577	-1.0813067
5.6940384	-0.71629703	-0.029228605
-0.11920929	-0.39740303	-1.1966112
-2.819223	0.110143766	0.16136
-0.62154317	-0.47804126	-0.021431334
1.2283278	-0.4796464	0.19393738
-1.2984505	0.9212822	-0.7411902
1.4347968	0.48191047	-0.498949
-0.4929409	-0.27075532	0.34141678
-0.39709377	-0.24704042	-0.33951002
-0.09063029	-1.4656433	0.91523993
-0.70341706	0.78485584	0.7664497
-0.23081946	-0.4883652	-0.025849186
-0.7174816	-0.22813377	-0.72400224
1.4047465	-0.9043206	0.38303632
0.94140625	0.07955174	0.060076002
-1.0711854	-0.48948482	1.6273388
0.1529336	-1.0594505	1.1262106
-1.7434355	0.26943347	0.86022806
-0.12304139	0.9425942	0.26212955
2.44107	0.98269176	0.6508673
-2.6113355	0.13952266	0.8409986
0.08858967	-0.29551736	0.54933494
0.015757322	-0.53346777	0.7409147
1.2510939	0.37648684	-1.3267479
0.65596294	-0.2908174	0.7147238
0.29582834	-0.06879765	-0.67761844
0.66617584	1.6289685	0.18297431
1.812314	1.2079291	0.3931874
0.56670284	-0.063922316	0.09264517
0.46127892	0.6156671	-0.45776284
-1.4914768	-0.13806763	1.1254586
2.1356668	-0.23793823	1.0334876
0.13449526	1.1297555	-0.7621342
-0.32064152	-0.93725646	-0.11384672
0.9971776	0.24593161	-1.4523329
-0.9393842	0.034545854	-0.28692335
0.86661434	-0.7449262	0.15462726
0.80222845	0.08818126	0.26502144
-1.9633633	-0.33554175	1.0457401
1.0013785	-0.7853354	1.1245929
0.2492969	-0.99370885	-0.25203383
1.0093303	-1.6262724	-0.6465251
1.0390425	0.063568905	-0.93566966
-0.48058462	-0.19302416	-0.088153735
1.2532897	-1.4329901	-0.5779569
0.33190012	-0.20483172	-0.47912192
0.96310997	-0.7901838	0.43956977
1.4079413	-0.8539219	-1.3359313
-0.6834681	0.83141565	-0.83328164
0.4830246	1.8601755	0.54294
2.8475795	-0.9042599	-0.4709702
1.5633388	-1.3367813	-1.5843132
2.0324745	-1.1261233	0.29002136
1.0109797	0.36930716	-0.13563225
-0.25708413	-0.6375394	-0.86643577
-0.21865916	0.28983507	1.142747
1.1032586	-0.18453765	1.7613355
-0.059144735	-0.16709903	1.1863117
1.3777232	-0.18064722	0.5150104
0.8263898	-0.6165855	0.07218084
0.38246155	-0.1352638	0.07557586
0.49028206	0.14888722	0.6948811
1.2848592	-1.1497335	0.5246416
-0.35944843	-0.5951549	-1.3815517
-0.31093884	0.0867217	0.5550254
1.4622974	-0.48995903	-0.6367522
0.496387	2.0244737	0.13595177
-0.21811795	1.0862557	0.26222503
0.5305934	0.4387337	-0.5066806
-0.6752813	-0.56158006	-0.38303733
-0.96835876	0.16652298	-0.90271753
0.63810635	-0.7237774	-1.144851
0.41482973	0.6564224	0.029326275
0.720994	-0.1634027	-1.1965013
3.556655	-0.54066837	-0.7954676
-0.53076816	-0.7288377	1.546573
-1.8008896	-0.8863487	1.0468901
-0.20260048	1.701715	0.1084148
0.5472355	-1.240082	0.26410472
0.6039758	-0.42769077	1.4031918
0.8847618	0.3841663	-0.038895346
-0.6076131	-0.6842402	2.2578874
-0.16987777	-0.8783455	0.18826438
1.910656	0.37325877	0.059787136
2.8248773	-0.31319383	-0.32370132
1.2330761	0.5043365	-0.6118671
1.4964118	-0.520278	0.09903927
-0.98634744	0.71196485	0.20273317
2.01378	-1.2738158	0.93484515
0.3489561	-0.53167474	-0.7080474
1.4530759	-0.11921671	0.40243363
1.3150396	-0.2851232	-0.058003
-1.2271421	0.5384029	1.2825722
1.025145	-0.8934443	-0.13817014
-1.3626513	0.3739807	1.57588
0.0065863132	0.0103652775	0.43778068
0.7344742	0.5789816	2.0227973
-1.6930652	-0.24894693	-0.91943073
-1.7060378	0.32620412	-1.433535
-1.935854	-0.13916838	0.026922151
-1.6798337	-0.88635373	-0.9541046
1.6494279	-0.47377494	-1.0471336
0.957459	0.8241236	0.06535909
0.008221388	-0.6153203	-0.455307
-2.4651697	0.28360724	-0.24746193
0.11181092	-0.93223464	-0.53235
-0.9715085	-0.5178572	0.93694234
0.5486021	-1.2677963	1.2427343
2.7362103	1.5488735	0.24192043
2.4276838	1.6449594	0.065621406
-1.3893237	-0.8420721	-0.23361008
0.95859337	0.44888595	-0.33387977
-1.7024267	-0.3956193	0.23287068
1.1056838	2.1029	0.34846532
0.1279428	0.44876263	0.9244652
1.0099521	1.5754616	0.057921994
0.9760208	-0.082927376	0.28516015
-0.14360213	0.32883963	-0.73072267
-0.35623074	0.07406929	-0.1356494
0.9007101	-0.5621433	0.95856255
-1.6112509	0.29702264	-1.8047225
2.387528	0.9321984	-0.084623456
-0.88122797	0.15362181	-0.5202514
1.633821	-0.38299146	-0.9058227
2.0504956	-1.7805487	-0.059027724
-1.0053744	-0.71457636	-0.073557556
-0.30806994	-0.7316505	-1.4562062
0.576664	2.4075854	-0.37686723
2.2047582	0.41515297	1.0908648
0.5264783	0.20334639	0.14439528
-0.84147835	-0.34245715	-0.534835
0.044305563	-1.0090946	-0.8251239
0.902019	-0.78563	0.8445104
1.2809935	-1.0631939	-0.30325973
0.54243135	-0.4301937	-0.30433476
0.47706747	-0.8533814	-0.8881542
0.021956205	-0.1720143	0.17167744
0.2914152	-0.085437834	0.7781235
0.21248841	-0.35933134	-0.1375922
1.3937192	-1.4139862	-1.0821744
-0.47170448	-0.5341655	-0.26506644
-0.6246369	-0.7774068	-1.6145086
-0.615294	-0.35787788	-0.7660843
-0.24768639	-0.8527911	0.42293024
2.0320868	-0.7367736	-0.29477018
1.4909911	-0.4338177	-0.75242615
1.9513726	-0.23544604	-1.4490216
0.20890355	-1.0938015	-2.165339
1.3641162	-0.8038864	-0.1524031
1.2395725	-1.6625812	-0.35524273
1.2843361	-0.026280373	0.9684696
0.3486805	-0.6775328	1.1297746
-1.7971346	0.60602224	1.3644352
-1.054851	0.6485331	-0.14189912
0.27175808	-0.5211688	0.81301475
1.2526398	-0.35146913	0.6831752
1.2866774	-0.8816551	0.7966634
0.60733414	0.0458363	1.0421455
1.1456604	-0.6965909	0.0680711
0.2530086	-0.39713475	0.80341357
-0.9426365	0.47203094	1.5459236
0.92216015	-1.0213833	0.18449873
-0.71217704	-1.2640617	0.9857431
-1.9217626	0.33687896	0.7622569
1.5662603	-0.8367007	0.041084535
1.2798314	0.030944332	-0.4619413
-0.1555512	-0.04810384	-0.5130106
3.0042663	-0.04984975	-0.6589058
1.6481147	-0.3364152	-0.88741
-0.06356597	-1.5638679	1.0998089
0.9225402	-0.61161375	0.42464095
-0.77048683	-0.43700036	0.012455486
2.2184854	-0.39671674	-1.2340568
0.76361275	0.43519855	-0.69737285
-0.98625064	-0.2053712	0.040886775
0.45822573	-1.3518127	-0.7878496
-0.09040785	0.17622292	0.8207968
0.45154142	-0.19332424	0.44618863
1.2605066	0.61997473	-0.17016749
0.63576555	-1.4193112	-1.11108
0.6511364	0.12461858	-0.019859716
-0.013852119	0.3219996	0.58359325
1.2225666	0.07587047	-0.49580407
0.5854926	-0.43788943	0.5498078
-1.4392285	-0.44721594	-0.75583994
0.31081057	-0.20707935	0.72197646
0.16136932	-1.3428588	0.7221713
-2.7312222	-0.24521485	0.2984301
-1.1019499	-0.80394197	-0.44903117
1.746634	-1.132326	-0.08961041
1.4974394	-0.41809276	-0.06627242
1.1446056	0.2766345	0.91777
1.759316	1.9796563	0.18578126
0.09805632	-0.6367471	0.90972036
-0.245291	0.16240117	0.60881895
0.15283632	0.54661334	0.76755714
-1.3212314	-0.6122501	0.08045411
1.1820335	-0.4164457	0.5279288
1.2139955	0.18116148	0.61148536
1.1716228	-1.271187	-0.5984049
0.9386411	0.1535725	-0.3959158
0.99354124	-1.3284119	-0.27697623
-0.794786	-1.1026531	0.9929826
5.471121	-0.68437076	-0.06618339
-0.5122788	-0.13248679	-1.5492581
-0.80982757	0.6890694	-1.3707384
1.0172086	-0.055675328	-0.2163743
1.3146682	-0.84889364	-0.19817609
1.7852354	0.6572665	-1.2499334
1.2011056	0.95064974	0.7884553
2.5742722	0.49362642	1.2557609
2.0378022	-0.730077	-0.90071905
2.945979	0.16061112	-0.5861601
2.2556977	-0.2967364	-0.38012522
1.5593705	0.38320658	1.0717854
2.2701616	-0.6925247	0.16324589
2.3784518	-0.0303469	0.5897935
0.7498765	0.48651266	-0.023894757
0.9130225	0.37534547	0.5558231
-0.20491552	-0.054887146	-0.37172186
-0.1809268	1.758799	0.18295553
1.241157	1.649752	0.48644537
-0.6034703	-0.714146	-0.5930796
0.15346074	0.019106582	-0.56692713
0.753541	0.6735209	-0.0618222
1.1324916	-0.47064593	-1.539597
1.2163601	0.77422	0.53645265
-1.4129491	-0.3850591	0.9236358
1.4070754	0.0938776	-0.86494774
-1.5387006	-1.3563987	-0.49668306
1.1625285	0.009461969	0.20026913
1.9766345	-0.6905227	0.028336467
1.724956	-0.83946097	0.07287225
2.2247334	0.061928406	-0.35727245
2.1816306	-1.2221142	0.98076576
1.1353536	-0.20383474	0.8313295
1.9981842	-1.0234303	0.46183765
-0.39183426	-0.24947017	0.15823765
0.024397612	0.93639946	-0.8664708
-0.28091645	-0.19695935	-0.27957112
0.7795043	-0.36451772	0.34025842
1.1975913	-1.4218203	-0.36572123
-2.369654	0.55057216	-0.9161959
0.19201136	0.91005766	1.0438343
-0.20866466	0.5859616	0.5067177
1.7693696	1.2050335	0.4453932
0.1724453	0.91316795	0.14890635
1.132307	0.12827754	1.179493
1.4845185	1.4458587	-0.07432575
2.616837	-1.2366139	0.4377697
1.1333137	-1.4394331	-0.06752985
-1.5519011	-0.8666419	0.06715177
2.1678576	-0.12404075	-0.27802122
0.9188976	0.19196367	0.18280266
0.8765702	-0.6588824	-0.8925632
-0.45821548	-1.4433035	-0.53962624
-0.0038399696	-0.4219843	-0.0065926425
0.46192694	-1.2453028	-1.4360514
2.2664118	-0.4733931	-0.14212601
1.5216098	1.2708129	-0.41289097
1.6371613	-0.5852709	0.18613552
1.4109759	1.3048134	-0.3404693
0.6049175	0.7348459	-0.3238061
0.226542	2.967896	-0.026005901
-0.48074913	-0.16697097	0.9004505
-1.1511636	0.32130402	0.045705248
-0.3854375	-0.9511337	-0.8199764
0.4733429	0.65665066	-2.062447
0.7293782	-1.127222	-1.1760335
1.8395042	0.26943052	-0.15499508
0.39589453	0.6071975	0.6011269
2.462133	0.36069283	0.097555816
0.07857466	-0.68974376	0.8498307
0.09148407	0.028004915	-0.5462457
0.502923	1.0167222	-0.037840754
0.26259923	2.1913376	-0.28294283
0.24347448	1.5967536	-0.0004664734
1.6597562	1.4971968	0.10268471
2.209876	0.8791208	-0.2563299
0.38603258	0.18276916	-0.70466
-1.2404575	1.0589738	0.06218087
1.1481843	-1.1165929	-0.619116
-1.2663133	-1.856937	-1.0087272
2.2186656	0.01205565	-0.24210338
0.14089656	0.0985688	0.12590559
0.4557762	-0.38310102	0.031669796
-0.718647	0.22143647	-0.06422346
0.33404207	-0.14813468	0.7341199
2.0218968	-0.7052722	-0.044317476
-2.537551	-1.1254117	-0.39851755
-0.24239802	-1.0474174	0.38495892
1.2791386	-0.06007999	0.4511016
-0.42268252	0.6043217	0.21146883
3.6256475	0.47201973	-0.01684907
1.3392429	-0.11415404	0.0007244982
1.2317429	1.1497731	0.45769483
1.5167713	-1.0514007	-0.65058935
0.8032508	-0.059426785	0.7691856
-1.300986	-0.0925017	0.04493057
-0.68065834	-0.3371906	0.98212695
1.9611249	-1.0822774	-0.8659543
2.665503	1.4312611	0.20301883
1.6369457	-0.7235602	0.12574524
-0.8571403	-0.16112301	1.3847996
1.8195705	-0.79386353	0.28113157
-0.28042507	0.07361846	0.07868716
2.430592	-0.70277417	0.4433319
2.4841743	1.7113459	-0.20156683
1.0713248	0.8440547	0.49268365
-1.193013	0.01677753	0.6561647
-1.7130678	0.10619727	0.4897005
-0.39153814	-0.6764531	1.2417665
1.3331399	0.33558503	0.88806325
0.050606966	-0.16355366	-0.571899
1.1715016	-0.61804485	1.1897056
1.5269661	2.5442336	0.09885007
0.5060353	2.7356029	-0.24732958
0.98459816	0.42435926	-0.17341256
-0.050927877	0.11036034	0.2162174
1.3071752	0.42045245	1.5734869
0.4957347	0.2249665	1.0455338
-1.0353322	0.90359604	1.1819385
1.1603422	-0.69173694	1.8799365
0.3276043	-0.731835	0.1442262
0.24143434	0.066802785	-0.9901429
1.5807667	0.35024893	-0.54526085
5.5139885	-0.6601689	-0.017553166
1.4923692	2.145413	-0.4817083
-0.5721085	-0.4327366	-0.17731753
0.47130728	-0.45783004	1.7421266
2.4357018	-0.8056991	-1.2878153
0.6838007	1.8731924	0.47253346
1.2550774	-0.14871836	-0.43982577
-1.833801	0.6467444	0.88601995
-0.42238116	0.2900592	-0.67862
-0.039536953	-0.28824046	0.08024023
0.14172482	-0.17026809	0.24228857
-0.3263409	-0.9469621	0.64845866
1.3595333	0.057489514	-0.15442456
1.3113699	-0.7652074	1.1963928
-0.11747193	-0.10462713	-0.3266986
0.93935585	-0.86703706	1.7625787
-0.18923855	0.23983496	1.8551637
-0.09224105	0.039243624	1.1282759
0.40849876	-0.5002371	1.0734519
-2.709048	-0.13575074	-0.2598238
-1.6812918	-0.7416575	1.5083231
2.214271	-0.14355004	-0.59059966
-0.52017	-1.073253	-1.5813142
-0.4206667	-0.33170047	-0.09811935
-1.2479618	0.10828377	1.8194152
1.9821253	-0.48200694	1.4849843
-1.2791507	-0.75217056	-1.1535224
0.4659319	-0.7660034	-0.54941535
1.2641444	1.910056	-0.5197326
2.631425	1.9652537	0.2979278
-0.25679922	0.20797473	-0.9921877
1.133256	-0.06527984	-0.7570815
0.47180653	-0.41900358	0.95370823
1.4616761	0.25042188	0.21382363
-0.36510706	0.23478252	1.6628729
0.4086361	0.13752028	0.8502473
0.45196486	0.2024772	1.0741901
-0.17981315	-0.2861388	0.21666376
0.11197972	-1.4298055	0.02077713
0.21924615	-0.533178	1.4130223
1.2619214	-0.11234802	0.10929968
0.52163696	0.08757532	0.9094639
-1.0640931	-1.2520909	-0.39245933
-0.97770405	0.44839934	0.007348258
-1.108098	-0.33381912	-0.66307
-1.6579723	0.78059196	-0.26873595
0.76149464	-0.5507628	0.2684415
-1.8428508	-0.32433406	0.42881042
0.37171555	0.7586856	-0.44372058
0.93398714	-1.3488754	0.62132776
-2.1045194	-0.89750326	0.5751971
1.2761407	-0.1853841	-0.21009912
-0.012037754	-0.5264033	0.86176324
-1.0159428	0.012736559	0.1748358
1.5712442	-0.5308138	-1.8036478
0.08966231	0.36386752	-0.96171993
-0.0030777454	-0.31865558	-0.049261704
1.602395	-0.024430364	1.1969337
0.90809155	0.12591952	0.52507204
-1.7755333	-0.52939034	0.18522756
-0.78924227	0.2406419	0.24175239
-1.2308059	0.14291252	0.8655106
0.08457756	-1.0556667	0.343381
2.203467	0.88483226	-1.3089752
-0.17448902	-0.6956135	1.0305719
0.3453679	0.30341414	0.3671711
2.617938	-0.16686475	-0.36536455
-1.460187	-0.79432726	0.8601564
1.6164665	-0.11670858	0.34254307
-1.0837505	-0.2647151	0.91393125
-2.1459665	-1.0975928	1.4704405
-0.56000423	0.33039474	0.9218189
1.2343197	0.4673793	0.8164628
1.5680356	-0.9126831	0.6664315
0.28394985	-0.6991334	0.7938442
-0.0010442734	-0.88830554	0.06694704
-1.1689847	-1.1356432	0.5487575
0.90152454	0.45584828	0.75983715
-1.0012453	0.45946926	1.3159196
-0.059368134	-0.021076769	-0.19905128
-0.49899483	-0.15146852	-1.8093905
-0.6259947	-0.3600302	-1.2519405
0.93621635	0.9063624	0.32297367
0.92143774	-0.029766172	-0.07346042
0.20905542	0.4652165	0.6476151
2.8430295	0.067047134	-0.026251674
0.56431437	0.025805369	-0.039222203
0.5095577	-0.7660111	-1.0285075
-0.67594147	0.2509544	-0.14228587
0.32999134	0.6418232	-0.48316073
0.64044	-0.7842616	-1.7446951
1.1405468	0.38068858	-0.14770594
1.6070819	-1.6294396	0.25216857
-0.59442425	-0.9274763	-0.62125766
0.6713495	1.9236747	1.2930106
-0.88463736	0.5521011	1.3465742
0.9010792	0.17490394	-1.3644809
1.742485	-0.17776051	0.16293335
-0.9120774	-0.12441698	0.50928193
2.814609	0.37351242	-0.17419992
1.7095404	0.481216	0.28381795
1.317872	-1.0287278	1.4626029
0.1946683	-1.5632609	0.94411147
0.97924566	0.32827175	-0.58608663
-1.67207	-0.0024780482	1.6497247
-0.21246958	-0.11254829	1.4321473
-0.7581723	-0.3963417	0.34727484
1.0514488	0.021568716	1.6522348
1.9413438	-1.3086482	0.6750585
-0.5069587	0.38832375	-1.6038666
-0.12401414	-0.04986021	-1.5542924
1.2864203	0.95391965	0.61062616
0.42634487	0.7205538	-0.959583
-0.8853421	-0.008332312	-0.21302815
0.300498	0.07064398	-0.053951986
-0.28600407	0.0914247	0.7172713
2.312667	0.20995675	-0.24007584
-0.04367709	0.1316978	0.24098969
2.395936	-0.00041897595	0.01593724
0.25522184	0.8457854	0.18235548
0.21898127	-0.7517904	0.47873765
0.048512936	0.655633	-0.6590609
1.1203074	-1.2708688	-0.80460024
-3.5112023	0.123970695	-0.2925893
1.1501875	-1.2586197	-0.7990677
-0.07056475	0.1314497	-2.2630093
-1.3326316	-0.5195795	0.41472757
-1.425482	0.2989728	0.53155136
-1.9096216	0.52454233	-0.47728258
0.36184025	-0.67518187	0.08127725
-1.4116125	-0.014683008	-1.3184919
-1.3002706	0.88272	-1.2830048
-0.7502966	-1.244718	-0.6568254
3.1674447	-0.22980762	-0.758008
1.193038	-0.1686317	1.1052656
0.6078396	-0.86651695	0.58671826
-0.517478	-0.13389003	0.8714223
-0.62749267	0.23923053	1.3016939
0.23432422	-0.084855884	-0.8362854
0.9066863	-0.14349923	-0.024056762
2.925529	-0.38174507	0.4518116
0.5194926	-0.24973181	1.1489614
1.1116753	-1.3375959	-0.132124
1.1463184	-1.2987527	0.34905463
-0.73600817	-0.92352283	0.75266695
0.43377256	-1.0394698	0.18470986
-0.06929231	-0.0500845	0.41094798
-0.3055048	-0.7176386	-0.6689701
0.5264592	2.819359	0.15911147
-0.58356833	0.05422142	0.105297044
1.7217727	0.46719196	-0.62992406
2.034011	-0.99287903	-0.57681185
-1.2058825	0.40415123	0.48886955
0.17915916	0.41993207	-0.47016585
1.5561929	-0.9477061	0.33885264
0.94812393	0.21286444	-1.0541152
1.1880007	0.25253835	1.8036827
1.2538791	-0.5887494	-0.59039146
2.4273663	-0.98262787	-0.23784582
-0.03441453	-0.36959317	-0.37655264
1.4423342	0.04644081	0.61573315
0.55844164	-0.018846124	1.9809057
0.08776426	-1.8202673	-0.6841294
-2.453547	-0.47810426	0.0342567
2.850453	-0.8470913	0.5532888
1.3712125	-0.87979794	0.31932557
-0.19187474	0.24420056	-0.078166135
0.4186535	-0.21540755	-0.08518171
1.6134791	0.49630687	0.3890797
0.9053683	-0.62074363	0.27898377
0.15128565	-0.34247962	0.80551887
-1.0956728	0.7487421	0.20453043
-0.5201776	-0.4088576	0.07753848
1.387145	1.7893518	-0.37494022
1.7359333	1.7449363	0.522805
1.8011813	0.10284571	-0.89542687
1.9347177	1.2879472	0.38531148
-0.37602305	-0.41972288	0.032154683
0.7301779	-0.5397358	-0.42885405
1.4240794	1.1947693	-0.28605962
2.3553386	1.9018062	0.4552015
1.7745428	1.8230504	-0.15223517
1.6976757	0.49432307	-0.3438511
0.4660473	2.9128282	0.7337895
0.31229925	2.3055975	0.018788567
1.5883274	0.051343694	-0.48246098
-0.99171567	0.32502088	0.47311294
0.99613094	-0.5651834	0.9136461
0.15055561	-0.05011049	1.6006094
1.8836617	0.26451996	0.81908756
-0.44026208	0.25010148	0.63579994
2.2944407	1.7327738	-0.32337898
0.39299393	-0.19634044	-0.52898866
0.95168495	-0.27544013	1.1408453
0.6193094	0.122353405	0.33676225
0.57123804	-1.1284173	-0.9451308
-2.155612	-0.7174761	-0.47867978
1.6978526	1.9034475	-0.5847571
1.5332794	0.713586	-0.14091882
0.727221	2.6078622	-0.31046534
-0.040771246	-0.1160219	-0.8596624
-0.38489556	0.2282114	1.699641
1.5196528	-0.08879349	-0.44324028
1.2903228	-0.90260136	-0.9639334
3.2859392	0.29501292	0.36512738
-1.2232177	-0.712571	-0.33054817
1.3442907	-0.9715692	-0.03138566
0.6483345	-0.3809122	0.014510337
2.1453705	1.1358708	0.5403177
2.368247	1.2813846	0.070312195
0.033151627	-0.466929	1.2248111
1.8345852	1.862583	0.049547862
-0.57619023	-0.7552916	1.167528
0.1805048	-0.71185136	-0.7270908
0.6276989	-0.40608343	0.31321687
1.3110085	-0.7323288	-0.6528832
1.715766	-0.012856811	0.7768991
1.7308545	-0.19587159	0.53377897
0.64463186	0.36855382	0.8905499
0.17875838	-0.33710662	1.7554765
-0.47836137	0.05934839	1.0479845
0.50407743	0.20395258	0.4962775
0.15177345	1.4847044	-0.28903705
0.312397	0.08069806	-2.6500118
1.0088372	-0.9129454	-0.88136524
0.91728926	0.17528209	-0.53136927
-0.49202347	0.38540792	0.3435151
-1.9619839	-0.93360436	-1.0891842
-0.39663553	0.042867973	-1.3197403
1.4060559	-0.32457396	0.75149155
3.3688946	0.9539131	-0.09867062
1.5072732	0.757903	0.7874326
0.1427815	-0.5481905	0.15891704
0.99261856	-1.1216646	-0.15184939
0.38161469	0.21720281	1.7851341
0.6925392	0.68412113	-0.06218423
0.14694619	0.19503623	0.51244366
-0.8282149	0.48354182	0.54919124
4.2441998	-0.8660675	0.22263263
4.1723847	-0.94545484	0.7736821
2.9430146	-0.8046725	0.6941808
2.1333127	-0.5120958	0.51861995
4.7980194	-0.38181022	-0.09108345
0.30894375	0.76724744	0.25421882
-0.5304513	0.28534153	1.5791787
0.4714594	1.8157487	-0.48644137
-0.12176442	1.0166465	-0.5854361
2.3358088	-0.7744405	1.1784617
0.9127431	-0.67034996	0.32375228
0.64523554	0.21510312	0.6488033
1.5655637	1.8997535	-0.25803244
-0.8248348	-0.31711957	0.684258
-0.7283385	0.7790154	0.17406493
0.86382246	-1.0787559	1.5729582
0.8033495	0.042150795	-0.90799737
-0.3082304	0.60203403	-0.7446109
-0.7170329	-0.685815	-1.141522
-0.100292444	0.059580937	-0.7095191
0.49929285	0.33082378	0.25351855
1.1756306	-0.96003675	0.7153115
0.29532194	-1.5391093	-0.3824492
3.0470648	-0.85501957	-0.5568094
0.42039156	2.5920308	-0.030536585
1.9650111	1.7135205	0.53791577
0.9190841	1.5535638	-0.13536909
-1.5719323	-0.029815555	0.15481806
0.9806361	-0.1878789	0.3544644
1.19034	0.016632453	-1.5497233
-1.0089545	-0.48605427	-1.3092513
0.33750772	-0.27487388	-0.38384783
0.5206661	-0.80312455	-0.09958124
-0.0697968	-1.3448232	0.91318995
-0.1324985	-1.5976199	0.01626212
-1.0727136	-0.22161123	1.5187386
1.2991376	-0.19979453	0.90252966
-0.5550368	-2.086103	2.029571
-1.3113675	0.4371493	-0.04235159
-2.0215273	-0.07594368	-0.8665086
-0.06625509	-0.23599419	0.8396639
1.0129528	-0.89372814	0.78044295
-1.2369153	-0.8830389	0.00087348
2.129559	0.54912686	0.73582244
0.6380949	-1.3329176	-0.15617359
-0.86094356	0.46412402	-0.6722954
2.1850438	1.3862425	-0.55571216
1.4149275	0.14818473	-0.3902563
-1.1221814	-1.0588201	-0.11586879
3.808959	-0.5342189	-0.6325698
2.5792518	0.81211674	-0.33001024
-1.7276797	-0.13120121	1.0114971
0.8225689	0.2455724	-0.2307101
1.2342362	1.8392779	-0.36806512
0.5222049	-0.50203955	-0.1882202
-0.0005674362	-0.32596514	-0.042136885
0.19109678	-0.3818631	0.086623326
0.33165407	0.38358438	-1.9922831
0.75603294	-0.2799346	-0.92106307
-0.47787714	-0.49011472	0.2197969
0.5040865	-0.68231046	1.2542346
-1.2344751	-0.37323126	0.5273987
1.4995093	0.04138972	-1.3022131
-0.17519498	-0.24084643	0.0068147257
1.7571869	2.2399812	-0.03551551
1.0115843	-0.8707453	-0.07845609
0.6671076	1.9579042	0.08153403
1.6141577	0.32996306	0.023058813
0.039260864	0.46219718	-1.003532
1.2043977	-0.32341078	0.38612992
0.42280722	-0.18411463	1.0210959
0.99789286	-0.23022035	1.5779862
0.71684027	-0.15288687	-0.08216028
2.3565574	1.5984735	-0.046605602
2.5180583	-0.23219499	0.52484417
0.9150195	-0.46301237	0.23395616
0.07077813	-0.624241	1.0410303
-0.14069486	-0.9003458	-0.47064435
-0.006012678	0.5836735	-0.49242353
-1.20296	-0.353632	0.09794396
0.3572874	-0.859812	0.43225777
1.4065056	0.19098902	-0.73957986
0.79725075	-0.5193937	-1.1503655
1.9851584	-0.23712087	-1.5830003
1.3312559	-0.21208417	-0.41276044
1.9622035	-1.6895843	-0.05675804
-0.5280509	-0.8442277	0.28244063
1.0841165	-0.44627282	0.22857879
0.70861673	2.4367664	0.87231815
-1.087667	0.017581657	-0.9761186
-1.310348	0.6214204	0.08023839
1.3106837	1.5023228	0.31347007
0.07880211	-0.4159368	0.06595901
0.3872552	0.30334464	-0.3764599
0.73620176	-1.1581582	-0.61112785
-1.0397062	0.20218906	-0.92298037
0.18631077	-0.25553885	-0.5873178
2.2273936	-0.56482327	-0.03323338
0.6248913	-0.24648961	-0.06960349
1.8986316	-0.36957654	0.16091193
-0.20564413	-0.24832815	-0.72788584
1.070024	-0.14302626	-0.12095684
1.0498724	0.8354739	0.06765866
2.0275116	0.17936417	-0.47415006
1.3260403	0.80590725	1.2199217
2.4095416	1.4384793	-0.23446377
-2.4233851	0.11979998	0.3642606
0.5165582	-0.20601994	-0.8869646
1.5084796	-0.7006117	-0.24237783
1.1925573	-0.5089865	-0.1721017
0.59703493	-0.4856418	-0.5072834
-0.5562103	0.30026907	-0.528714
0.61566114	-0.5529629	-1.7311821
0.20670629	0.11015648	0.015849015
-0.6320629	0.2546878	-0.7577296
2.189849	-0.55106926	-1.0164466
-0.78653646	0.96762705	0.07610214
-0.35981607	-0.31335363	1.3044997
1.1845131	-0.20645344	1.6861359
0.9553132	-0.55011964	1.8987195
0.8679633	-0.81251407	-1.4180117
0.7297225	0.83004785	-1.2910646
-0.04531741	0.70732296	0.37742382
-0.27361202	-0.5737829	0.97889197
-0.37069178	0.3914147	-0.4906761
2.5647073	0.12017265	-0.35899806
0.56688786	-0.82277465	-0.16786633
-0.09580755	0.5210901	-0.5410416
-1.0215354	0.6000649	0.31283087
1.427093	-0.73719907	-0.18707456
-3.0376525	0.17505142	0.6991778
-0.47258592	0.7434802	-0.7552047
0.29615927	0.51001525	-0.026117891
0.30449486	0.73939615	-0.4108389
1.2571507	0.5338671	0.22958899
1.9929495	0.16190496	0.86601907
1.2178245	0.39337352	0.10499487
1.3797736	-0.28171548	-0.25039607
1.4944634	-0.27640477	-1.0986522
1.3782835	0.8267951	-0.550338
-0.65036845	-0.3802813	-1.2449857
-0.10867095	-0.7150059	0.0044355392
1.3693652	-0.5530528	-0.51171845
0.87766933	-0.48840144	-0.6493056
-0.49541783	0.6269965	-0.94749314
0.5899873	-0.3061895	-1.0648056
0.59548426	0.44552052	1.2811887
1.3619828	-0.48200843	-0.87584126
-0.33257556	-1.1641127	0.47698265
0.19431448	0.2445462	0.19317137
1.1297774	-0.8997489	0.013668103
-1.2765801	0.4786827	-1.454325
0.71373796	-0.6691395	-0.5021143
1.0180616	0.2999603	-0.7790681
1.4902153	1.5279981	-0.7795726
0.63873863	-0.12829056	0.20248245
0.6000562	-0.06579673	-0.3312034
1.1866789	-0.11959976	-0.4410568
0.7551613	0.11442022	0.68118745
0.81394625	0.06489633	-0.5160708
-0.104501724	-0.388531	0.00010308623
0.047231674	1.1606135	0.6582271
0.6472149	1.432356	0.78810287
1.2027755	1.5411386	-0.2566799
0.9515505	-0.25712034	1.2526852
0.83932495	-0.24305576	0.5026044
1.048657	-0.32136038	-0.07776116
1.3200412	-1.6175224	-0.5434571
0.6584964	-1.3967148	1.0165813
0.00060892105	-0.6663139	1.3887162
-1.0061693	0.5388849	0.83613014
-1.2308674	-0.6708565	0.7388326
0.78554106	-1.2196224	0.60476005
0.7602248	-0.18370071	-1.5241387
-0.10537672	-0.49653104	-0.33535266
0.10008025	-0.6373403	-0.34249467
1.8221459	-0.4972318	0.16013299
1.0824008	0.20611978	1.1231164
0.30677795	-0.7324481	1.0965387
-2.0327654	0.025857821	0.574327
-0.12088275	-0.070806295	0.7742188
-1.4033666	-0.5852356	-0.22528277
-0.2475493	1.2457594	1.7797183
1.1679077	0.25631586	-1.2297987
0.92920876	-0.7947842	0.5373626
0.76141596	-0.8548136	1.1673079
2.2191787	0.335863	0.70356953
1.1183996	-1.0233061	0.3931281
1.2789063	-0.78536296	-0.7369785
-0.834239	0.3333856	0.020825215
5.636223	-0.7164681	-0.0663772
-1.417764	0.21995248	-0.86526614
0.4835863	0.29660138	-0.80324525
-1.5180175	-0.7727169	-0.30613536
0.9788022	-1.0688282	-0.5903883
1.7041211	2.0002615	0.76393145
0.28215837	1.852464	0.23554966
1.6801529	0.99227715	0.2339898
1.9708915	-0.29314724	1.0372888
1.4064813	0.83830976	2.2808769
0.83080244	2.1573606	0.11055028
1.2825918	-1.2076564	0.1404748
0.045996428	-0.6399764	-0.852326
-1.6384556	-0.20698658	-0.33730298
-0.90990734	-0.5676408	-0.96342653
0.73145485	1.7177078	-0.072166204
1.3097091	-0.013302356	-0.031231463
2.216113	0.32845628	-0.74303186
2.102735	0.38699043	0.30525315
3.4630451	-0.035504222	0.1158285
0.7206645	-1.3178401	-0.7058973
0.7678852	0.2212976	-0.2639457
1.0771556	1.9407051	-0.223235
2.160202	-0.15791115	1.072548
0.88629675	0.45719457	-0.03135042
0.2802472	-0.26847133	-0.09129502
2.4128113	-0.6128659	-0.73946995
1.3301792	0.90186834	-0.10574357
0.9055047	1.2600052	0.099608734
1.2171211	-0.055270106	0.5794507
-0.41001558	0.07396984	0.09225866
2.790442	0.44728333	0.015170468
1.9411902	-0.75799453	-0.15293838
-0.2450974	-0.6652217	-0.23061986
0.11968255	-0.2582675	-0.3352614
0.33127308	-0.29618624	0.4597041
0.4461875	-0.22476491	-1.4063692
0.03828454	0.03215581	0.639811
1.8761215	0.98790085	0.49092096
2.1609135	0.70616275	-0.49543232
0.6434641	0.2424914	-0.26140445
0.17646098	-0.89769304	-0.43765754
-0.32617188	-0.28734508	0.17889296
-0.0029985905	0.58714306	-0.31882232
1.3374996	0.28423208	-1.8172432
4.4797134	0.266709	-0.0687678
1.2133198	-0.035957336	-0.5159956
0.9688091	-0.58547735	0.7681034
0.42275333	-0.12379065	0.14901116
0.36603546	0.3038176	-1.0124673
-0.18352151	-0.9560052	0.25135678
-1.3741362	0.404971	0.16112465
0.76190853	-0.78317165	0.18023789
0.008297205	-0.5273007	0.43340266
-1.8840692	-0.730438	0.054583147
1.8631248	-1.8409752	-0.26828218
1.6816769	1.064472	-0.1532658
1.4062357	-0.5234549	0.35481906
0.217453	-0.34435895	1.3097975
0.96507263	0.020748585	-0.35168982
0.088511705	-0.49876675	-1.6364133
1.0853066	-0.9065709	0.5085575
-1.4349539	-0.19407666	0.0002804175
1.6420531	-0.15384	0.89623636
-0.14412141	-0.4382687	-0.55560327
0.43111753	-0.20889264	-0.17993762
0.22780657	-0.79163074	-1.3523109
1.0688677	0.16715649	-0.05105371
2.41016	2.1317716	0.79399574
-0.4690187	0.10810386	0.5440963
0.32033205	0.34650367	0.5660109
0.48595667	0.31543958	1.5519894
-0.56852627	-0.09833467	-0.4449826
1.252531	-1.2420734	-0.028623827
0.16572714	-0.8522601	0.4871261
-0.2561009	-0.24122146	0.28269625
-0.3584869	0.17002514	0.18690246
-0.9695971	-0.3467671	-0.6842389
5.4796095	-0.6656724	-0.047988757
0.19966221	-0.09420547	-0.0020561926
1.0454149	1.6951375	0.7761487
0.8422618	-0.037395477	0.97801924
1.9281635	-0.39026102	-0.08713387
0.95423126	-0.9091729	0.46654385
-0.24348974	-0.06968537	0.21522994
0.5107031	0.09811866	1.8741382
-0.058306932	-0.2768782	1.1747166
1.0266752	2.6912858	0.7899767
1.0568075	-0.14457864	-0.96214134
2.0282788	-0.7042937	0.8391861
0.6833744	0.71570694	-0.39873177
-0.73648214	0.18754199	0.08513215
1.371882	-0.36986962	-0.94312096
2.049622	-0.007220596	0.17302671
0.2203846	0.22012745	0.031024273
-0.5871239	-0.5515636	-0.7149503
0.60323334	-1.1253583	-0.45580602
0.41633034	-0.09683207	-0.57859284
2.8565998	1.3939599	0.8105701
2.709311	0.20554769	-0.20954718
0.05708003	-0.66015494	0.8211078
-1.431153	1.1988744	-0.3751589
0.007914066	0.6115701	-0.20012784
1.1590705	2.0822392	0.41044605
3.324812	0.8067653	0.68845457
-0.53128505	-1.4766017	-0.12954411
1.6516571	-0.09806433	0.85137004
0.87205744	-0.3703315	-0.6485289
1.5566578	-0.33180758	-0.3249187
0.4329791	-0.21727592	0.3391189
0.87587357	0.34905475	0.61245084
-0.13378572	-0.23458305	0.06663794
0.9203081	-0.9434153	0.23360582
0.0053100586	-0.08606142	0.49980056
0.8659487	0.09423417	1.2758055
0.25306702	-0.6261543	0.9660476
1.1536994	0.009897754	-0.5719247
0.5900221	-0.87002695	-0.10497573
-0.3256004	-0.28415862	0.4695673
1.4366684	1.0687296	-0.413615
-1.1152906	-0.38311985	-0.08952606
2.2581072	0.12263429	0.622003
1.4084587	-0.3282875	-0.117531106
-0.44135427	-0.9319781	-1.603556
1.9903288	-0.24419641	0.1151891
-1.2021387	0.15942994	-0.0657127
-1.070384	-0.59870315	0.19537225
-1.5474629	0.07131916	0.9524504
0.5888047	-1.1590317	0.0523412
-0.61598134	-0.9007133	0.97954464
0.83768654	0.18259887	-0.0276471
0.74328566	0.6958641	0.8789003
-0.101388454	-0.26936302	-0.025768906
0.23176885	0.3398021	-0.8491677
2.0653238	-0.003912285	-0.4907725
0.63248587	0.7485204	0.09695648
0.60854053	-0.37055144	0.098763525
1.4704428	0.38818833	-0.22674443
1.8799906	-0.55258524	0.13143793
0.636713	-0.343473	-1.4286293
0.18606067	0.80349255	0.41947943
2.0596533	-0.955943	0.28631055
0.87254953	0.6721991	0.50477326
1.0228076	-0.9836519	1.0244701
-0.36658168	-0.51962245	0.95591074
1.2554955	-0.72246814	1.1953331
1.7822542	0.24221672	0.83322424
1.9733	-0.18414733	0.5347295
1.4048896	-0.09136605	-1.2078513
0.9394412	0.36959034	-0.86230296
-0.93694496	-0.73245203	1.0218583
1.42769	2.2462258	0.12772268
-1.4228828	0.41771185	-0.2264968
1.2032828	-0.61299694	0.26837358
0.31479502	-0.51935756	-1.3123554
-0.5948794	0.519192	0.93452626
2.0383396	0.10355419	0.2253023
1.2465425	-0.75884664	0.46342254
-2.2946324	0.3394262	-0.43422538
1.0162416	1.7447281	0.053875446
0.15644169	2.2874498	-0.36195177
2.4269652	-0.24990767	-0.30760038
1.3527408	0.040306687	0.4270817
-0.28564644	-0.5129497	0.9480952
0.9193196	0.72589767	1.5792437
1.3743639	0.23192509	-0.41184264
-0.5369549	-1.559559	-0.9873683
1.0446334	-1.005461	-1.1673089
0.9891982	-0.70784986	-0.36259246
-0.00094366074	0.33619574	0.15487033
0.92962027	0.11093649	-1.5156593
0.94742537	-0.38321403	-0.32300317
0.6121621	-0.7680433	0.3568709
-0.42641664	-0.04103273	-0.6643359
-0.16415381	-1.4884009	-0.48851353
2.5424056	-0.66169894	0.0530783
0.6500144	0.64791083	1.6099802
-1.3160269	-0.8897444	-0.24509738
-0.57321787	-0.2535253	0.42955017
2.9357672	-0.6078986	-0.10586339
0.9301324	-0.95166266	0.1817165
0.60916996	1.7483351	0.060856745
0.6291623	0.34781843	0.30208308
-0.9973805	-0.30278584	-1.4326138
2.5627337	0.2661753	-0.51654994
1.1532798	-1.3148677	-1.5768085
-0.32763076	0.090405315	-0.23572932
-0.21663761	-0.010194331	0.0018165149
1.174593	1.4071568	0.2632656
-1.1329789	0.11380756	-0.6434783
2.5079284	1.4857817	-0.03658533
2.3130808	0.051454812	0.12826416
0.48289347	0.57131255	-1.2732698
1.054863	0.16546299	0.052834287
-0.32221723	0.06593223	1.4257841
1.6523185	-0.9766917	0.7676936
-0.43502522	0.016933188	-0.3004592
2.1328907	-0.37375674	-0.13228536
1.16154	1.3808714	-1.1725887
0.47473717	-1.8090264	0.14210606
0.63650227	-1.6404601	1.1395032
1.130692	-0.20207995	0.72743374
-0.57737255	0.096166044	-0.9052075
1.5563922	1.4811331	0.56893384
1.6797647	1.8782386	-0.14197923
1.4831476	0.40234214	0.936532
1.7913032	-0.44941983	-0.3105713
-0.7654412	0.23475493	0.14351988
1.4609108	-0.5526359	-0.15132543
2.4418755	2.037533	-0.36610943
1.675982	0.11953221	0.048174966
0.9547	1.6674055	-0.28719515
0.28049946	-0.34275296	-0.94884694
1.5361915	0.06933953	-0.22630815
-0.46837687	-0.58531487	0.8261177
0.11101174	0.23886986	-0.53779393
0.96501255	-1.1241184	-0.09983206
0.6873965	-0.2656875	-1.0250787
-1.7006435	-0.055282563	-1.2399961
5.541813	-0.64448154	-0.03397353
0.47935724	-0.18714818	0.98302686
0.624352	0.036283	-1.1445143
0.032812595	-0.0024263412	0.046026047
1.095943	0.6817851	1.0913814
0.21051145	-0.0097670555	0.7327854
-1.4346075	-1.0330354	-1.7386808
-1.8743329	0.2411678	0.76243913
-0.83039594	0.91448665	0.14572802
0.41762495	-0.26979527	0.32153118
-0.31157613	1.5178885	-1.1987759
1.0307531	0.6055675	-0.31923634
0.012574196	-0.81021845	0.54318035
1.0929966	0.13025314	-0.098710865
1.8928528	1.541257	-0.23148237
2.2945747	0.3029983	1.1942167
-1.0789318	-0.272494	-0.97086185
0.80012083	-0.49105504	-1.2792219
1.6294742	1.6626834	0.0010233596
-0.04653859	1.8203732	-0.21335803
-0.254148	-0.20838472	-1.0304561
1.7603197	0.08294439	0.10030104
0.88823557	-0.19827324	-1.1810132
-0.012703419	-0.18362376	0.39255172
2.010632	0.65726304	0.61328316
-0.84051347	0.38707995	1.0833014
0.5362563	0.3584416	0.6189301
1.219943	-0.6250392	-1.6305313
0.3900385	0.34801817	0.17468639
2.3492236	-0.072075576	0.9217553
0.9218836	0.2722914	0.33645308
1.4878168	-0.48938724	1.4475396
1.6306696	-1.3123829	0.65363795
1.7886224	-1.6192462	0.43717366
-0.18223572	-1.3168732	0.23683682
1.9812732	0.6891399	0.4215274
2.3256845	-0.30191788	0.2702517
0.9610343	0.25717148	-0.59429586
-0.58928585	0.21737896	-0.6192967
0.585114	-0.027666718	0.085624844
1.3454671	0.075904116	0.13983662
1.3699937	0.29396003	0.25647253
0.3622117	0.3898376	-0.14841726
0.74454784	0.29766083	-0.026640289
1.0292916	-0.44104162	-0.22962092
0.16012263	-0.37522635	-0.26983833
-0.18349695	0.12754232	-1.0019113
1.5426159	0.122817956	-0.08009477
1.8299694	0.79102373	1.1085225
1.3811393	2.215208	0.14732438
0.31643534	0.26179042	-1.175901
0.67976236	0.4920026	0.15596738
0.90878296	1.6251131	-0.34294474
1.6641488	-1.1016349	-0.04025007
1.351974	-0.78148043	-0.96244866
1.2369685	0.26052803	0.17466351
1.014739	-0.1276345	-0.36349207
-0.55089474	-0.25263116	2.0020952
1.3034406	-0.41901508	-0.8251253
0.9520049	-0.35175362	-0.6430549
1.0878243	-0.47702226	-1.1529758
-0.62780666	-0.055199772	-0.43569857
0.99777794	1.6570791	0.26479286
0.43105984	2.0324142	-0.57764924
1.6739731	2.167998	-0.1858772
1.7343683	-0.98150885	0.46278363
0.021071672	1.5996094	0.6512045
1.9253254	-0.58226097	-1.3928972
-0.38910174	1.2908143	0.0060160607
-0.71244264	-0.83199275	0.6996029
1.2023687	-0.83163023	-1.0241897
-0.85493493	0.58902514	1.4725511
2.0423799	0.38699257	0.94433373
-0.060569048	-0.78011096	0.33069795
1.24087	1.2489277	-0.5663925
0.38632298	2.456423	-0.97738034
1.7779679	-1.4564228	-0.240553
0.32765865	-0.32239828	-1.3781741
0.90803957	-0.9109659	0.69099665
1.6822238	-0.08167824	-0.6529145
-0.22824001	-0.19607559	-0.1004906
0.45112467	-0.17491683	0.021470614
0.8723006	0.36115935	-0.6860702
2.1250978	0.8413011	0.7618034
1.4434628	-0.90217507	-1.37906
-1.0032256	-0.2763923	-0.4745807
-0.96852136	-0.51365733	0.18650912
0.50605106	-0.21715057	0.36094064
-0.2422514	-0.7292491	-1.2281518
0.3450966	-0.13336048	-1.4936321
0.30395174	0.02554354	-0.73393077
1.5602126	-0.1928482	0.056303516
0.9412446	-0.17109752	0.3240466
1.9565158	-0.6501905	-0.75021136
-0.49324918	0.34779102	0.42824227
-0.2911141	-0.4819757	-1.0672219
0.44478464	-0.5284494	0.08534686
0.7703023	1.334238	0.26679963
0.091751575	0.1302625	0.7751446
1.964777	0.07024497	1.1180085
0.92992973	0.6222495	-0.27972633
2.4154983	-1.1311548	0.061313152
2.245953	-0.20949459	-0.7600338
1.1510692	-0.5543436	-0.21910326
0.17033696	0.6789598	-1.1378566
1.4717064	0.5255933	-0.8596897
-0.99883986	-1.5040817	1.0759411
1.4800949	0.2064532	1.6051513
-1.9886559	0.024314374	0.047280174
2.2502704	2.2556098	-0.045972265
-0.67683744	0.46334928	-0.30753607
2.0821533	-0.24014303	0.025534675
0.82415295	-0.8517231	0.17095318
-0.07494497	-0.51191723	0.6076806
-0.7433529	0.7326266	0.6409993
-0.12092662	-0.5863942	0.9605572
1.1291432	-0.45314506	1.0984435
0.74140024	-0.38193747	1.5180222
-0.35013723	-1.3753104	1.5942367
-0.34464574	0.43657386	1.1397246
-0.5981505	1.449168	1.0401
3.0372958	1.0045983	-0.20110464
2.6388898	0.7872697	-0.3824007
2.597014	-0.31564704	0.076249704
3.5087428	0.12639222	0.25802732
3.1402183	0.059088275	1.0940512
1.7176843	-0.8618332	0.5441775
0.37774658	-0.034161896	-0.60394496
1.3484521	-1.0935023	-0.76202154
1.7047606	0.4733993	-0.48974735
2.0994425	0.11854844	0.848795
0.6821618	2.0782206	-0.3627519
0.6610489	0.8723378	-1.5761645
0.790401	-0.05184391	-0.50747603
1.0481606	-0.028373271	-0.44762623
-0.47964644	0.2992102	-0.15623234
1.3699627	-0.12406978	-0.23556818
1.1757059	-0.4961441	-0.94895536
0.59164286	-0.08505559	-0.31926328
0.6889219	-0.35865507	0.14102855
-0.23082018	-0.73566973	-1.1065907
0.80991507	-0.366814	-0.067914106
0.9241767	-0.81630707	-0.2773505
-0.7405176	-0.86819446	0.61018276
3.5949588	-1.1323564	-0.40904188
2.2325435	-0.23929206	-0.011421014
-0.17594218	0.08850269	-0.3660348
0.112354755	-0.8029536	0.14671195
1.2900915	0.14942947	-0.6736086
2.1412287	0.39501405	1.4590213
1.5844927	-0.5845504	-0.3924343
0.6387167	-0.6453415	0.43721533
-0.096191406	0.14564261	0.0007808991
0.9995036	2.222413	0.5412295
0.0042157173	0.4054957	-0.9533624
1.1976175	-0.67346954	-0.980817
-1.83185	-0.837466	-0.21508355
2.2701921	-1.3597714	0.61903524
1.5613189	-0.5093496	-0.4510262
-1.4732354	-1.0306909	-1.3159695
2.190063	-0.13558203	-0.90524244
1.2077608	1.9165121	0.19730267
2.737938	0.27688754	1.0006071
0.086655855	-0.82360554	-0.34526098
1.1934724	-0.63812876	0.6934897
0.21970916	-1.4729586	-0.19411708
-0.7719357	0.63510644	0.07109992
0.37206697	-0.022028923	1.2365837
1.5997152	-0.3639376	0.35538715
0.33933878	-0.42230913	0.7596325
1.8638096	1.8503605	-0.46318328
0.79614544	-0.14680511	-0.39576882
2.849341	-0.8791394	-0.4136992
2.4757476	0.53028536	0.08991794
-0.30602312	1.7805599	-0.054101452
-0.4023404	-0.152506	-0.57551664
-1.686691	-0.019724756	-0.19728729
-2.131937	-0.7630482	1.5597767
1.3187203	-0.9387351	-1.1625824
-0.09843421	0.7189008	1.1535184
2.2443147	0.5556847	1.4825331
0.37743044	0.889881	1.4666535
1.620369	0.32504046	-0.94972616
0.108964205	-0.27932206	0.40800577
-0.031903267	-0.6902381	-0.20425281
0.54479074	0.58496135	1.6450267
1.299684	-0.31557885	-0.09257257
-1.0804524	0.3667272	-0.48222977
0.4717083	-0.1612196	0.7725031
0.62195396	-0.14942375	-0.6489687
1.3727846	0.39838395	-0.76605874
1.0978236	-0.2054384	-0.34352207
-1.8807629	-0.31741652	-0.41051966
1.5355325	-0.9280937	-1.1512082
0.96100616	-0.5361924	-0.30524457
-1.8392736	-0.121527135	-0.5553631
0.8321023	-2.1914034	0.39267576
0.62376165	0.6032398	0.28775418
1.9916601	0.087497085	-0.1519603
-1.6528938	0.7576146	-0.49717194
0.20570207	0.30770227	1.1287634
2.1499052	1.4668658	0.039579533
0.64054394	-0.70154476	0.8896566
1.7291865	2.4196393	0.051312827
1.6661658	1.4842688	0.07954478
2.575667	1.3206487	-0.1862447
1.1735396	-0.056446522	0.53536385
-0.8215761	-0.5053625	1.0766431
1.883832	0.5869789	1.6483825
1.5013752	-0.25633302	0.677106
0.90672827	-0.98665154	0.23681813
1.1735249	0.33073282	0.5929888
-0.37330675	0.7408247	-0.8849554
1.4301243	0.8249439	-0.9878103
0.27901888	-0.013809472	0.81041014
0.97336006	1.0162324	1.5974549
2.0040412	-1.0452379	0.12837934
2.7867036	-1.3868467	-0.033446535
0.9380479	-0.81430435	0.22565483
0.48392296	0.18985376	-0.18697438
1.3041816	0.16071409	0.8357496
1.2971592	-1.0105132	2.0647407
1.0089335	0.7342702	-0.14742552
-0.063538074	-0.40122446	0.11168798
0.1909759	-0.8840518	-1.3865777
1.0488558	-0.7009249	0.068496965
-0.03545904	-0.6828358	0.07799661
2.2233863	0.770262	1.1933603
1.5016241	0.8878162	0.89898366
1.0808053	0.33921474	0.12827793
1.2787647	1.5976249	-0.24877279
0.25452185	0.5424248	-1.0862286
0.8614731	-0.49287817	-1.26278
1.635045	0.743937	-0.7875945
-1.0029235	0.46145794	-0.7813777
0.29793262	-0.16516545	0.9818447
1.1718373	0.4890018	-0.2864226
1.6421947	-0.7893361	0.52774733
2.0382977	-0.8690227	0.31035393
3.3334565	-0.4185973	-1.2685785
0.55726147	0.4920777	-1.541451
-0.48967838	0.4304886	-1.1376028
0.7946801	0.11556913	-0.99596995
0.1827147	-1.2666413	-0.26438975
0.011202574	0.22120242	-0.25315315
1.4958277	0.39166957	0.29659665
0.46999693	1.8308789	0.41195768
0.19111991	-0.7944491	-0.27827734
0.77109766	0.42850506	-0.99115187
-1.3221531	-0.026363164	-0.5262454
1.559453	-0.72871137	0.8457959
-0.52848935	-0.81946146	0.46239495
1.4122047	-1.6138693	1.1089507
1.7962666	0.105965406	0.6702308
2.1020393	1.3914667	0.5536619
0.63715315	-0.7308935	-0.6179756
0.23285794	0.4539039	0.13564327
1.4342446	-0.25575444	0.30825675
-0.6786685	0.22682327	0.15744618
-0.72020864	0.08516309	-0.9032912
-0.75960684	0.79771554	0.40303493
0.7260022	-0.26436064	-0.2845788
0.18549514	-0.503168	-0.5468859
1.428082	0.086262226	-0.8400696
0.98483276	-0.5647373	-1.2597032
3.1728973	-0.81830513	-0.26995856
-1.0533898	-0.5066148	0.5476213
0.4376626	-0.53889406	0.48092562
1.9237313	0.62274253	0.850632
0.95969725	0.24771161	1.1811898
2.0783544	-0.37849095	-0.059337534
-1.0205934	0.0015864968	-0.314341
0.77124596	0.58472675	0.98376817
3.9874334	-0.28466198	-0.007802695
2.4882493	-1.2952123	-0.85251194
3.246368	-1.1213484	0.63954437
1.3373342	-0.62039137	1.1704959
1.3798742	-1.1912388	-0.3267277
2.8606668	-0.28312144	0.35624868
0.6294403	2.435883	0.2497971
1.0231538	0.255639	-0.48660392
0.7317691	-0.38129058	-0.24497275
-2.396419	-0.12677428	0.24182837
0.4776144	-0.6101426	0.12553924
2.0306153	-0.35610512	0.0585528
1.5976806	0.06560023	1.0521289
-1.727421	-1.3868877	0.36915016
1.0902252	-0.27399483	0.95586157
0.63717365	-0.9389435	0.4612924
1.0117221	1.665579	0.52093375
3.1109056	1.8086338	0.57731026
1.85391	0.49378383	-0.50600606
0.7125311	-0.41958812	-0.7756966
-0.53455925	0.07119645	0.6418604
0.6320882	0.13281679	-0.35420477
2.4932184	0.45769656	-0.30027503
1.5059633	1.731624	-0.21203183
1.5274286	-1.0239153	-0.27926564
1.2945986	-0.6644207	1.1767542
1.4135404	-0.8662435	0.724555
1.3676372	0.047925115	-0.75412256
-0.7135515	-0.9098997	-0.525054
1.3495712	-1.0128121	-0.72930443
1.4252677	0.2690919	-0.4602157
2.1358132	1.0794077	-0.3906886
-1.0763981	0.4780444	0.807533
1.4984426	-0.6093968	0.38227016
3.5276918	-0.34023228	0.32049602
2.3272614	-0.26340505	-0.9897563
1.0945902	0.4276202	1.2332047
0.7705841	-0.2790626	0.43664986
0.40912008	-0.51083004	-0.2683059
1.2581205	-0.4359013	0.49534875
2.0773058	0.057095066	0.28510517
2.3985457	-0.044525236	0.5888634
-1.0930254	0.05163613	0.97424436
2.8423405	-0.65239143	0.17754906
-1.1134036	-1.009127	-0.18582785
1.058208	0.3375929	1.708807
1.5189776	0.63860613	0.90491116
0.27425432	-0.9153838	0.29828966
2.3774252	0.2919367	-0.8823333
1.7829552	-0.6743736	-0.6646838
0.22353601	-0.30602244	-0.41612494
3.5917377	-0.10712361	-0.7217887
-1.1319916	-0.8968235	-1.1080912
0.17842221	-0.8836125	-1.8771784
0.3540349	-0.5363443	0.111081846
2.7690873	0.517837	-0.34307432
3.8552628	0.009237975	0.19027208
3.5247579	0.18260865	-0.34842914
2.1990147	-0.60228515	-0.635487
-0.78517056	0.3954165	-0.50043577
3.5010757	-0.4578264	-0.9944754
1.8354621	2.2212315	0.0400539
1.3064642	-0.21718061	-1.3195217
2.1781216	0.6754258	-1.0344261
1.1044984	-0.047671914	-1.8596061
2.6856031	1.8414524	-1.0322559
1.2144203	-1.3083701	0.6927087
0.25361586	-0.47029796	-0.42292458
0.010663271	0.17852089	0.83865905
1.7835593	0.23964421	0.5145892
0.16670132	-0.45124438	0.420806
1.9234409	-2.0984898	0.53617436
1.2294145	-0.99717283	0.177671
-0.27385998	-0.9171299	-1.6888779
0.83004904	-1.104856	0.7427663
0.7035775	-0.55973864	-0.45252228
1.2429981	0.44721702	-0.030392595
0.68080616	1.0001075	0.96552485
-0.59186625	-0.78323317	0.2964524
0.44202328	-0.1519103	-0.04697465
0.9145198	-0.07931504	-0.7293933
-0.6827116	-0.32508263	8.270517e-05
0.4430809	0.68230385	1.3150941
-0.19014955	0.5536395	-0.35538197
-0.74919176	-0.32479867	1.7902583
1.6604915	0.29826298	1.3546411
0.62809086	-0.60717905	1.0443358
-0.21814394	-0.72671556	-0.11341284
0.94456816	0.062219054	0.8429811
0.3217125	-0.8157574	0.51063615
-0.67741156	-1.7842878	0.06211145
1.7718649	-0.18216726	1.444764
0.7973728	-0.835598	2.050025
-1.0563738	-0.16158304	-0.43904096
1.5042224	0.05814761	-0.17571597
-1.2680335	0.4005988	-0.26549238
0.4699726	-0.8227956	0.69394916
-0.18942022	-0.11338699	-0.9168616
0.78908587	-0.7348474	0.042564955
1.4021034	-0.856436	0.7797087
2.375259	0.76178443	0.102285735
0.4762597	1.1503999	1.5277399
1.4803662	-0.4453636	-0.04297176
1.9838634	0.33726433	0.9778658
0.1774857	0.44265196	0.46846038
1.1393166	-0.77219176	0.36674392
1.5299034	0.7229671	0.3878798
2.2998981	-0.32625124	-0.8908041
1.2240529	-0.80376196	-1.9961984
1.9800086	1.1090102	-0.082900494
0.096710205	1.682879	-0.29635346
1.5311708	0.93483925	-1.9078468
1.7476063	0.8723388	0.9350536
-0.22095895	-0.052936077	0.129819
-0.23709178	-0.29072234	0.5066103
-0.11992264	-0.19022474	-2.1461616
0.105502605	-0.66726184	0.12771615
1.6326056	-1.311875	0.8548706
2.1052465	0.4369669	-0.2263907
1.1997061	0.3354774	-0.9715306
-0.06747794	-0.07146928	0.59409195
-1.7807362	-0.35899594	0.22529458
1.045711	-0.7180834	-0.2801689
0.46057653	-0.8438251	0.5029799
3.4702845	-0.7926487	-0.12852678
1.657062	0.3467167	0.17018299
2.7024493	-1.2334106	-0.36381036
0.85195017	1.045887	1.021879
1.5979061	1.105323	0.5053332
0.9576955	0.06820777	-0.47013152
0.9258895	-0.61641836	0.3234281
1.2267504	-0.12689176	1.1889311
-1.1131926	-0.4971697	0.348566
0.8155179	-0.619869	-0.37467325
0.25378323	0.80223894	-1.0945859
1.7523046	-0.7159308	0.7268144
1.7576079	-0.077483535	0.49995083
-0.8718958	-0.33057758	0.14255214
0.92499304	-0.5274416	-1.0949419
1.6265597	-0.7360079	-0.9816279
1.8408327	1.0281503	0.13589175
1.076745	2.1913202	-0.14113711
0.64640236	0.3503301	0.025174657
2.162024	-1.0193008	0.3314805
0.9153104	-0.1332733	0.41520798
0.4784541	0.5288236	1.1762434
3.3576803	-1.01866	0.21745372
1.6030655	-0.3137484	-0.2557882
0.9918952	-1.1385007	-0.4768145
0.87324476	0.463193	-0.24905215
0.5812254	0.71532845	-0.21745048
-0.8006451	-0.268478	0.7232372
1.6778083	-0.07260379	2.1553233
1.9776387	0.062277034	-1.1428934
0.74754286	0.89387023	-0.41696507
0.8551202	0.16457847	-1.2723446
-0.80595446	0.15461741	1.1973342
1.2133131	-0.33086976	-0.40665054
1.5659332	0.14882243	-0.6899957
0.22839546	0.9531163	-1.2759005
0.6987133	0.39893436	-0.35208774
-0.18934703	-0.07979891	-0.47230315
0.0493505	-0.9255316	0.6388528
0.8936939	0.13609421	-0.18184575
1.7542582	0.37538683	0.15548679
1.218967	2.014963	-0.2652461
1.1501951	-0.4994457	-0.29607213
1.2020221	0.2576867	-0.4567445
0.043202877	-0.056343257	0.27332574
1.817215	0.14836645	-0.21351333
0.7957759	1.7286242	0.11285067
0.13345075	-0.16758564	0.6075225
-1.0365672	-0.43164495	-0.98492676
-0.89168215	-0.14079204	0.45912588
-1.0824995	-0.01862204	0.5390918
1.5219479	-0.71683156	0.52382684
1.5343571	-0.71698	1.2184037
1.2900357	2.8447442	-0.27726722
1.2856822	1.2315825	0.26744482
-0.47287345	-0.49002287	0.1861495
1.9517555	-0.7774266	0.6295219
-0.39840007	-1.0692072	-0.07584135
1.5694284	0.015104651	-0.42908108
0.20600772	-0.06443694	-0.51901793
0.31329918	0.6538249	-0.7243349
1.6604557	0.8734833	0.27886915
0.88124657	1.4983242	0.09205639
0.019397259	-0.2706798	0.8826183
1.0183964	0.4846751	-0.05034049
0.9414263	-0.31723753	0.44562364
0.32053518	0.1080506	0.70274717
-0.014295816	0.8243269	0.40880257
-1.8098875	-0.47437778	0.21722674
1.3115592	-0.6165297	-0.7061739
1.0688257	-0.282424	0.6433897
1.1593366	-0.5270461	0.76157653
0.24578619	-0.48218045	1.0628141
0.4152279	-0.1462375	0.37837034
1.7217865	-0.28253362	-0.8409146
1.5480189	-0.3362123	0.83018744
1.4071136	-0.12544754	0.94281787
0.8715801	1.6358142	0.47543818
1.4063435	-0.11922866	1.0605141
0.63361883	-1.795292	0.006571166
1.0095391	-0.053696454	-0.16048267
1.7115617	0.5270003	-0.7359244
0.61918354	-0.38744298	-0.7326885
0.71048164	0.53903913	-1.1801295
0.3954234	0.36345142	-0.16474365
1.1479125	-1.2090666	-0.19460948
-0.54228735	-0.5303296	-0.82860184
1.1994109	1.727483	0.93181473
2.001968	0.30415693	-1.074312
1.7040625	-0.34310243	0.09216112
0.44719362	-1.2524067	-0.16007204
-0.12093711	-0.771178	-0.4735505
0.5290003	1.326993	0.4720646
0.9096737	-0.13115886	2.112071
-0.3746791	-0.73170614	-0.3445248
1.1491861	-0.9262388	1.2486156
1.4451532	-0.5580194	1.2012104
1.6553922	-0.15954563	1.6362088
0.8295202	2.104935	0.030665383
2.465001	0.2187913	-0.2724803
1.8426108	0.46726978	-0.038205706
0.18436146	0.1838966	-0.64572275
-0.14691567	0.35173252	-0.5737773
0.6512928	1.5577899	-0.65431076
5.634927	-0.7007843	-0.024034254
0.33286095	0.54546565	0.9478209
1.4853916	-0.4458243	1.2066249
1.029387	-1.4922427	-0.32024008
1.3827782	0.080911785	-1.1737249
1.370307	0.9285251	1.085852
-1.3033311	0.036955982	-0.9057587
0.21230268	-0.19304922	-0.36240512
0.69392395	-0.5422735	0.7661806
3.5247164	-0.2211901	-1.2852408
1.6297283	-0.6261045	-1.254196
1.3516312	3.0332856	0.31959194
2.0154757	1.2852751	-0.74662155
1.2312016	-2.3021727	-0.45234913
-0.08580518	-0.42030302	1.1495222
1.2465386	-1.5658659	0.14529838
5.475976	-0.61255085	-0.060856596
0.9156966	-0.10476014	0.07485759
1.7753787	-0.010746539	0.31187803
3.0001054	-0.25928238	0.07923028
-0.362777	-1.3233773	-0.100751504
2.4941597	-0.022140354	0.057675786
1.0084867	0.76478875	-0.16442676
-0.79835486	0.5993794	-0.75316525
1.195374	2.207244	0.53089005
0.39958668	-0.45398518	-0.4655705
1.5279889	-0.52956355	-0.39011776
1.2617183	-1.3410593	0.12904142
2.8972473	-0.66657805	-0.09451528
1.6692638	0.3625579	-1.216174
1.7893071	2.9001212	-0.22586714
2.1130614	2.4945412	0.45336264
0.771328	-1.0538094	0.73978907
0.86120415	-1.2750049	1.5411202
2.4665422	1.2107434	-0.6321966
1.0926495	-1.090011	-0.15330848
1.407589	0.5148174	-1.0484655
1.6816545	-0.025750011	-0.7099779
2.3201818	0.5456102	0.38018537
0.8254461	-0.65657187	0.21921471
0.43507814	2.4272149	-0.24606363
0.9080782	-0.4216902	1.2257324
1.0593815	-1.8937057	0.58130634
3.0244865	0.52540267	0.051643457
-0.18600059	0.6706245	-1.0637845
0.7343545	-0.44437346	-0.92778224
1.2051725	-1.6553875	-0.032542102
0.19196653	-0.5463743	-0.6383836
1.0493102	0.46852705	-0.35250407
0.443336	-0.08223608	1.4708588
0.68888235	0.78559864	-0.72122884
0.49859095	-1.5393002	0.3661499
0.7568188	-0.89305687	-0.44062364
0.5005102	-0.1569775	1.3342459
1.3678308	0.7405849	0.7633876
1.4842825	-0.3882927	-0.49506474
-0.40472317	-0.79191816	-0.07400607
0.98963404	0.5288706	-0.6617344
-0.16269755	-0.69417024	0.9499204
1.594306	0.29398444	-0.36444515
5.5662336	-0.6641606	-0.07903829
0.73841	0.6923816	0.17797117
0.8820176	-0.33204916	0.83913505
1.9752369	0.61400056	1.1319188
0.15693402	-0.34245506	0.06323627
-0.5984864	-0.2045908	0.17024912
0.4102354	0.37637207	-0.60127366
1.3210678	-0.5442126	0.41415036
1.0050497	0.052332267	-1.9749601
-0.0033340454	-0.80678475	-1.2451555
1.0272126	1.863147	-0.18879591
0.5654688	-0.040130734	-1.2438189
0.483675	0.5020691	0.12558556
0.34865952	-1.2822714	1.207969
0.23110461	-1.1182455	-0.639357
-0.07601929	0.5492815	-0.91276026
1.8908229	0.48668253	0.045630984
3.038455	-1.4297795	0.12372034
1.3966851	0.4363721	1.1232928
1.3907828	0.19452977	0.6115504
0.0007660389	-0.89622414	1.984557
1.4465556	0.39107534	-0.6038832
1.5812497	1.4224409	-0.14550446
0.42447424	2.6611605	1.0389591
-0.13807559	-1.7134031	-0.16416837
0.4814024	0.17991883	0.13732308
-0.529068	0.13423017	1.5539963
0.8361249	-0.7074996	-0.21847095
5.5662165	-0.6969625	-0.050371177
1.8098116	-1.0986786	-0.58034647
0.17433262	-0.12665808	-0.2315434
0.28873444	-0.32568285	0.07303764
0.7080035	0.15920673	1.1892692
1.0261035	-0.4720135	-0.2927364
3.0170498	0.22913915	-0.17882058
0.8854437	-0.030964851	0.47547317
1.256886	0.09350197	-0.71070635
-0.9113734	-0.2662557	-0.16178082
0.50911236	-0.7837614	-0.2277055
1.042408	-1.327093	0.07009459
0.021465302	-0.13768142	0.39394623
0.74193907	0.6433586	-0.542721
2.6357388	0.66499174	-0.4941603
0.55815077	0.008518249	1.173831
1.8744855	-0.52785933	0.6711984
1.1082754	2.2446628	-0.53852624
1.5845699	0.43890685	1.5421548
1.8656034	-0.3497866	1.4375101
1.7490096	0.59877133	1.024823
-1.225291	-0.18617788	-0.032264717
1.6352682	-1.1025405	-0.93877363
1.2473598	2.5951493	0.09792414
1.0659404	-0.9746281	-1.6965128
1.2669387	-0.44485644	0.030261692
0.6033211	-0.30499092	0.43082952
-0.046798468	-0.32104763	0.37445968
0.4369607	0.1423583	0.60017616
0.24981046	-0.013404876	-0.041988447
0.3195281	0.075293615	-0.27498442
-0.6873033	-0.13918078	0.20884357
0.31729746	-0.69529927	-1.9078033
1.4077125	-0.65435946	0.430416
0.21651506	-0.6819339	-0.8044048
1.5264888	0.1495798	-1.1615609
0.7320833	1.2961435	1.0784307
1.4954257	0.022579163	-0.3766331
0.22792816	0.110897094	-0.42569214
0.18064523	1.4929552	0.0465203
-0.080238104	0.16933006	0.5856355
0.63548803	0.18777695	0.018644128
1.4771852	0.23968056	0.38199854
1.0272937	0.2533192	1.2418851
2.8845406	-0.7600715	-0.31610483
-0.44670367	0.097752064	-0.67532444
-1.6559985	0.40817553	0.3811298
1.5421944	-0.41526982	-0.32994014
1.1934066	-0.80531394	-0.8544979
-0.39278698	-0.2605839	-0.46544135
1.6004338	-1.1022285	-0.4093716
0.26971722	-0.037885934	1.4685432
0.81386995	-0.9958918	0.95874625
0.64734745	-0.46084204	0.40133095
0.9512992	-0.01907742	1.1689804
1.634881	2.3351715	0.44594073
0.28236675	0.20550269	-1.02399
1.5100813	-0.7757168	1.4189625
0.7444067	0.9015523	0.0888893
0.3126521	-1.8363682	0.6084536
0.83363104	1.3662684	-1.0950308
1.0390167	-0.25592795	-0.06730572
0.25903535	-0.3903239	-0.988543
0.24020624	-0.43824157	-0.00061765686
2.743834	-0.07842541	-0.18434554
0.9087858	-0.32847455	-0.0437141
1.2745323	-0.082912594	0.4967702
1.1815562	-0.18879285	-0.7383324
0.8364525	0.026862904	0.8343068
2.2742648	1.5775318	0.26366526
0.5124359	0.2420574	0.7378762
2.9367151	-0.88297665	0.011237759
1.3545928	0.06481376	-0.011982825
0.17942333	0.14643922	-0.14086828
-0.06900263	2.4204755	-0.9790743
-0.04295969	0.44533914	0.38115722
0.8874111	-0.9813224	-0.12021743
0.21779418	-0.14004466	0.63288814
1.1541815	0.8528074	-0.676735
2.469369	-1.2206795	0.9843149
1.1509233	-0.4691001	-0.62851566
1.4709549	-0.14184523	0.5025091
1.1490278	0.21490818	-0.3908071
0.33378315	-0.028175324	0.11855351
-1.3691034	0.64012337	0.6198172
0.84871006	0.23903759	-0.45200956
1.4624228	-1.2381157	0.62248766
-0.046397686	-1.4253943	0.31977254
0.14787269	-0.8902801	0.9039727
0.98543453	-0.7906469	1.1062558
1.4534688	1.5550416	0.6731262
0.14764786	-1.4249477	0.0389778
1.3323731	0.30692735	0.75328267
0.43511152	1.289113	0.7167433
1.2552128	-0.8665551	1.0642979
0.77386284	-0.77803445	0.9067423
-0.6536126	-1.6138396	0.80431587
0.46320248	-0.87588763	0.65261143
0.6149092	0.19983232	0.6461339
1.3221607	1.8751957	0.31437778
0.07542777	-0.6165252	0.45209068
1.7348137	0.10149965	-0.050545797
1.0633082	0.3344161	-0.15465072
1.5599585	-0.3567839	-0.032000415
-0.15019631	-0.26182953	0.72062564
0.25207496	1.864086	0.11668153
0.13488412	-0.11948395	0.6299214
0.059673786	-0.9851786	1.0590829
0.13838553	-0.62425375	-1.0022275
0.9947095	-0.21165949	-0.33793283
-0.16739821	-0.43751916	0.6457387
0.18432641	1.1100712	0.5302602
5.456067	-0.6830355	-0.055616118
3.029387	-0.13767868	-0.111411795
1.5419502	1.3471719	-0.13085051
0.52711105	-0.34789738	-0.72287285
-0.6012347	-0.82114947	-0.013147723
0.33343935	1.119024	0.2844792
1.4439001	2.6756587	0.56507677
2.165162	-0.35667184	-0.11129317
1.1447783	0.018860549	1.1829315
3.2510777	-0.75004375	-1.485095
0.565238	0.400297	0.5794243
-1.0785251	-0.048921704	1.3947344
1.0124636	0.1464813	1.0954801
0.15689707	-0.14128381	0.33962
1.4111958	-0.60345495	0.58602893
0.24641109	-0.7577975	0.5906744
1.6676579	-0.5790014	1.5565987
2.0891376	-0.11299217	0.22054055
2.5701818	-0.67286277	0.5139242
1.7870784	-1.4375885	0.38532537
2.3533087	-0.14457127	0.20233878
0.6611266	0.18506615	-1.4787539
0.7248945	-0.38265648	-0.907093
0.38868332	-1.1319574	-1.1135037
0.5533409	-0.19913432	-0.23719184
1.0448041	-0.657164	-0.69846153
1.6010852	-0.055600077	-0.74018985
1.6037655	0.03302194	-0.8539791
0.6698394	0.11678767	0.8850283
0.50774527	0.07600352	-0.32900143
1.8598824	-0.6959114	1.5648962
2.4242868	-1.1244152	-0.15915102
1.6398258	1.3452106	0.7746539
2.58315	-0.25512713	0.70153767
1.7245126	-1.1143914	-0.15301456
0.8553543	-1.3257353	0.35235012
1.5041804	0.30156636	1.1937333
2.774682	0.25300416	0.13694316
0.6582618	0.28473276	-0.20113757
1.0099058	-0.7165909	0.39193755
1.7758412	0.13336544	-0.14934583
0.42573214	-0.95290136	-0.32582015
1.4629741	-2.1803353	-0.90920335
0.776	1.1539588	0.0910684
0.5588012	0.32287127	0.86052394
0.7875953	-0.047710657	-0.1038686
1.9529762	-0.393046	-0.26617676
-1.0923202	-0.39068136	-0.78273344
1.5323787	1.2058069	-0.5042178
1.53163	0.3032901	-0.31706727
0.23450184	0.3225284	-0.8155575
1.7676053	0.32641533	-0.09883535
0.26015878	-0.6756741	-0.9467734
0.7622309	0.022444978	-0.4192503
1.3419809	-0.04840353	0.18628919
0.7239852	-1.3674182	-0.02108536
-0.5538471	1.3167773	-0.07641285
1.2995625	1.5355059	0.2056499
0.06997061	-1.3576374	0.65419865
0.14942431	0.5307032	-1.0528859
1.2428379	-1.2010837	1.1501373
1.5321712	0.26912245	0.36985552
-0.18027663	-0.15832269	-0.7025429
1.7288308	-0.111680865	1.537862
1.0326881	0.3471451	-0.45107293
0.3091817	0.07058211	-0.1272376
1.8378444	-0.4720812	0.09800687
0.75793266	-0.14684495	0.7056128
0.9286728	0.076406464	-1.2905277
0.80840254	1.7604532	1.0569278
1.8077002	1.2319775	-0.34018868
0.54084015	-0.51556516	-0.49839467
0.38861275	-0.83674324	-0.44125903
1.4948807	1.7414093	-0.021090798
1.1809464	-0.70950305	-1.6015466
-0.673188	-0.9756675	-0.20308767
2.1942468	1.223014	-0.3383361
0.8797097	-0.5616137	-0.37458766
1.3562016	-0.7338569	0.41648793
-0.26019287	-0.9566258	-0.47139102
0.91453695	0.81811345	1.0205343
1.4964714	0.2349623	0.368667
0.6125531	2.6354768	0.08187638
0.87935257	-0.1655387	0.2624
2.064394	-0.8534174	-1.1594032
0.7748132	0.15445259	-0.09866394
1.0014586	-0.23334774	0.38051075
0.44303274	2.0363965	-0.66563225
2.2614074	0.07203126	0.7213731
2.3017402	1.3665594	0.102718264
0.9101	-0.83194685	-0.96872777
1.5231891	1.1146685	-0.26913756
3.8062305	0.17941937	0.5169393
0.15803337	0.45302495	-0.043654725
1.548521	-0.03307864	0.4001364
3.7125587	0.4438027	0.35458106
0.3609581	0.12388207	0.35346538
1.2960382	-0.64150465	-1.0148174
2.576334	-0.804216	-0.53142065
1.166059	0.74885046	0.021950563
1.0575695	-0.69340026	0.9860187
1.1098065	-0.003279522	0.9839
1.0475216	-0.872252	-0.426004
1.1562862	0.40522936	0.4501902
2.0544453	-0.7768699	-0.50923514
1.048255	0.7275661	-1.0367633
2.3868742	-0.061828375	0.8164359
1.629951	-0.07804403	0.36043686
0.28309774	-1.769504	0.14214191
1.7589846	0.37701735	0.05694454
1.0831208	-0.47447518	0.17941007
-0.750973	0.6240085	1.4131681
1.3436308	-0.4794744	0.7493057
2.0186849	1.2572868	-0.96845466
2.3840885	-1.062907	0.9300581
1.7718382	-0.34331152	0.69209063
2.2506142	-0.49073496	-0.35091
1.5917563	-2.084737	0.2379022
1.5323658	-0.8190272	0.446701
1.2575927	-0.9764222	0.6546571
1.82267	0.10496466	-0.7521458
-0.08444953	-0.28545704	0.0076534525
1.1104536	-0.32144144	-1.3919183
1.2955251	0.74762547	-0.09517969
-0.36781502	-0.6795367	0.23609479
2.6061878	-0.7765199	0.1310038
1.8014302	-1.477257	-0.058525525
1.0233812	0.8341521	0.28796625
1.0745673	0.43802622	1.0821631
1.669446	1.6861392	-0.6192672
-0.49629402	-2.1966195	1.1043118
0.80064344	-0.5133617	-0.6166606
1.8429322	-0.56644225	0.063090295
1.1267724	-0.008551538	-0.50187993
1.759068	-0.09082511	-0.15397409
1.1027203	0.0036437213	0.88031304
4.0756392	1.1577667	0.61968625
0.8779659	-0.36240855	1.0273882
2.0204678	0.69517094	0.07504283
1.802886	2.4989612	1.3365082
0.9027958	2.5588086	-0.59361935
-1.1397045	-2.0355837	-0.9882656
1.2774177	0.12961622	0.07740301
1.1137547	-0.25751188	1.7470709
-0.770906	-0.38388756	-0.18339495
2.696116	0.5883517	0.033858318
1.0025153	-0.41190258	-1.0976388
1.786427	-0.21908492	-0.012404364
-0.4232235	-1.8056983	-1.0614997
1.5267158	-0.0734795	-0.77500224
2.1985593	0.38239616	0.13486752
1.4713769	-0.9996331	-0.07426095
1.9046907	-0.744679	1.1852826
1.0388441	2.5566654	-0.10087389
0.2415514	0.55406827	0.20585552
0.26152277	-1.1563895	0.4443835
0.5167723	0.3584615	1.7341479
0.9878912	-0.43326256	-0.07803782
0.7240243	0.17948796	-0.3053518
1.5554428	-1.4310799	0.39368492
0.20779657	0.12342381	-0.8406854
1.4340863	-1.098875	1.6975613
2.182078	-0.039671272	-0.49463177
0.90225935	0.3940665	-0.0886154
3.661201	-0.033053994	0.9773018
-0.45568752	-0.7022749	-0.9428268
0.05052066	-0.6434145	-0.1116125
1.7450514	-0.45577434	-1.0004114
1.0203185	-0.034106404	0.07080697
0.91121674	1.3695052	0.23546886
1.8493538	2.490861	0.21676034
0.92220306	0.36342698	-0.5049615
1.0426464	2.0509555	-0.74448895
0.5583768	-0.35179517	-1.1438972
-0.3896675	-1.2648792	-1.2975856
1.1097083	0.33270732	-0.7738985
0.6140065	0.6357857	-0.69316036
1.6503153	-0.9810332	0.06653758
1.8866377	-1.1748853	1.1862239
0.8674941	-0.27628955	0.9161422
1.0914016	-0.75940025	0.358481
-0.35462022	-0.13337901	0.49325103
2.494031	-0.4478198	1.3624345
1.862153	-1.2171892	-1.1515368
-0.42387176	-0.23753276	0.4232167
0.9750085	2.2833893	0.093906485
1.7337766	-1.0745296	-0.4079128
0.62720966	-1.3280686	-0.29447025
1.1953044	1.1027443	0.2445163
2.9983034	-0.20834228	0.90720326
1.0829549	0.03658262	0.6079581
1.5392065	0.55357134	0.19276354
1.5030818	1.6677601	-0.16871816
0.25292635	0.86016285	0.07636604
0.5401926	-0.45102963	0.45058107
0.060487747	0.41420645	0.13390139
3.0556173	-0.6348306	-0.9762208
1.6625462	-0.5202925	0.55079955
1.2428985	-0.004372716	-0.12395412
0.50725985	0.19584516	1.2466272
1.4227653	-0.31409493	0.10839301
2.6497455	0.19114606	1.0917774
-0.33577228	0.55257404	0.032210622
1.5134349	-1.3880515	-0.6505545
0.82082224	0.43643424	0.190478
1.5177488	-0.61601007	0.118535414
0.9117217	-1.1476198	0.34632456
0.7627306	1.2400599	-0.06667536
0.7191825	-0.7185333	-0.121659905
0.88484144	0.05678001	-0.56904274
1.9823661	-0.13726184	0.43374234
0.5474758	1.3991683	-1.9421839
-0.9945915	-0.5955732	0.35663128
1.6957335	0.4717798	1.0958067
0.5795407	-0.76569426	-1.0807185
-0.5336983	9.383261e-05	0.63149565
0.2564671	0.66291285	-0.9048154
1.7677212	-0.6069728	-0.81525105
0.7948742	1.5090774	0.36710203
2.2544355	2.1374934	0.7035824
3.1181707	1.3740222	0.14172918
1.4620309	-0.7927383	-0.15327035
1.9114213	-0.42088363	-0.6135915
5.568926	-0.6502564	-0.044393227
0.5373483	0.41021448	0.08031891
1.705142	-0.964484	-0.6504561
0.8344526	-0.936205	0.3735425
0.600368	-0.63995755	-0.47467625
2.19285	-1.1681842	-0.2550878
1.9744787	0.24058539	-0.80558443
0.67041016	-0.9850892	1.9812777
1.1534572	0.05212663	1.2830482
2.0800233	0.8985565	0.6585757
1.1168461	-0.014196068	-1.100887
1.9650359	-0.5554292	-0.33056575
1.265882	-0.51662505	0.48876917
2.0152345	-0.25920126	-1.1665403
2.0459886	0.4431036	-0.47396523
3.018291	-1.419763	0.5917539
-0.41318846	0.044287726	1.5190381
1.8266816	-1.942962	0.6262128
0.054815054	0.022088304	1.252965
0.7029214	-0.48792621	-0.56639487
1.776731	-0.074920654	-0.85375345
1.1472182	-0.068793654	-0.46097606
1.0559378	0.5921746	-0.4441225
0.58471775	-0.095315635	0.7626824
1.4305177	0.9868809	-0.13200794
2.074789	1.6107347	-0.3743015
1.1961331	-0.19595313	-0.9901623
2.2841816	0.5420966	1.1297536
1.0796814	-1.2340757	0.45074153
1.6569891	0.03529136	1.0717775
2.3642893	-1.197528	-0.001792524
0.5697465	0.030924097	0.53721726
0.79835653	-0.0004082173	0.5970988
4.274475	-0.3246568	0.24130185
5.61343	-0.6543052	-0.068733655
2.7222085	1.360911	0.12025648
1.6347132	0.5578794	0.17456055
2.402996	0.25571662	0.020420099
-0.5121863	-0.23986116	0.74228394
1.4350419	0.13751371	-0.0074670203
0.54710674	-0.5663643	0.053240303
1.0922318	-0.2691141	-0.4554823
1.5974827	-0.27512482	-1.1015935
0.61358786	-1.1318263	-0.140572
0.48700094	-0.21404141	-0.8009059
-0.075675964	-0.22240767	1.2595956
0.982697	-0.9607588	-0.40591377
0.32017994	-0.016897917	-0.12843356
0.49372768	-0.7128283	0.4192437
1.0709381	-1.5274915	-0.6160551
1.8453422	0.7098589	0.07752655
-0.1921122	-0.9310899	-1.9366916
1.0825229	0.321957	-0.73875505
0.09744525	-1.8475722	-1.0358684
0.9405689	-0.3328651	1.9225976
1.8165307	0.26021674	-0.93405217
1.2319756	0.4361958	-0.21808486
0.9339547	-0.7324648	0.3411947
0.2650478	-0.845003	0.5435464
1.3516002	-0.2774981	-1.875761
0.8490143	0.16148168	-0.2473798
0.23785639	-0.44644377	-0.054328553
0.9570861	-0.033645064	0.016966274
0.9916687	2.5369713	0.6392477
-0.671294	-0.33189294	-0.48168796
1.1188326	0.46174344	2.2087176
0.6463151	-0.41224268	0.62745804
1.4495025	-1.4805032	-0.016379233
1.8329887	-0.3405368	-0.45663655
0.9940996	-0.08117497	-0.3122195
0.27314377	1.9642779	0.80771405
1.1015749	0.95711994	-0.6026573
2.51372	0.7375803	0.3417366
1.0038347	-1.159582	-0.15854506
2.2457008	-0.3469405	0.8755099
0.0486331	-0.09162247	0.6122598
2.054028	1.801615	0.5430971
1.6951828	-0.6916847	-0.7086226
1.0693555	-0.55987763	-0.08566499
0.59999704	0.55543077	0.910376
1.5978622	-0.09093073	1.4532107
-0.11253238	-0.90125823	0.42967463
0.42867613	-1.4083201	-0.16842541
0.8065219	-1.9612197	-0.12326108
2.3791628	0.14405683	-0.1891604
0.3172059	-1.7354646	0.6730295
2.1919045	0.18846259	-0.24547024
0.9748683	-0.67277145	-0.37351084
1.97892	0.29156816	-0.5095527
1.3402967	0.11547367	0.8855505
-1.1309063	-1.3752667	-0.71044487
2.1572423	1.0285984	-0.018544063
1.1091771	-0.24521971	-0.034676217
1.1802998	-0.08197397	0.15319356
3.3187833	-0.35243097	-0.68559486
0.60008144	-1.1423892	0.45780367
0.75727797	-1.0463564	0.18637386
1.7435241	0.5899036	-0.7997
0.80447817	-0.37197945	0.61947966
1.4878016	-0.045337766	-0.03865426
0.65068626	2.054905	-0.21889947
2.4050694	0.20034406	-0.6527974
-0.43842387	-0.35035107	-0.36698598
-0.18918657	-0.7911482	0.89707124
0.92408514	-0.119781554	-0.7046082
-0.6298773	-0.48035678	0.5225733
1.1661649	-0.026749194	0.74548954
1.0376925	-0.70942056	1.2835335
1.5759063	-0.13628852	0.5339064
1.3190289	1.2474735	-0.86197704
1.4970593	2.4335527	-0.21290527
0.66993475	-0.19653645	1.4736223
1.0911393	-0.18528533	0.030494172
1.2111402	-0.88993907	0.5628293
1.9668865	0.6750746	-0.93176335
1.0559464	1.8511163	0.018956356
2.3062196	-0.4661735	-0.6779115
1.394525	-0.07974666	-1.5380226
0.62044764	-0.12262711	-1.4838692
1.9203186	-0.72909486	-0.31639767
1.5905714	2.5320122	0.34371763
0.85807323	-1.2819515	0.33346713
2.065956	-0.9214592	-0.19006252
1.6885853	0.63468635	0.76594925
1.6278219	-0.4798096	0.7802443
1.3560386	-0.43914208	-0.13833757
0.7698641	-0.13260427	-0.07988095
1.1395316	-0.02513498	-1.4489281
0.2648723	-0.5535759	-0.06339986
2.2197008	-0.12295145	-0.30401003
1.1534691	0.10724752	1.1994207
0.7918916	-0.41364023	0.01980386
0.8264055	0.30445403	0.9980192
1.1579309	-0.3163214	-0.57284844
1.4013472	1.1258583	0.333493
0.59190464	0.24090229	-0.31471664
1.7721667	-0.91685236	0.070429444
1.1686091	-0.27521172	0.72370476
0.30487633	1.2910051	-0.37660432
0.9544349	-0.009373188	-0.7468667
1.5811486	-0.18237612	-0.4720698
1.7080212	0.95197725	-1.0513794
0.98168516	-0.16297203	0.7484456
1.7604284	-0.693547	1.1167723
1.4491124	-0.65494454	0.5590016
-0.6401274	-0.50916755	0.37864214
0.1300075	-1.0865505	-0.31802934
0.5152955	0.21023464	1.8617517
3.2740898	1.1065412	0.37357968
-0.20439148	1.7753719	1.2396923
0.87012005	0.79727685	-0.36889642
0.32775068	0.30561826	-0.19615212
2.1576228	1.7057279	-0.25484443
1.3198595	-0.12579694	0.056123585
2.7863855	-0.3430889	0.37879908
-0.36046886	0.20290455	0.9498288
2.7114973	0.7604271	-0.17123355
0.68633604	0.24910931	0.08706507
0.9116273	-0.63969433	0.8615002
1.5995393	-0.48530975	-0.9423095
1.2095857	0.15079638	0.1475006
3.7902389	-0.12789744	-0.90425414
0.08282781	0.4624927	-1.5647609
1.0335641	-1.2901386	0.19208714
1.2602682	0.07876986	-0.01090204
-0.090058565	0.0914247	0.13617164
0.91837263	0.17017737	0.33816433
0.5899029	-0.7423955	-0.16040067
0.5608907	0.38082087	0.2334139
0.36021423	1.2768171	0.17758572
2.3162293	0.3928004	0.14194879
0.9409323	0.5358473	0.19533893
1.0772796	-0.50850475	0.3375724
0.83352757	0.14739019	-1.2349334
0.5057697	-0.55641603	-0.8702818
0.7135148	-0.94627523	0.38696635
1.9311676	-0.5460621	0.43549317
1.8795028	-0.45704028	0.57818013
2.248242	0.77394354	0.74998647
0.2802472	-0.7359097	0.40910888
-0.12766218	3.0107331	0.049397677
0.70617723	-0.93588173	0.8054239
0.52149105	1.1729546	-0.17158568
5.572914	-0.68389153	-0.019627579
0.7981696	-1.6854532	-0.88976383
1.6593871	-1.0601045	0.35475796
1.0426826	-1.3287117	-0.49044764
0.8822079	-0.44616798	-0.72832966
1.1372414	-0.83628	-0.5837126
0.5136218	-0.8383769	-0.8117251
1.8740993	-0.42291227	-1.0803572
0.4281063	-0.3704482	-0.974605
-0.1810503	0.16056475	-0.119653076
0.5489497	0.055347145	-0.08661541
3.3535142	0.18163085	0.16146354
2.4556112	-0.39238432	0.94081897
2.0120072	1.7689149	0.15086642
1.8582702	0.6449343	0.3686269
1.0870156	1.1928334	0.46506798
1.007976	2.5510461	-0.6777074
1.157032	0.32287923	-0.43391037
2.5073361	-0.44148895	-1.059971
1.483439	0.85123193	-1.3925656
1.9411421	-0.23009738	0.2057377
1.4738016	-0.5600195	0.6096109
1.6755781	-1.3738092	-0.8331337
2.1838636	0.20583051	0.5460091
0.061010122	1.2758048	0.58216894
1.3804617	-1.102562	1.039643
2.1191535	-0.5628263	0.049517162
1.5942168	0.61770046	-0.45396775
-0.5589812	-0.7421758	0.11376036
1.5033846	0.26030046	0.16544311
2.3398418	-1.764814	0.83229303
1.4870634	-0.7405771	0.35406566
-0.4480667	-0.3465654	-0.3766212
-0.66572165	0.760522	0.46301162
3.1181912	0.56291926	0.18963909
2.2264628	0.7723185	0.3050967
0.90422726	-0.0040488094	-0.023892984
1.5533619	0.36470774	0.5405554
1.8358316	0.12957937	0.24194677
2.7987185	-1.3642201	-0.34257454
1.4266429	0.9628341	-0.11373451
2.0469294	-0.63795805	-0.21660773
2.1113997	-0.9234475	0.18405625
4.1194973	-0.046894938	-0.32140362
0.941154	-0.18152362	1.5398699
2.1051946	-0.35131857	-0.34207487
0.9003625	0.050744727	-0.13019386
0.57447577	-0.5377526	-0.7301801
-0.79045224	0.114312604	-0.14228183
2.2526202	-0.5383136	0.19382414
0.90147305	-0.25840303	-0.76639277
1.502502	0.13484238	0.6741744
1.4298468	-0.96413004	0.9901847
0.50786686	-0.8715347	-0.4620496
1.4331279	-0.21528098	1.3401402
2.173081	-0.27853736	-0.6475714
0.80490303	-0.2095553	-0.055054694
1.8828745	-0.9503534	0.14656457
2.8389854	0.43522295	1.5259588
2.0372553	0.44798076	-0.33324736
0.93047094	0.6753253	-0.32194352
1.1806154	-1.2905188	0.3225202
0.9085674	0.26612207	-0.6090087
1.065968	0.30711102	-1.9313184
0.6303406	-1.4862682	0.17554696
0.5310788	0.22380784	0.60267764
2.4548864	0.040972307	-1.0255541
0.8474879	1.7127827	-0.056324877
1.3266635	-0.14761007	0.04554913
2.5731144	1.1839435	-0.13268554
0.8873105	-0.53253686	0.5341835
0.49541092	-0.5030633	-0.8059428
0.702795	-0.99178076	-1.0336097
1.7153864	-0.58553696	-0.7983762
0.97892237	0.13326396	-0.9393159
2.1728525	0.5882622	-0.3891068
0.28442574	1.852574	0.11515055
4.396597	-0.8590025	-0.1862634
1.3767395	-0.12563103	1.1521095
0.79879856	0.44493973	-0.23655103
0.5980487	0.8604107	0.4388482
-0.3478086	-0.88884425	0.65474397
0.5428548	-0.8560678	-0.84613115
1.0284619	-0.8396753	-0.8315923
2.9803472	-1.1222988	-0.47269362
1.2918739	1.6475669	0.34128356
0.18522334	0.16323277	0.6165138
1.3858948	-0.1904462	0.9588118
0.5537276	-0.28201374	-0.045066938
0.6865711	0.032332465	-0.6529783
2.4077086	-0.14763471	-1.2081196
2.7919106	0.2568818	0.061761126
-0.44830084	-1.2497827	0.6885633
0.518332	2.0136912	-0.4674363
0.7560458	0.003769368	-0.34599018
0.6177254	-0.9374819	0.9628064
0.3260398	-0.02287975	-1.2362295
1.679429	0.3318046	-0.600219
2.2251062	0.98846817	-0.67426336
0.82263565	0.29468864	0.31906986
0.77619505	-0.40023205	0.99046844
1.5442014	0.09018467	0.011908237
2.6910577	-1.1881264	0.231401
1.7955728	0.07004766	-0.5348733
1.7120013	-0.5476856	0.23626386
0.7357621	-0.40553978	0.6934579
1.4647107	-1.4481834	0.77819693
-0.43342257	-0.12924635	0.5912794
2.1502562	-0.25440097	-0.78817177
1.9822626	1.4398816	-0.21873422
2.2503986	-0.23974171	-0.6127503
-1.05514	-0.724151	0.92854357
1.3009424	0.10957484	0.47436035
1.5105176	-0.78520477	-0.037654392
1.2788577	1.8618684	1.5598913
-0.74246264	-0.49442288	0.40552753
1.2530594	0.7598164	1.1716231
2.2293077	-0.6251198	-1.4438872
1.3618069	-0.28635284	0.3499924
-0.8628082	0.35733896	-0.41019982
0.6048689	1.8623421	0.52537984
2.4328852	0.6038604	-1.698698
1.838088	1.1684709	0.3110174
0.7677388	0.13515449	0.6589641
1.2684584	0.52715445	-0.38813967
2.9363856	0.093406826	-0.16894309
1.40522	-0.7387823	-0.7778746
1.1387677	2.1775074	0.057546582
1.2803497	-0.77853024	0.25540012
0.7724252	0.04251699	0.34571552
1.6018128	-0.7534708	0.8683989
1.2982254	-0.61937046	2.0776088
0.8464217	-0.77686083	-0.00902066
1.9800515	-1.086228	-0.27792382
1.1236625	-1.1244532	-0.46885443
1.0943389	-0.030133307	1.8232334
2.1729298	-0.32310095	1.1148063
1.1531744	-0.5018445	0.6829971
1.2548909	2.9043229	0.23639564
0.9072237	0.6584015	1.1729044
1.8979402	-1.039127	-0.7167312
0.34936523	-1.0984199	-1.8181227
1.5983706	-0.02142474	-0.34586507
2.184732	1.2666287	0.8998284
2.05118	-0.55539894	-0.42733192
3.647313	-0.15094721	0.038895417
2.5166893	-0.21707532	-0.019430354
0.92118216	-0.56859493	-0.18149813
5.4584274	-0.6509516	-0.03312268
-0.3882358	0.32317984	0.825394
0.82245827	2.4587111	-0.38886917
1.5768485	0.34024706	0.94821274
1.8225622	0.39192194	-0.603548
1.4357443	0.13814662	0.60644
2.0802684	0.47765306	0.35503775
2.665885	-0.24767032	0.4514916
1.2328558	0.8217162	-0.29944003
-0.30164623	-1.0350885	0.6058721
2.603187	-0.08674753	-0.5529898
-0.12526774	-1.0620389	-0.6312053
1.492909	0.09690507	-0.98832995
1.2363582	0.59612596	0.1298823
1.1942348	-0.51642156	1.1843807
1.908124	-0.8659146	-0.69667673
2.1030326	0.3458132	-0.6085752
0.93436813	0.085021764	0.76543826
1.7282238	0.661391	-0.339683
0.31575394	0.23861378	1.0573539
0.53411627	-1.3494879	-0.112376094
1.5866961	0.079433605	0.441078
1.2844481	0.44549167	-1.0785666
1.9513555	-0.7543912	-0.7447663
0.72342587	2.091734	0.5518457
1.0606542	0.5774467	-0.30003703
2.0703783	0.90173435	-0.2303373
1.9367371	-0.9314345	-0.7285015
0.60292816	0.44354016	-0.41611874
2.072042	0.26438016	-2.1442082
1.8061008	-0.31025848	-0.19226652
1.8183951	-0.040628612	-0.48862922
5.59958	-0.7108754	-0.08863242
0.047224045	-0.58740497	0.005448807
1.6238236	0.44037735	0.5706977
1.3386331	-0.022024333	-1.1786082
-0.047212124	-0.34875074	-1.0753638
2.2928472	-0.7961893	0.34154403
1.4603739	-0.46194795	-0.83228505
1.2019095	1.2765	-0.68414915
0.97212744	0.5739829	0.45366943
-0.6593847	-0.48237023	-0.9440271
1.7214398	-0.24623865	-0.38947207
-0.21318316	0.14458068	-0.088840485
0.97462654	0.26347017	-0.8194585
1.2253447	-0.30725357	-0.18086262
2.4398408	0.7560432	0.28901678
1.6785073	0.37231433	1.4577266
0.24224353	-0.9241729	0.7481433
-0.07716775	0.23529905	0.28852266
0.60965776	-0.26752564	-1.2972518
1.070734	0.7374879	-0.4121006
1.5144415	0.0854675	-1.0424659
2.413002	-0.31853148	0.24094047
1.3323388	-0.6047952	0.1203943
1.216124	0.40344587	-0.076581806
0.24131036	-1.0392711	0.12468394
1.7237988	-0.63528097	0.47298986
2.055367	-0.58338094	-1.2669978
0.3250351	-0.133122	-0.53790885
2.084044	-0.6141151	-1.0850031
0.98206854	-0.6462859	0.61222345
3.0604067	0.3035212	0.4999376
2.3664627	-0.024603307	0.809121
2.6790786	-0.8908688	0.49323928
0.8491707	-0.4090897	1.1854821
1.0526538	0.541459	0.11297428
1.2913318	-1.0978371	0.4851793
2.715447	0.27857324	-0.12541823
0.9131832	-0.2450906	-0.30367124
1.6161213	0.2184018	0.6450727
0.6637516	-0.6538178	1.3767394
0.37526703	0.19627485	0.31002057
2.5449052	-0.6954491	0.8042686
2.2226815	1.3541924	-0.19953752
1.2014122	0.9280211	0.40438694
0.8025408	-0.6771507	-0.5757938
1.4936743	-0.08955994	-0.26289535
3.5028534	-1.0764819	-0.6701914
3.3311162	-0.5712055	-0.93098813
1.5526462	-1.0728368	-0.3752901
0.4580741	-0.67932284	0.16712752
0.47185564	-0.17835036	1.9137387
0.30176163	-0.20877838	-1.2793607
1.831347	0.028850079	-0.2695576
1.6359525	-0.71067595	-1.1330148
-0.0020623207	-0.23289746	-0.42988086
0.14434576	-0.47632262	-0.16601282
0.48959064	0.06392047	-0.33068228
3.279817	1.7245175	-0.28998333
0.37471008	-0.7307259	0.19731335
0.25020742	-0.75747204	0.188319
1.5983677	-0.23631632	-0.27731073
0.9052682	-0.7587925	0.2579083
1.2032418	-1.0006831	0.048640974
0.22642231	0.21152003	-0.57823473
4.492592	-0.013351381	0.31542546
2.165132	0.45688522	0.12524213
1.815032	-1.5554372	-0.47255343
1.2831631	2.3576853	0.63692546
-0.47080064	-0.51642036	-1.0630783
1.7641072	-1.0693516	-0.0702538
1.0816536	0.5822853	0.24078259
1.2682848	-0.16619456	-0.930613
0.4483738	-0.74114394	-0.91698563
1.8534226	0.34260628	-0.016459618
2.087607	0.13029468	-1.8614047
0.48147964	0.04782501	-0.54613554
1.6231775	0.036914736	0.50408834
1.8772306	-0.37513044	-0.24577518
0.5571542	-0.9250752	0.6858107
1.8702145	1.986656	-0.08628707
0.6734705	-0.9895766	-0.39297944
1.6755748	-1.4714817	-0.9705321
1.361875	2.1300824	-0.32038993
1.8017135	-0.60551846	0.38737458
0.67904806	-1.1813945	0.8721822
0.26468778	0.9189843	-0.16679858
1.7867174	2.344807	-0.1518283
1.468018	-0.5116552	-1.3508004
0.22071123	-0.5109	0.61511874
1.7761784	-1.0169586	-0.21701188
1.4257202	-0.5492027	0.19633701
0.5420656	0.521455	-0.9526367
2.1547465	-0.9087392	1.1173515
-0.27243876	-0.3867958	-0.15616247
1.1976299	0.59226966	1.1400146
2.9319134	0.35781467	-0.62306035
0.53765774	-0.21502146	-1.1819924
1.7316389	-0.9055612	0.08778616
0.40665913	-0.46691677	-0.6046598
1.2672944	0.30501318	0.029588621
2.0335765	-0.6543945	0.48203325
0.6062174	0.578935	1.4118532
1.2733884	0.7310151	-0.017047647
-0.25364685	-1.0100083	-0.51034254
2.7739854	0.36900803	-1.6440276
0.46991682	0.5974337	-0.39114082
0.97312546	0.6010798	1.1455153
1.3098998	0.3201926	-2.1764457
0.8005681	-0.4589981	0.38442028
1.3557487	-0.3878747	-0.9203735
0.8808799	-1.3029794	-0.77216905
0.6371999	-0.7711129	0.23714699
1.0424609	-0.19446439	0.18941571
1.2742486	0.66009045	-0.11874223
1.1717315	1.7369232	0.1735407
0.86876345	-0.81116116	0.6136004
0.83551264	-1.1393877	-0.7122293
0.55361176	-0.23482376	0.83508503
0.92438173	0.9278532	-0.14738803
1.8473716	-0.957881	-0.5561166
1.626081	1.3230623	-0.69827455
-0.6476362	-0.26033756	0.1880335
5.7135773	-0.68887484	-0.054641105
2.2845364	1.3958294	-0.15890078
0.9591856	-0.07468572	-1.1732299
1.5598145	1.8563011	-0.43040842
1.4020038	0.5545685	-0.7358235
2.1557503	0.9525118	-0.053110108
1.2740927	-0.9078009	-0.79534876
1.8921518	-0.46225604	0.8638009
2.3290262	-0.27219358	-0.26723045
1.8072352	-1.1533872	0.9358853
1.0449853	0.29741672	1.6593179
2.711247	-1.0688733	0.39354962
0.8841133	-0.24536383	0.39786
0.33579636	-0.79493153	1.6189197
0.7024789	-0.92653394	-1.1005076
1.4287634	-0.34516683	1.0597055
2.0311852	-0.334828	-0.21371575
1.348135	-0.38091585	-0.3769061
0.98745155	-0.47656056	0.289851
0.20160818	-0.048329413	-0.65236896
1.7779894	0.98408186	-0.82701975
0.6225138	0.06211458	-0.09197748
1.1973491	1.984739	-0.06667946
2.3642125	0.5505612	-0.13487318
0.3322959	-1.32724	0.5217549
0.6632552	0.024616435	0.04872951
1.0821247	-0.5346459	-0.8919303
2.1316242	-0.87176275	-0.4856596
2.6548872	0.25013593	1.2416883
0.70643616	-1.4631336	0.7883149
1.0452623	-0.4803277	-0.47984588
-0.49852848	0.32886595	-0.42482078
1.5045223	-0.41081658	-0.46178126
2.0787802	0.4891914	-0.052819766
-0.16534781	-0.10873699	0.36384183
1.0332155	-0.065723985	-0.34724838
2.0943193	-0.46679625	0.7129442
1.8386664	-0.17779455	-0.34773988
0.89818	1.7794044	0.017741118
1.6872101	-0.27665207	-0.22692455
1.0163884	-0.259173	0.811418
0.9782114	0.016281813	0.22472514
-0.5109327	-0.07192457	0.09938963
1.8709226	-0.5486282	1.4870979
0.80588675	-0.6837728	-1.2526959
0.94747066	-0.81113994	0.037159525
0.85072565	-0.017882466	-0.60366017
0.6888747	0.2024585	-1.260411
2.542356	1.7439704	-0.37972975
0.9663539	-0.93699825	-1.3861525
2.5533032	-0.07991731	-0.8125448
-0.06571603	2.7743878	0.24488388
1.1033602	-0.43146184	-0.07250357
1.1130729	-1.2331609	0.45825928
0.5864768	-1.1859721	-0.8128021
0.66016245	-0.717993	-0.2641887
1.0560584	0.31472442	-0.089533105
1.1107373	-0.58495975	-0.24996854
1.4763732	-0.71645665	-1.1770492
0.54926157	0.7275011	0.75015306
0.2034638	2.164098	0.8154792
2.2261143	1.4432005	0.15980667
2.0090852	2.3232288	0.12862149
1.3906007	-0.4504988	-0.6582742
1.3436103	0.72101283	-0.5106202
0.8181176	-0.80190015	0.89636433
1.1611195	0.9275954	1.0098348
0.6629653	1.008436	-0.093392015
0.26730347	-0.07093868	-0.81167644
1.3426881	-1.0218824	0.7766255
0.3226056	2.6351535	0.5323055
2.1037798	0.015040383	1.1618814
1.7820554	-0.6424502	-0.74348646
0.5501137	-0.010996878	-1.00735
4.039833	-0.10096982	0.33655465
2.1076636	0.9767442	-0.25817907
1.9155908	-0.65338564	0.12537327
0.94120884	-0.8719895	-0.65521836
0.30888557	0.27362978	-0.48393792
1.9843688	-0.35539725	0.13121423
1.1764903	-1.0521785	-0.37245268
0.9016199	1.2402377	0.0457612
1.5033426	0.30414116	0.116654456
0.78906584	0.80881166	0.10505695
0.8381982	-0.11647904	-0.24011455
0.6417928	0.28257933	0.35773522
2.4930859	-0.51863587	-0.22165342
1.5258222	2.0881078	0.3642431
3.1766257	0.60780084	-0.66066766
5.2790794	-0.6269866	-0.027266882
0.9104414	0.55744565	0.20710215
0.48527765	0.1570251	-0.5280252
0.8815007	0.23243764	-0.7417722
1.1288834	-0.036863565	0.43295044
0.61446095	-0.19777712	0.18596135
1.9200759	-0.55644333	-0.15257995
1.616785	2.0295353	-0.53813
0.9643655	-0.058836997	1.152852
0.41219997	-0.24108991	-0.25356025
0.21975899	0.9008242	0.013919607
0.9702835	0.04623571	-0.72321796
1.3980656	-1.5715657	-0.7287038
2.407844	0.15360084	0.5881967
0.5762129	-1.4584286	0.7721386
1.2984519	-0.23515412	0.45017767
1.1329932	0.70003974	0.3691467
1.4402838	-0.34300658	-0.79359436
1.0639849	0.060119897	1.243785
2.0682945	-0.45708874	-0.70299333
1.1441073	-0.66264033	-0.538204
2.1193843	-0.8520986	0.7908071
2.1728473	-0.8824862	-0.258209
0.21174645	0.11455491	-0.99176365
2.3397446	-0.23672184	-0.52871
0.8691368	-0.6166822	-0.05830381
1.1517158	0.31324315	-0.1310085
2.9254885	-0.2491459	-0.5284593
1.6806874	-0.8308691	-0.25661683
1.0170441	0.7497777	0.47196138
1.8288989	-0.39916256	0.09072804
2.1963115	-0.8062757	-0.5256348
1.2419629	-0.46276823	-0.16462666
1.4724169	-0.30633488	0.4005896
1.0994668	-1.8250848	0.15117499
1.4773898	0.43922472	0.5304346
2.9956474	1.2546632	0.397457
2.7679935	-0.6808084	-0.047687784
1.2091012	-0.23478943	-0.69310623
5.5342855	-0.6531979	-0.09383996
1.9949317	-1.0774862	0.35763454
0.8091955	-1.3636711	0.82010275
2.8115077	-0.3450226	0.032344706
1.8933291	0.17778018	1.1489698
1.3411226	-0.69214416	-0.79803646
1.1442556	-0.5248233	1.3232696
1.740972	-0.25232732	-0.087671086
2.034976	0.40005413	0.28716052
1.4059906	1.3727932	-0.109189525
0.6000042	0.21671227	1.3809304
1.2173691	0.06925115	0.8559852
1.0058298	0.7430547	-0.7134099
1.2706652	0.050457284	-0.9971586
1.8006611	-0.07076773	0.1287767
0.84536123	-0.62990236	-0.97301346
0.7546878	-0.78203857	0.32480687
1.1140423	0.43090492	-1.2065493
1.614058	-0.48038533	0.26088345
2.7561321	0.45690674	-0.37357587
1.2593956	0.11439213	-0.20174193
0.7538018	-0.55473614	-0.46286035
2.0289402	-0.09589946	-0.107597664
1.5832467	2.0236995	0.4214959
3.3752322	-0.93521917	-0.30906618
1.8616276	0.059861675	-0.24659912
1.159811	-0.27764067	0.2480027
1.9069118	-0.6890985	-0.4025529
1.7440014	-0.458782	1.2088858
1.438498	2.1257913	-0.19660603
1.709331	2.0557404	-1.4758575
0.37263632	-0.23038843	-0.36847287
1.1452494	-1.5122895	-0.21706252
2.0281305	-0.19330418	0.713286
2.0930886	-0.4215317	-0.6328785
0.80498934	-1.0315561	-0.456962
0.5174861	0.50512075	-0.9112321
2.0538383	1.5811002	0.048021786
-0.48377466	-0.62657917	-0.38629448
1.8219256	0.17630742	0.06220298
2.3817005	0.47708786	-0.11256538
2.0589142	1.4392171	-0.4633789
2.3447423	-1.7768191	0.64215815
0.07959604	-0.46403453	0.48141998
-0.19948721	-0.8997865	1.4726855
1.847486	-0.5649345	0.84076846
0.35237312	-0.065503865	-0.42747796
1.0718493	-0.20222768	-0.77823776
1.7833123	-0.18173829	-0.763548
1.6132727	-0.0040849894	-0.3711154
1.4275966	1.8515621	-1.1455469
1.2235904	0.35951865	-0.37064797
0.52338505	0.16206758	-0.10061829
1.1585712	-0.68753624	-0.13528688
1.7700067	-0.009994715	-0.30695224
0.47536278	0.6733234	0.86852866
0.9299073	0.96878874	-0.87430835
2.838851	-0.86812174	-0.078262
1.5883379	0.72961605	-1.0189418
2.9293551	0.5986197	0.52046007
3.3739576	0.868325	0.24217688
1.3682423	-0.6047623	1.3437748
0.04843831	0.049426585	-1.1680566
1.2176566	1.392766	-0.44776636
0.5619297	-1.2731498	-1.6528813
1.6267757	0.9638988	-0.23280333
0.7727356	0.6202613	0.7114002
0.6543822	-0.5434711	1.5433264
0.6681347	-0.32501844	0.12470344
1.0916319	0.18898731	-0.9553275
-0.16411233	0.20974201	0.13241158
1.9864502	1.9662783	-0.1807229
2.0552478	0.2830443	-0.9468199
2.4791698	-0.9539499	-1.2553596
2.301845	0.6486559	-0.055689
0.5032511	-0.6838386	0.59759766
0.8646116	-0.9663669	-1.06726
-0.7868502	-1.596264	-0.7052538
2.1778264	-0.76507914	-0.06570487
2.605596	-0.37173656	0.52279556
1.2652125	1.1523523	-0.14641123
1.3246894	0.120008506	0.20480348
1.2292895	-0.52571476	-0.047794804
0.9009819	-0.9944433	-0.24654584
0.68988085	-1.3170483	-0.41507065
1.8266821	0.53824675	0.47550607
1.8662448	-0.28599635	0.14186363
1.4295115	-0.7803974	-1.117402
0.5676737	-1.2809864	-0.77311796
0.98537207	-1.4512773	-1.4559077
2.2452588	2.4233794	-0.21705766
1.6229677	0.69614077	-0.74885666
1.0453272	-0.7561897	0.1751471
1.3684344	-1.3052799	0.82914734
0.714983	-0.36966875	-0.7613107
1.685904	-0.20018592	-0.6623061
0.49249697	0.7867676	-0.80769795
0.19537449	-0.29382542	0.61203814
1.5242167	0.27852196	0.73168033
0.9433174	-1.2531258	-0.33839726
0.15184665	0.037772194	1.5958743
3.0725117	-1.2174616	-1.0051475
0.941432	-0.7050741	-0.7829791
2.9596114	1.1756862	-1.4597456
1.2397733	0.44802582	0.9265548
1.7451949	-0.47773495	0.04432548
2.3343353	-0.2048648	-0.21569537
1.3196626	-0.32266805	1.4548304
1.6487536	-1.5270809	1.0247319
1.8103018	-0.32488266	0.1493661
1.5438313	0.43829942	-0.46298707
1.0274677	-0.32944903	0.7380111
1.9548397	0.111058235	0.12887752
2.207294	0.600323	-0.37210017
0.91997004	-1.1160744	1.1154792
0.98203945	0.020271644	0.022983978
0.5482917	-0.6662079	0.54457533
1.6536384	0.69306624	-0.60503393
1.8584514	-0.04925382	0.17565383
1.9225173	-0.27137443	-0.6347881
0.97940445	-1.4957218	-0.80998427
-0.07646561	1.8592129	-0.15668674
1.1018443	-0.14668974	-1.2987684
0.84994745	-0.8748692	-0.15400891
-0.795419	-0.7016581	0.7524547
1.169878	0.15287319	-0.10490459
2.007533	-1.2385547	0.017760847
1.1355038	-1.1819378	0.6859393
1.0290375	1.351076	0.33550292
0.94822264	-0.42098317	0.539745
1.4822278	-0.25074047	1.113452
0.80726004	-0.09307009	0.36929375
0.5629158	-0.76046085	-0.38158768
1.5379982	0.12163866	1.1298858
0.7011409	0.3719589	-0.38549924
0.67928696	0.2517232	-0.83770484
2.1412225	-0.41697457	0.2118799
5.438753	-0.65984666	-0.041980326
1.0628757	-1.1566833	-0.2013593
2.9967003	1.0436707	0.5244375
1.9269018	-0.31642577	-0.37310857
1.18781	1.2117685	-0.2298642
1.4488821	0.07313214	1.7770945
0.880208	-0.41964105	0.124821305
2.2437725	-0.8380301	-0.28485382
1.117743	-1.4306558	0.17386751
2.7360368	1.4622964	0.8907572
1.7488127	1.3152983	-0.22784282
1.6724358	-0.5970303	-0.4968291
0.63811684	0.18166445	0.896339
2.1744661	-0.68916523	-1.8672961
3.4558454	-0.12293491	0.38387907
1.0545263	-0.6226984	1.057653
0.5712509	-1.2712828	-1.0377462
1.2181363	-0.4449527	0.8664854
2.1565871	-1.2157092	-0.40795857
1.3362489	0.06592165	-0.24343707
1.5879846	0.08517453	-0.64375067
2.3771963	-0.32328013	0.7000185
2.0388145	1.6063672	-0.24933355
0.77901125	-0.871212	-1.0139302
2.259416	0.42530254	-0.9322715
2.9358006	0.2796592	0.13293457
0.9542284	-0.484233	0.9299821
1.5033231	-0.31875542	-0.075714916
1.761692	-0.28225592	-0.15215896
2.2507353	0.27119362	-1.5136658
1.8885145	-0.14862406	0.64230657
3.597272	-0.14955848	-0.7193659
1.8112006	0.28838906	-0.22108524
4.2936583	-0.90144074	0.20633791
1.8041	-0.6012298	-0.22410153
1.6448793	-0.18843877	-0.3332886
0.9572215	-0.17821741	1.0921834
0.9428663	-0.42818853	0.832932
0.5873947	0.7003845	0.68867666
4.5005074	-0.36734483	0.73477626
0.9409609	0.20587881	0.59909457
1.1102471	-0.8522748	1.4128693
0.750175	0.41513842	-0.9625706
2.2573571	0.29540232	-0.988594
1.2307963	-0.10172513	0.44403553
0.6717391	-0.09960827	-0.3902644
1.1992183	-0.96678257	-0.2911104
0.8699565	-0.23258299	-0.11066997
1.8308077	-0.7890892	0.31152064
1.9121261	1.5552553	-0.32979965
0.5990057	0.16667596	-0.64882284
1.7131715	-0.4216207	-0.95518655
1.349153	-0.23258546	1.0294104
1.0948796	0.36804023	-1.0066841
1.2694578	-0.31622377	0.592434
1.5759535	-1.415071	0.27275765
5.486576	-0.6530663	-0.07425689
1.2538195	-0.86778784	-0.21306066
1.2695322	-0.3332909	0.008679759
1.2349539	0.86779475	-1.2876005
1.3922439	-0.2072163	-0.45571232
2.5860372	-1.3836049	0.6206321
0.9483409	-0.17849329	-0.33299935
2.3336577	1.9172647	-0.3433829
1.5574117	0.08481942	-0.34044385
0.310987	-1.3625164	-0.039516598
0.5520277	-0.3307148	0.20539902
1.5600028	0.24233723	1.3758563
0.84258556	0.3868267	0.4514802
3.6233091	0.036647633	0.13345812
1.852272	-0.34462216	-0.9439768
0.7568097	-0.08545974	-0.3230633
1.7586317	0.09950231	0.96999323
2.6492395	-0.63430905	-0.4706505
1.149271	0.46623185	-0.4192413
1.7155972	-1.5942047	0.25096723
0.9645295	-0.5723945	-0.49672478
1.2259626	-0.38932332	-1.0467962
0.28410864	0.32298896	-0.23214291
1.4252772	-0.19320348	-0.906247
0.48561478	-0.83636475	0.47705263
1.4721456	2.4675086	-0.3074625
1.8660965	-0.07161215	0.32842588
1.6151657	0.0515642	0.3570814
1.9731503	0.46945477	1.9401252
0.4515543	-0.93057954	0.80092084
0.75793076	-0.5631373	0.40245008
0.6101842	-0.15467533	0.40869755
0.4434805	-0.15055108	-0.345513
2.5941858	-0.35988978	-0.25699472
0.85734415	1.3072013	-0.0011250712
1.9354906	-0.90548444	-0.09687744
0.31723118	-0.50509	-1.583852
1.2825985	2.613525	0.0705574
1.4496875	2.0349443	-1.3845495
2.1129308	0.042753965	-0.11102271
1.7933135	-1.6642832	-0.16487552
1.4703083	-1.0772642	0.25416505
1.4210868	-1.2088604	0.8253714
1.4094	-1.0770359	1.2365823
2.1504774	-0.78198147	1.062412
0.92343044	-0.12296373	0.8858841
1.7906184	-1.373376	-0.3340701
2.2114005	-0.14226037	-0.548613
1.9845829	-0.12170112	-1.3693118
2.549582	-0.57865155	0.69711596
3.4888682	-0.8890867	-0.49859965
2.8491526	1.6219295	0.29785383
2.012416	2.328495	0.25574255
0.49210835	-1.6272312	-0.4278701
1.0558724	0.17770097	0.89476734
1.6837611	0.025773346	-0.14929385
1.2958827	-0.44497904	-0.35575366
1.7184262	-0.23482138	-1.6339809
1.2639437	-0.32622322	-0.896403
1.3259783	-1.7852548	0.97855467
1.4501309	-0.6507323	0.19522929
0.9198618	0.26225388	-0.26329923
1.3659315	1.9095443	0.73367
1.9126782	0.5481938	0.34531176
2.734188	0.29152727	0.77639633
1.5159316	0.65329576	-0.96700794
3.9598565	-0.32084456	0.7984157
1.4764886	0.506241	-0.36952567
1.7418909	-0.6423017	-0.34186393
1.4847417	-0.44279447	-0.71636665
0.52407074	0.72738504	0.5753661
