1.08465	-0.8910651	0.060050845
0.52447355	-0.72895974	0.38796586
0.123463094	-1.5400681	0.46422932
0.5806982	-0.7632588	0.814811
0.59710336	-1.4400312	0.2992267
0.89211005	-1.4300368	0.40205866
0.5858678	-0.90073425	0.3256297
1.1498235	-1.0110334	-0.1514355
0.8304139	-0.7629559	0.5077814
1.1208658	-0.69306815	0.7083442
0.13932538	-0.20742005	0.69283247
1.3738489	-0.8785418	0.19694552
0.287752	-0.0733946	0.12603436
0.918384	-1.2435042	-0.22398198
0.55021757	-1.3451147	0.9886761
0.21660942	-1.6206379	0.8626106
0.9969711	-1.4068128	0.64858115
0.26871705	0.022778928	0.15107325
0.33184975	-0.9238295	-0.12788159
0.1876359	-1.3646481	-0.20119733
0.59630615	-1.918198	0.34272364
0.06193781	-1.574233	0.16539013
0.08250022	-1.3581104	0.7452962
-0.7202231	-1.4392788	0.3816878
-2.7256691	-0.18701541	0.28257564
0.5350183	-0.70820725	0.6249528
1.0510778	-0.7966725	0.2922506
0.2591336	-0.9145698	0.090612255
0.6897153	-1.1881498	0.78888667
0.9899293	-0.64996433	0.46387315
0.4947523	-0.451881	0.08167225
0.4898654	-1.2028387	0.8630458
1.0888767	-1.0789373	0.44321212
0.8801652	-0.75586283	-0.6175761
1.0676901	-1.1094424	-0.4246493
1.0140933	-1.5727203	0.06704517
-0.16306418	-1.5352705	-0.2876547
0.50335944	-1.2950428	-0.73527384
-0.17756665	-1.8383266	0.16999641
-0.73974067	-1.8218362	0.22215477
-2.6334417	-1.9542277	-0.0073510036
1.4531808	-1.2904177	-0.7590994
0.99323475	-1.1938338	0.23524421
0.26214015	-1.068957	-0.0012073182
1.5539675	-0.38504255	0.12186445
1.5049179	-1.3315226	0.14021108
0.82078826	-0.68953884	-0.6539089
0.7849509	-0.42254367	-0.732944
0.8121927	-0.6343417	0.31597096
0.95779	-0.44642693	0.5934717
0.038270414	0.4370439	0.15927634
0.24197495	0.10060203	0.22487229
0.8080811	-0.84414303	0.20489633
-0.058492422	-0.18950766	-1.5349522
0.28451446	-0.6031749	-1.4108394
1.1695879	-1.081577	-0.545613
1.0340561	-0.74000967	-0.4762428
0.7450615	-0.68787515	0.46324202
0.8890791	-0.82336664	0.23847973
0.6907661	-1.1258878	0.18520927
0.9064418	-0.7604728	0.01972295
0.84627974	-1.0978243	0.2269786
1.1644878	-0.39155287	-0.99953246
-0.16705334	-1.9594837	-0.71181804
0.9707065	-0.6363257	-0.4804596
0.63821554	-0.5907392	-0.2837129
0.7123699	-0.16634077	-0.6331566
0.8054022	-1.0934043	0.26146194
0.65907	-0.67578983	0.835819
0.43839657	-0.92881536	0.72731435
0.41486067	-1.6236174	0.8053752
0.9662431	-0.87132823	-0.6971005
1.6799747	-0.5090182	-0.83239305
0.8751815	-1.2530847	-0.94330245
0.9086971	-0.6752078	0.9702426
1.2763572	-0.5001653	-0.25043404
0.8984441	-0.8864382	0.6003707
0.6495928	-1.0618637	1.3509402
1.2303578	-0.17077094	0.76956004
1.0622733	-0.2614221	1.455152
-0.17039007	-1.226437	0.41817057
-2.3770323	-0.7709322	0.6059476
-0.7127808	-1.1754023	0.115179434
0.97447914	-0.70085025	1.1650993
-2.3243446	0.23593104	0.43550017
-0.9330322	-1.1892062	0.036393434
0.6940967	-1.1670917	1.3890777
0.827692	0.002464354	0.50432205
1.0413866	-0.45774657	0.6431153
1.3063817	-0.709818	0.54176533
1.3235825	0.85692894	1.2583933
0.65876245	-0.4557298	0.23596564
0.31612712	0.048971653	0.29926556
-0.29951864	0.03627318	0.3570132
1.1418334	-0.58325565	0.53186756
0.94953173	-0.67590034	1.1062037
0.037232995	-0.75566894	-0.4299414
1.1198725	-0.64790773	1.2128968
0.62927395	-0.7163604	1.4993104
0.9367866	-1.3089945	0.7693068
0.5354745	-1.3479187	0.313891
0.7656007	-1.5923421	-0.25170097
0.7993762	-1.5097773	0.24153337
0.9838429	-0.68463206	1.0093898
1.1253371	-0.9071386	0.8808581
1.3588295	-1.1817567	0.4718009
1.1793296	-1.087592	-0.16071066
1.1587656	-0.9019103	-0.5204897
1.0102938	-0.9647013	0.3031163
0.90894127	-1.0316416	0.29134148
0.69855237	0.76181376	1.1005379
0.8838483	-0.5260986	1.0785124
1.0990607	-1.3558412	-0.3041805
0.843068	-1.0740259	0.22756264
0.52798575	-1.0254365	-0.20162818
0.5304967	-0.77709794	0.52411675
0.7861288	-0.09220493	0.528829
1.2456752	-0.6736379	0.93328524
1.3023467	-0.2701035	1.5368222
1.0897819	-0.31751633	0.74201953
1.2097293	-1.156672	1.0093
-0.14894062	-1.2089872	-0.57082945
0.61092746	-0.81059617	-0.97947764
0.9373473	-0.6463691	0.94731975
0.53638935	-0.077691436	0.233892
0.24990532	-1.0470974	0.40855575
0.5398642	-0.5721293	0.5240632
0.57141954	-0.65062594	0.41996902
1.3825158	-0.36793	0.93527186
0.44168085	-0.057482004	0.8329476
1.1830834	-0.75317925	1.0542277
0.97811764	-1.4060278	1.0205156
0.85518426	0.41496062	1.4321595
0.9670267	0.07171965	1.0865086
0.92471635	-0.09389496	1.069483
1.453853	-0.30100125	0.7604519
0.95708007	-0.52231157	0.7820155
1.1250527	-0.36848885	-0.2004804
0.086034596	0.70817757	-1.4292102
0.73140496	-0.35430598	-0.781134
1.0556784	-0.4365187	-0.1641129
1.011997	-0.12956536	-0.9882029
0.44457504	-0.5773183	0.076904535
0.2760218	-0.24191296	0.30295447
0.6007104	-0.6750186	-0.007175863
0.5865464	-0.5421159	-0.27459872
0.7773483	-0.6531366	-0.30748457
0.6671432	-0.30080563	-1.456477
1.1186447	-0.19837552	-0.21143103
-1.0691743	0.086450696	-0.48899433
0.8910451	-0.4291075	-0.81947076
0.084221244	-0.3460002	0.849951
0.49704504	-1.4154449	0.5619388
1.0670543	-3.1256506	0.37879127
0.6632468	-0.3515905	0.6676928
0.4283511	0.04628098	0.29205287
-0.31344038	-1.004708	0.367983
0.37250698	-0.52778816	1.3865536
0.633142	-0.3644036	0.5898038
0.098404765	0.043742776	0.73897856
-0.67925256	-1.8905067	-0.7143567
-2.6518626	-1.495465	0.13021365
-2.893193	-1.6444676	0.35571823
0.72751	-1.4170489	0.74820906
0.705483	-1.7508799	-0.70376647
0.96218836	-0.7111335	0.3659545
0.4803224	-0.960435	0.48603562
1.0791713	-0.5496384	-0.7831634
0.43657556	-1.4390969	-0.69332
1.3907208	-0.9344125	-0.40976816
0.731065	-1.028642	0.49910614
0.64618313	-0.62416923	-0.35448527
-6.3562827	-0.63858926	-0.6348824
-0.031331718	-1.1324078	0.86220133
0.053482592	-1.259581	1.1653502
-0.68016666	-1.2063617	1.0812645
0.69377273	-0.82373893	1.1252173
0.70827246	-0.8245195	0.6628812
0.9459427	-1.1795405	0.36265734
0.94267863	-1.0134511	0.2009933
0.63715607	-0.026946664	0.12514308
0.47481868	-1.0878671	0.60618603
0.89267445	-0.48501685	-0.06919945
0.79871315	-0.30915356	0.4403981
1.3858091	0.049530387	0.41523334
0.40047804	0.6426805	0.73642987
0.65873843	-0.45238724	0.77864456
0.9624932	-0.5392041	0.45665172
0.22303027	-0.84146273	-0.5283722
-0.0054579377	-1.4334133	0.38001496
-1.6209617	-1.4327569	0.6491187
-1.6509767	-1.327294	0.48725432
-0.89494425	-1.0471841	0.070521556
0.62418604	-1.1974394	0.426837
0.16008532	0.030060232	0.5473262
0.7569608	-0.9091887	0.042790093
0.15187716	-0.45254517	0.0006635338
0.48619553	-1.1526911	-0.6856758
0.56321573	-0.21458298	-0.035026215
1.0275738	-0.7907971	0.49872094
1.540919	-0.40089953	0.97172713
1.0057678	-0.07204592	0.6009473
0.89620215	0.3975296	-0.02639933
0.06894654	0.4716996	0.28723386
0.85691196	-0.39635187	1.199157
1.1852462	-0.5667134	0.8150299
-0.07986528	-1.3891882	0.36674654
0.26123825	-0.89157826	-0.17686066
1.2286713	-0.7466141	0.37233728
0.4374971	0.04745823	-0.70286393
0.87154174	-0.8428405	-0.7808169
-4.6074495	0.6436454	-1.0087515
-0.33839577	0.07492381	0.18887094
0.39744842	-0.93378335	-0.58350223
0.5340613	-0.6439862	-0.5203031
0.7207871	-0.52641034	-0.57610124
0.8110132	-0.0030722618	-0.70528996
0.6841013	-0.4264171	-0.99143267
1.1625787	-0.8004707	-1.0681583
0.16246116	0.3927734	-0.7215897
-1.5138428	-0.33317226	-1.9714534
0.27597985	-0.2717874	-1.6745073
0.44178477	0.7673739	-1.4781209
0.637858	-0.97268355	-2.0340116
0.8422773	-0.01652968	-0.0027790144
1.395637	-0.48270065	0.06300176
-0.058128655	1.260499	-0.34964773
1.233133	-0.28807628	0.17026672
0.9058221	-0.535082	-0.6258068
0.6751528	0.30099058	0.4243966
0.7795239	0.2577412	-0.068896584
0.94001603	0.65576017	0.052576207
0.5525452	-1.1709251	0.8591113
0.64762974	-0.76771635	0.9074175
0.17586303	0.27483845	1.711641
0.52024126	-0.043004453	0.64044404
1.1978183	-0.1688062	0.9611317
0.850098	-0.16796893	1.2327676
0.93804836	-0.5840728	-0.1001265
1.2203357	-0.9311294	-0.6952499
0.7768622	-0.7829054	0.38440123
0.89552313	-1.62468	0.24814597
0.89796007	-0.35085958	1.3351043
0.85368323	0.7637576	1.7414293
1.437298	-0.10791135	-0.24255252
1.0312519	-0.7718199	-0.3340658
0.94151455	0.27760625	0.5131138
-2.486647	-0.87632465	-0.08756874
0.6389147	-1.0001959	0.17227374
1.080752	-0.8385895	0.5488687
0.45810446	0.33588898	1.014135
0.8088048	-0.5987426	1.3786238
1.2344733	-0.591887	0.7846318
0.7940622	-0.99694717	0.34977847
0.085275054	-0.07995397	-0.34401095
0.8751252	-0.56787246	0.28380558
0.34650898	-1.7188863	0.109417975
0.2863564	-0.4339265	0.12423834
0.11556107	-0.92862487	0.5650363
0.98123	-0.52998513	0.21517262
0.7563727	-1.171848	0.94315755
0.09673685	-1.3732256	1.03816
0.6425525	-1.599829	1.300426
-0.402929	-1.6812686	-0.70915526
-3.2744434	-1.3156918	0.7359622
1.0826765	-0.07657015	0.64432657
0.66420394	-0.91306376	-0.42759323
0.8742808	-1.031744	-0.0890392
0.982823	-0.41306406	-0.5172894
0.6894879	-0.31335855	0.8691106
1.1164529	-0.17086124	0.6998641
0.2442097	-0.36725473	1.1753213
0.93915945	-0.24250597	0.27472296
0.7687051	-0.118453085	1.2870997
1.0884778	-0.04275924	1.7122562
0.8976661	-1.2771182	0.15900686
0.90476	-0.22087991	0.8442382
1.0009742	-1.0090727	-0.18876603
1.0323673	-0.31840736	-0.44698706
1.1564928	-0.855383	-0.15507102
1.3423243	-0.84293264	-0.45801023
0.6133159	1.0900679	0.395479
0.5774306	-1.0225195	0.29100177
0.7449289	-1.6162194	0.8071386
0.3503783	-1.2947463	0.01814251
1.2427598	-0.67990524	0.70242053
0.9917567	-1.5163819	0.7546439
0.7175255	-1.3894665	0.46774295
0.5637077	-0.6936606	0.2633142
-1.49331	-0.75220793	0.13092247
-0.7225191	-1.6433856	0.469548
-2.2202868	-1.0889256	0.34880826
0.109594464	-0.21608531	0.17631292
-1.318922	-0.632049	1.1726074
1.0067105	-1.2234147	0.8854461
0.72980005	-0.59340376	0.32416147
-3.3291175	-0.8319817	0.1000066
0.2859042	-2.0538845	-0.3467855
0.9337671	-1.1984682	0.48577556
0.21615231	-1.5008237	0.27737218
-0.067785144	-1.3960873	0.052478634
0.08115125	-1.3781037	0.67832065
-1.9557443	-1.2392467	0.40554008
-0.9359668	-0.48592663	0.6347279
0.45843664	-0.29333293	-1.0703988
0.5547679	-1.0477331	-0.45475945
0.3426021	-1.3321713	-0.66353756
0.5980613	-1.2328484	-0.20838597
0.53432834	-1.5084488	0.119595125
1.2819118	-1.4358921	-0.42928565
1.13317	-0.6698591	-1.2188721
0.58899903	-0.6417216	-0.61158955
0.41140845	-1.0924878	-0.5388435
0.961963	-0.5708999	-0.5075818
0.5386596	-0.94680685	-1.3309873
0.7190104	-0.87368417	-1.1421145
0.6328784	-1.0851884	-1.4587748
-1.734952	-1.384654	-1.7667779
0.42757332	-1.3476895	-1.4538889
0.47180566	-0.6952292	0.6709956
1.3785181	-0.8911083	-0.7489469
1.0448444	-0.66618073	0.4910345
0.38846987	-0.38851452	-0.032044068
0.62654924	-0.533375	-0.6863177
0.6469352	-1.262629	-1.3488971
0.45065746	-0.46092418	0.104223534
1.0197569	0.0771665	-0.638425
1.1867139	-0.20345712	0.33720043
1.1639462	-0.63290054	-0.4252331
1.1897459	-0.56430197	-0.1681568
1.0372845	0.022230506	-0.25672227
1.2225442	-0.5991449	-0.27102318
0.8413609	-0.22630596	-0.05976691
0.5054581	-0.23694986	0.04001072
0.040281296	-1.0350976	0.33427745
0.8728219	-0.7322527	0.47792563
0.92705303	-1.3215399	-1.075443
1.2901406	-0.9477769	-1.215594
0.9923298	-0.39988327	-0.9068551
-0.33517605	-1.2553952	0.52976316
0.24480349	-1.236014	0.27591762
0.23699075	-0.4473369	0.9641619
0.6345713	-0.69888103	0.21561062
0.49438706	-0.39543068	-0.076163076
0.67537874	-0.9332239	0.7860768
-0.28012973	-1.0239999	1.0582033
0.8435488	-0.45602673	0.11460502
0.19636363	-0.060928524	1.1662095
0.4679373	-0.86189353	1.040614
0.20386147	-0.5293364	-0.09378011
-0.23332727	-1.1193542	-0.17224634
-0.5551533	-1.3951051	-0.33047983
-0.17045963	-0.93160206	0.17850626
-0.45723933	-0.8820856	-0.008588307
-0.29481238	-0.52207947	0.41164848
0.6128609	-0.48081493	-0.20860803
-0.12470758	0.42800736	0.64028805
0.5083095	-0.09347314	-0.46767184
-0.11190027	-0.892339	-0.5513395
0.9553487	-0.31968397	-0.4524695
1.0569412	-0.6283907	0.317809
0.5682244	-0.26134026	0.035397843
0.9218142	0.17551935	0.29821116
1.0736364	-0.31667298	-0.79307175
1.4457028	-0.3321721	-0.63937557
1.2490246	-0.3873875	-0.7600987
0.31316307	-0.28907096	0.3063811
0.2127124	0.28517318	-0.94807863
0.6434766	-0.24846345	1.2508476
1.0950415	-0.030175447	0.68767494
1.0446316	-0.6974694	0.58819264
0.6748291	-0.22867137	0.01854013
1.3513314	-0.91801727	-0.5345881
0.49769348	-1.2998699	0.5514176
0.38924405	-0.56026	-1.5832235
-0.06615609	-0.95114356	-1.4228817
0.28235584	0.573694	-0.8480261
-0.23381346	-0.6883912	-0.18904889
1.1498139	-0.9295793	-0.7159396
1.0485804	-1.3094478	-0.8512331
-0.21010584	0.0065975785	-0.6289285
0.79328364	0.021282852	-0.16864383
1.3891518	-0.6035601	0.039333507
0.89082086	-0.9439148	-0.8161733
0.7416852	-0.11977142	1.0859925
0.8493022	-0.20342171	0.7586224
-0.318801	-0.9363959	-0.15376744
0.30582368	1.0075071	0.9417388
1.4146795	-0.78078103	0.28222996
0.7972113	-1.3231752	0.70567024
0.9195384	-0.8496065	0.52033746
0.63515073	-0.05217004	0.9239647
1.1700873	-0.63239413	0.4486031
0.49198517	-0.85494566	-1.1577653
1.2076683	-1.4581454	0.098523036
0.6069064	-1.0254924	0.87993276
0.61043364	-0.8717005	0.8552497
-0.041618347	-1.2471169	0.7430927
1.1373879	-0.26755232	0.40663403
1.2653207	0.96641505	0.53240377
0.16063261	-0.38287795	0.27932137
0.10357505	-0.3018453	-0.077951886
0.39327958	-1.6162689	0.38596323
0.92195827	-1.0225927	-0.22318906
1.067659	-1.0209484	-0.7899674
0.55268157	0.018920839	-0.38822636
0.8561349	0.15136838	-0.78903246
0.9673312	-0.1552217	-0.2730085
1.0737374	-0.84607184	-0.2152879
1.1135123	-0.42473617	0.17917117
0.7855808	-0.21176255	-0.73868567
-0.053468168	-0.43034887	-0.37664968
0.4084084	0.63081	-0.8198291
1.2603579	-0.7943148	0.06812975
0.9235136	-0.70744324	-0.7414377
0.9415419	-0.1479153	-0.647966
1.1120958	-0.29985416	-0.07027883
1.0743132	-0.27590692	0.45899236
1.2006881	-0.5603988	0.49876904
0.42493597	-0.35054612	0.024540195
0.6478169	-0.21029156	-0.025291033
1.4659145	1.9586217	-1.4367055
0.71218264	0.8561866	0.1509121
0.06462681	1.1048636	-0.5334044
-0.10687637	0.015548408	-0.99644756
1.0052571	0.42826295	0.12825683
1.4989452	1.1337416	0.9745556
0.73398626	1.2162204	0.096359104
1.288888	1.3407605	-0.42043772
0.36470267	-0.82626015	0.28762493
1.2947357	0.023147225	-0.1838933
-5.676102	-0.09964734	0.1329824
0.45083627	-0.137258	0.42731065
-0.91676027	-0.45877197	-0.09300486
1.1223767	-0.8786663	0.2559671
1.2513518	-0.27702087	-0.3564202
0.9695984	-0.4766089	0.8365706
0.8128135	-1.9109824	0.3541809
0.21906918	-0.9499787	0.4689138
-0.48168844	0.16066957	0.801726
1.471907	-0.36475432	-0.2962543
-0.12145114	-1.0700561	0.21744081
-1.7203643	-0.37515503	0.3515772
-2.5029628	-1.2325665	-0.25371653
0.9798743	-0.4636524	1.0662148
-0.017816901	-1.1569419	0.62387794
0.28217798	-0.67918533	0.7798236
0.82738125	-0.9039159	-0.20747852
0.87193227	-0.73009455	-0.36066172
0.2396068	-0.3087542	-0.6092029
0.81974095	-0.16677397	0.25117606
1.2532028	-0.45508978	0.14845586
0.9758132	0.084867716	0.5039069
0.781732	-1.1501863	-0.25351915
1.0029341	-0.5757141	-1.2126971
0.70817626	-0.90658665	-1.0817844
1.0594871	-0.31449902	-0.39775166
0.18779004	0.13580012	-0.5542862
1.0189991	1.1086657	-0.52299035
1.3081102	-0.8926282	0.23474029
-0.21063888	1.3353908	-1.1029565
0.7734432	-0.45840618	-1.3340214
0.90011495	-0.30853868	-0.32018515
1.0138466	-1.0727873	-1.0937126
-0.059526622	-0.38002813	0.5908927
-0.021035135	0.13927102	0.21207562
0.8821398	-0.50490904	-0.30951762
1.0743971	-0.402075	-0.25470155
0.8632688	-0.47907153	1.174797
0.48155025	-0.25228012	0.93470925
0.69751376	-0.21696842	0.5332149
-1.1203179	0.5491017	1.1546896
0.7536718	0.042653143	0.34636393
0.019034386	-0.7739881	0.71477365
0.06198919	-0.57945466	-0.9131565
0.8543673	-0.24323165	0.9296424
-0.8391414	-0.44760588	0.78658587
-2.637002	-1.6720355	-0.9630841
-2.136917	-0.93545616	0.47328737
-0.97479457	-0.08954066	0.30650228
0.9207545	-0.31455398	0.41204447
0.2100898	-0.5992818	-0.15159488
0.8197828	-1.2823484	-0.15855554
1.0242707	-0.92631733	0.41939703
0.35484606	-0.019494176	0.96831524
0.9901645	-1.3113811	2.541658
0.015195847	0.6007099	-0.07303059
1.670788	-0.08060843	-0.20098597
0.12885565	-0.29016393	0.5642537
0.6157514	-0.38423514	0.37777677
0.5973354	-1.1158801	-0.21754682
0.37760332	-1.2172499	1.0630015
-0.22118455	0.36095333	0.1914728
0.71087176	-1.1761619	0.36958978
0.8937428	-1.0537667	0.48803452
-0.3800351	-0.6753192	0.95339316
1.088362	-0.48183393	0.3259097
1.1823914	-0.43194744	1.1354492
1.3757346	-0.5754833	0.76597875
0.71867317	-0.8247067	0.71037173
-0.3893854	-0.76182806	0.6886822
-0.7825598	-1.2053607	0.5226006
0.50420296	0.17057765	-0.18677282
0.97902703	-0.8478242	0.033640414
0.07337761	0.0340693	0.9456652
0.37402493	-1.1473303	0.6211932
0.34364057	-0.5264667	0.22681126
0.341069	-1.3621761	-0.2567265
0.90154725	-0.18220848	0.6837801
-0.86798555	-0.95861125	-1.5743545
-0.21678597	-0.7021754	0.658917
0.7782086	-1.1045133	0.5130476
-0.26013702	-0.86206585	0.9536993
0.31771043	-0.32393306	0.8182485
0.20251322	0.81379914	0.34376296
-1.0212197	0.71186864	-1.1388801
0.048782468	-0.083317995	-0.28437725
0.2796967	0.6826426	-0.38314277
0.57704234	-1.3788801	0.019150507
0.6119243	-1.4584266	0.6728826
-0.4462337	-1.2918459	1.0648952
0.84509087	0.0010854006	0.43844306
1.0317802	0.40430224	0.37120795
-0.4565882	-0.1908142	-0.16101298
0.091486394	-0.8016612	0.5033827
0.24085331	-0.37459838	1.085408
0.10836607	-0.9841237	0.47955656
0.82468563	-0.9393425	0.19178149
0.8057048	-0.04297328	0.09902446
1.1992499	-0.96094674	-1.3408222
-1.3711009	-0.8047151	-0.8674144
0.5931803	-0.4181159	-1.1689136
1.1857821	-0.24460399	-1.3122281
1.002378	-0.63469565	-1.31735
1.000556	-0.83846337	-1.0447212
0.35177198	-0.58572924	-0.6117402
0.28314203	0.052452445	-0.62141854
0.74627775	-1.1117541	-1.2647761
-1.2047377	-0.32405108	-1.3189015
-0.609575	-1.6710882	-1.659533
0.15371507	-1.3317641	-1.0696185
1.0645276	-0.94699764	-1.0113442
-0.89052075	-0.7008116	-1.5354583
0.3928444	1.4774661	0.38117623
0.47406933	-0.74089426	-1.3762122
1.0658453	0.040385127	-0.74396557
0.30491772	0.4368044	-1.3527097
1.1339908	-0.5944078	0.35381883
-0.29224426	-0.8458351	0.79694057
1.2264299	-0.25942117	1.0189683
0.5681993	-0.09382361	0.45145005
0.2846253	-0.35512358	0.51198417
1.0106051	-1.0437567	0.9105298
0.9469842	-0.971377	1.0087023
0.5892889	-0.03765911	0.04307417
0.769248	-0.69416213	-0.29188094
0.7866711	0.2952646	-0.48292652
0.6179493	0.7663591	-0.55024296
0.8061993	-0.12765855	-1.0788149
0.22466683	-0.08844924	-0.90079063
0.6600045	-0.589589	1.4121686
-2.9451551	-1.5255313	0.5735608
-1.23473	-0.8599164	-0.09436176
1.808847	0.29861343	1.0848655
-0.17265177	-1.2844718	0.6442957
-0.028209388	-0.98064435	-0.83461815
-1.1841481	-1.021765	-0.08651405
0.64845103	-0.98285556	0.117766604
1.0078629	0.10057056	0.41501278
0.80837214	0.3993219	0.7155312
-0.054041088	-0.8199527	0.04191254
0.70374095	-0.9579651	0.72432846
1.7099983	-0.63556373	-0.026584089
-0.49092418	-1.3327928	1.1375757
0.0717445	-0.06569022	-0.9654838
0.8222651	-0.7726192	1.1125996
0.15510172	-0.06814897	0.29555768
1.1961896	-0.649811	-0.3704193
0.6170413	0.8416021	-0.639951
0.37952	0.2512517	-0.5045494
0.7563512	-1.3352529	0.6589628
0.014839232	0.036788344	0.06484555
-0.65216404	-0.021998465	0.48216408
0.8891754	-1.2211201	-0.30594796
-0.7345639	0.346084	0.1702749
0.89046824	-0.8039587	0.75761366
1.0302227	-0.42389247	0.9626126
1.2877553	-0.7941965	0.0070948564
0.24436557	-1.1347196	2.1882153
1.6780298	-0.30520266	0.68633837
0.83886606	-0.5259055	0.29752707
0.60632133	-0.47824803	1.2206079
0.45122698	0.1866647	0.0779457
0.64880097	-0.7654219	1.2198571
0.3184973	-0.9151673	0.17466843
0.88155615	-0.24985081	0.35224396
0.3680727	-0.90306497	0.60326546
0.8723585	-0.3720495	-0.93869567
0.61434567	-0.06570518	-0.154441
1.0561424	0.2763182	-0.97420645
-0.1954748	1.4345853	0.45517382
0.9231344	0.9231007	0.023052806
0.76248497	-0.1406427	0.60431236
0.25469595	0.9313233	0.9369751
0.6052607	0.14493823	0.557576
1.3153791	-0.66068053	-0.7182669
-0.009901822	-1.0039036	0.6595973
0.62917566	-1.1497391	-0.8000478
0.4372112	-0.10035503	-0.2268407
0.27083808	0.10722208	-1.0488038
0.9438094	-0.21489787	-0.4529616
0.10247344	-1.0857846	1.2388352
0.45413917	-0.29335505	-0.51191574
-1.2680919	1.0017271	-1.0992663
1.0641307	-0.1597988	0.51768094
0.5323615	-1.1311921	0.23034152
0.51324075	-1.4545872	0.32693848
1.1055169	-0.86282045	0.6151915
0.60674095	-0.3022632	0.8469467
0.7435181	-1.5346811	0.054505974
0.35130087	-1.6775675	0.9451844
0.36821482	-0.46443623	0.49885866
-0.35708588	0.23698354	1.0059037
0.61408216	-0.35770315	0.4249149
0.6557441	-1.067692	1.4935015
0.18291241	-1.2944323	0.4719096
1.0405415	-1.4501674	-0.46392122
0.30316034	-1.3574471	-1.0807558
0.33906147	-1.2217388	-1.3155695
-0.51653737	-0.23135155	-1.3977356
-0.48226875	-1.0613806	-1.0314267
-0.5509129	-1.3194882	-1.0381663
0.043097198	-1.9084105	-1.4431263
0.8042849	-1.2498169	-0.059241243
0.5279918	-0.7734782	-1.1727371
0.27654386	-0.5938413	-0.07273855
0.56517786	-0.63770163	-1.2705623
1.1992946	-0.5658001	-0.05858486
-0.34204143	-0.6634321	-0.084157504
1.1719986	-0.6905702	-0.15014532
0.25537777	-0.85742444	-0.4944103
0.8417022	-1.2895024	-0.29744664
-0.26755804	-0.107387364	-0.66844594
-0.22764248	-0.43968976	-0.64779514
0.38177797	-0.092487395	-0.19991112
0.3038078	-0.9975028	-0.17809835
-0.10135734	-0.6075345	-0.3822586
-1.168133	-0.7942548	0.78288364
0.6044999	-0.8853758	1.879265
0.48023534	0.28111243	0.6694873
-0.0535236	0.7694385	1.3666321
0.30847168	-0.73580223	0.7056924
1.3716388	-0.91811216	0.026638981
0.13580722	-0.26761132	1.0242875
0.804266	-0.5123712	-0.3828139
0.08870357	0.8365847	1.4297861
1.4801644	0.47968733	0.35730037
1.0649569	1.3880591	0.3400778
0.603879	0.690626	0.7965454
0.4351291	-0.78269786	0.7823365
-1.2292464	-1.1992203	0.16227147
-0.79697114	-0.9268655	-1.1880542
-0.40419	0.30016053	-0.4547002
-0.4374768	-0.5010177	-0.0039254017
0.2267431	-0.9492216	0.42613992
0.36541948	-0.33112627	0.08170374
0.166026	-1.0333556	0.50125474
-0.32922703	0.13421619	0.69518226
0.83404756	0.0043307543	-0.13795006
1.3335767	-0.47962222	0.5837591
0.24358809	0.4258659	1.1237701
-4.2534313	-0.5188686	0.7525756
0.030326664	0.11883068	-1.5490956
0.06252539	0.10242653	-0.70454395
0.5743833	-0.21685058	1.0169435
0.11207259	-0.8118421	0.83262557
0.7426913	-0.78047353	0.59351015
0.9069056	-0.25924963	0.12130619
-1.0583503	0.7658253	0.30531225
1.4902412	-0.76446706	-0.42693427
0.6924937	-0.6181762	1.1044259
0.3967612	-0.12307304	1.1160892
0.14466739	0.08873081	1.2482771
1.2745807	-0.3560217	0.81695676
-0.0754655	0.050723016	0.9422406
-1.3616788	-1.2019154	0.82909757
-1.0399265	-1.5633531	-0.86573
1.4123209	0.1632073	1.0653361
0.30110583	-1.0312433	0.5826349
0.9682473	-0.18323094	1.3280677
0.9330403	-0.99862015	0.68522334
0.8758145	-1.2378311	0.80330735
0.77403355	-1.1759218	0.04463718
0.447508	-0.9290936	-1.3422093
0.5638626	-0.8584204	-0.5663499
0.40603918	-0.6518415	-0.6405753
-0.51151806	-0.5313269	-1.0098468
1.2585733	-0.46522492	-1.3794527
0.018316329	-0.1689446	-1.2519617
0.13815045	-1.1811947	0.29357225
-2.1454651	-1.2281778	0.77842087
1.3737876	0.090251446	0.98243946
1.0894089	-0.7116156	0.47917157
0.3537392	-0.96595514	0.8354755
0.69169956	-0.34446526	0.16580017
1.0903889	-0.94908714	1.3166969
1.6044276	-0.009181559	-0.10321846
0.5438809	-0.103043854	0.35264343
-0.45977098	0.4107064	0.09919886
0.15145284	-0.1091764	0.60758764
-2.6613934	-0.6685984	0.75499505
-0.8768752	-1.3931563	-0.19919714
1.0167137	-0.5474702	-0.72392654
1.0952294	-0.22084463	-1.3133879
1.0983944	-1.1165508	-0.3951114
0.7538785	-0.71829	-0.7310897
0.14566904	-0.61638236	-1.5429124
0.12834954	-0.70203745	-1.5853975
0.559683	0.033661008	-0.894327
0.8749526	-0.84329146	-0.77471066
0.91267604	-0.23661834	0.22752559
0.56093913	-1.2455391	-0.4016457
0.4836624	-0.18935198	-0.78859663
0.30168402	-0.8292397	-1.0674931
0.5304487	-1.0941147	-0.38314578
0.15355456	0.30833268	1.7797446
0.9186554	-0.22795236	0.8074129
0.5691056	-0.64556324	1.4574002
1.2827382	-0.76163936	0.18421772
0.9122324	-1.1166512	-1.3014894
0.87059397	0.071872234	1.1561446
1.4855285	-0.46368945	0.37131354
1.2923303	-0.18778354	0.073230505
0.72281444	0.42786896	0.94885826
0.78321403	-0.24591482	-0.44744176
-1.5058367	0.7898047	0.44949833
1.0935715	-0.92474467	-0.30559325
0.6073766	-0.37535137	-0.3973868
0.9816604	-0.25203806	0.20750606
0.9530976	-0.36798894	-0.64683187
0.9663747	0.13994658	-0.36648086
0.98636544	-0.09806985	0.45881334
0.17756486	-0.4639658	-0.50185585
0.20302379	-1.376828	0.08547602
0.35054496	-1.0698119	-0.09616875
0.8618339	-0.9048345	-0.39824578
-1.9101064	-1.0182234	-0.078933485
-2.0276632	-0.6741893	0.74984294
-2.1463122	-1.0670435	0.2147615
0.5073465	-0.32171333	0.32408226
1.4271486	-0.7181787	-0.9523684
0.45443097	-0.04101783	-0.66986775
0.46258962	-1.4755192	-0.09929917
1.3303388	-0.29006183	0.2227807
0.44473287	-0.00731045	-0.15557721
-0.41009432	0.7939888	0.2412054
0.67502725	-0.58336055	-0.03730496
1.5395818	-0.7346957	-0.27447638
1.1782928	-1.0938034	-0.13020024
0.47860336	-0.36795568	0.8267645
0.50213736	-0.73454994	-0.19354644
0.10413891	-0.51458526	0.7980436
0.6170422	-0.44534922	-0.29346728
1.0248967	-0.14206105	0.5493584
1.0172302	0.9937589	0.6496172
0.0050885677	-0.9175445	-1.5839851
-0.6573151	-0.61208314	-0.29798228
1.6037138	-0.89149976	0.062012702
0.85784656	-0.4884604	1.53682
0.4724756	-0.5823706	0.2555472
0.058408856	-0.53467774	0.48629248
0.95262706	-0.54442847	0.32990274
0.63674784	-1.1499295	0.8160441
0.76511896	-0.5559354	0.5107445
0.54937947	-0.8682939	0.18032026
1.0800282	-0.08288056	1.1820681
0.97029835	0.31264973	1.7659649
0.8103278	-1.1970109	0.92613465
0.7768076	-0.6953173	1.1762234
-0.016005993	-0.2623592	-0.8528629
1.1647601	-1.4341329	0.3903212
0.5896938	-1.003191	-0.081070445
0.80971974	-1.4429467	-0.6004128
0.054926157	0.23642576	-0.42593795
0.15828836	-0.15071994	0.38087896
0.83352757	-0.88043	-1.0988156
0.80937177	-0.65143347	-1.0190111
0.6912284	-0.12923855	-1.264548
0.64864624	-0.9271033	-0.3435809
0.40375865	-1.0511061	-0.88652664
0.3239897	-0.37267983	-1.44237
0.1667378	0.02046132	0.15313226
0.68986535	-0.5735596	0.49965918
0.77410686	-0.7221795	-0.18719196
0.48996055	0.22348833	-0.27257267
1.1279144	-0.16007113	1.5741023
1.0421317	-0.5927218	0.6446176
1.0630443	-0.27538425	0.82991546
-0.22925174	1.7626197	1.3618335
1.5340149	-0.9364159	0.1745823
0.35332155	-0.7193063	-0.9189899
0.782131	0.13094985	-1.3748984
0.37144154	-1.1918384	-0.27821767
1.476415	-0.9304373	1.3816072
0.90399545	1.4454145	0.93324494
1.0527594	-0.29160738	0.6907313
0.4814167	0.80647016	1.9291644
0.47513708	0.1183871	-0.0855886
0.89021045	-0.17655504	0.40662777
0.8315294	-0.121871054	0.5562043
1.3744048	0.5280044	-0.3089693
-0.13234591	1.5986161	0.5446221
-0.6641484	0.05881405	-0.7201026
0.60518914	-0.7079685	-0.7871943
0.89268965	0.29453206	-1.0140009
0.09089565	-0.6972937	-0.07441049
-1.3407593	-1.4131567	0.2203292
-3.7066338	-1.5637755	-0.5316665
-2.2361465	-0.8122352	-0.5475521
0.6364792	0.023234487	0.16971081
0.6662084	-0.9165236	0.70776224
0.09718734	-1.3401558	-0.24652314
0.752468	-0.5236521	0.8129355
0.59666014	-0.47516748	-0.3988557
0.4985046	0.09801757	0.56913906
0.4313613	0.10646653	0.002766922
0.30901146	-0.312922	0.028934013
1.0274794	-0.24959749	0.27396876
1.1579932	-0.52481884	-0.9260738
0.52964926	0.46525002	0.60402596
0.5650885	-0.8532527	-1.0994946
0.5487298	0.33600986	0.21466464
0.98199666	-0.6720191	-0.51778895
0.15754926	-0.5784917	-0.032678865
0.28767458	0.10179877	-0.56076056
-0.061484814	-0.0321244	1.1159011
0.7587198	-0.4297636	-0.32219315
-0.41626805	-0.018583298	-1.5516963
1.1252736	-0.01199466	-1.2637924
1.0359409	-1.6451166	-0.05952975
-0.39101106	-0.36078417	-1.1117713
-2.1976473	-1.2585306	0.8747798
0.667202	-0.57130885	-0.40506482
0.8086976	-0.2041561	0.75447524
0.36635026	-0.9769089	0.88140035
-2.5847313	-0.13899213	-0.6154905
0.26612246	-0.23279595	0.65851235
-0.030859709	-1.2799361	0.9257136
-0.45695144	-1.0716804	-0.21121654
-0.39191633	1.5384319	-0.503688
1.0198271	0.5795064	-0.4419409
1.1266906	-0.4679598	-0.31606114
0.7348296	-0.3218978	-0.23907456
0.25810957	0.4227934	-0.63767296
0.85951495	1.2601616	0.115498185
0.46122903	0.89961207	-2.1003792
0.5701764	-0.16478705	-1.7841299
1.024559	-0.13556612	-1.0504324
0.9903934	-0.17462546	0.13515109
0.6328318	-0.6052957	-0.1814839
0.4563253	-1.0789272	-0.12240852
0.68594533	-0.21570772	0.07637549
0.76689816	-1.0655106	-0.6413835
0.7859637	-1.0303164	-0.42294204
0.4487621	1.039916	0.07486755
0.8855191	-0.969389	0.15195265
0.71796834	-0.89627016	1.7254897
0.49664456	-1.0828493	1.7940981
0.75148183	-1.0356733	1.2442167
0.38383207	-0.4441363	0.06680906
0.86442864	-1.1076255	-1.0708648
0.110182285	-1.4412211	-1.4740341
0.34456927	-0.8933227	-0.40767
-1.1923804	-1.0558329	-0.02076701
-1.0280988	-1.3635987	0.4105278
1.0486389	-1.1476507	0.4914712
0.3926694	-0.63523793	-0.15458474
0.7730429	-0.665725	-0.22444096
0.12707198	-0.77664506	-0.6510768
1.4049466	-0.982371	0.10207346
0.47375053	-1.2035147	-0.2701312
0.80951935	-0.4346206	-0.35571072
1.0916593	-0.67882496	-0.49143514
1.0186409	-0.20166177	-0.6948937
0.639439	-0.27121973	-0.4118978
-2.448558	-0.35334796	0.3516859
-0.48779422	-0.8972494	0.24761176
0.54709417	-0.15020674	0.14202031
0.49303526	0.23061955	0.011257425
0.56748843	-0.8039124	0.6571976
-0.25320143	-0.6852614	0.75404423
0.6752838	0.54000556	-0.084216855
0.93755734	-0.49628395	-0.8466866
1.3715892	-0.30713153	0.26918975
0.19828463	-0.067584515	-0.37773567
-0.19508433	0.37584603	0.92976624
1.1881776	-0.32955396	-0.36817017
0.7406545	-1.010707	-0.55979633
0.88720083	-0.85884595	-0.21436754
-0.31270677	0.112392426	-0.9473598
-1.9531012	-1.1509062	0.4082613
-2.1082835	-0.51251096	-0.028217658
-1.4113505	-0.4296703	0.82661843
-0.7479829	2.1495612	1.5243396
0.18460667	-1.3295563	-1.8054819
-1.1218641	-0.8491723	0.3168332
1.294035	-0.65045613	1.1915739
0.89542514	-0.31774718	0.3590161
0.72510034	0.19887507	0.92951
0.72573555	0.03139758	0.25107756
1.3704897	-0.29426235	0.96406937
1.2618487	-0.5184611	1.3608181
-0.05770868	-1.3569523	-0.22899291
-0.34840637	-1.1463292	-0.31738982
0.4206413	-0.71463996	1.5265983
-0.09252757	-1.8111558	0.32451764
0.7510995	-0.40741247	1.057644
0.8237942	-0.4592083	0.5775909
0.43577355	-0.54732823	0.5060976
1.4716557	-0.7417639	0.3694966
0.9851694	-0.34850895	0.17541742
1.1608417	-0.8774629	0.3219063
0.8687202	-0.16679025	1.0557902
0.017088294	0.88742304	0.5221649
0.89740574	-0.6065724	0.42519605
0.87708676	-0.71876097	-0.044699706
0.679888	-0.6250441	-1.3452189
0.28573492	0.96153533	0.29258567
1.4785125	-0.06385547	0.675008
0.25676024	-0.1539765	0.9825585
-0.02023995	-0.45492536	0.51734155
0.5081738	-1.3962265	0.05003877
0.7550024	-0.18058419	0.11196721
0.59008104	-0.75561136	-0.69013405
0.610423	-0.79766786	-0.73663956
0.6810679	-0.95164335	-0.6014044
0.7352267	-1.0131545	-0.7202854
0.43933085	-0.8885037	-0.7057835
0.61486435	-1.1995702	-0.8011976
-0.095583916	-0.18551445	-1.2360653
0.97530496	0.40331054	-0.79408246
-0.8158775	0.26542878	-0.8879626
0.6879138	-0.24904442	0.26730648
-0.09561962	-0.37387186	-0.3575606
0.7811768	-0.6917444	-0.09721544
0.84396636	-1.0855423	-0.030687846
0.51599425	0.7530097	0.54117936
1.0499735	-0.10210079	0.13028237
0.40601763	-0.84380627	-0.39390463
-3.4518497	-0.8842914	-0.14487264
0.22947377	-0.89616156	0.7298911
1.005459	-0.6187148	0.050545987
0.013450623	-0.7617758	-0.34748575
0.4838253	-0.24728155	0.6461717
-0.302597	-1.3951422	0.70439225
0.18400568	-0.7633342	-0.53352743
0.3006753	0.10838413	1.4121681
0.66721815	-0.36575812	-0.4624304
-0.45927936	1.2412665	0.6509362
-0.35525936	0.47499895	-0.90420973
0.4409452	-0.64845014	-1.2582195
-0.7590528	-0.08638883	0.2941889
0.7505328	-0.37712616	-0.076321214
1.0315922	-0.36956418	0.81493115
-1.1399269	1.0625483	-1.0284297
-1.8430004	-1.0431501	0.71418035
0.8824719	-0.2857623	0.032500982
-0.08967948	0.059589326	-0.26413214
0.5367125	-0.27819675	-0.26196447
-0.42252725	1.7602799	-0.106259085
0.9586782	0.19114304	0.13298106
0.6966697	0.2891991	-0.22734997
-0.09936273	-0.97047913	1.7298887
0.26118568	-1.317143	0.76531404
0.9734544	-0.50330645	-0.47446308
1.0059857	-0.34330052	-0.81352496
0.44191384	-1.0432186	0.9919382
0.95876217	-0.52174056	0.28674778
0.518996	-0.17340785	0.0041691624
1.0562623	-0.39227438	-0.2397019
0.753335	-0.6344167	-0.5343963
0.69606495	0.5577326	0.7116373
0.664306	-0.22948557	0.62220335
-3.3215253	-0.91604155	1.3335389
-1.7710471	-1.1711322	0.65092295
0.71011746	-0.9402683	0.25313768
-0.34608883	-0.10268128	1.4407173
-0.7749551	0.08583701	-0.55069125
0.8618425	-1.1572843	-0.045720033
0.31947297	-0.22792155	1.3388638
1.2046131	-0.15673405	1.0405062
1.2541885	-0.5601037	0.3791961
0.6473013	0.10892439	-0.8828826
-0.2401995	-1.4961528	-0.026562944
-2.7800765	-0.74877334	0.12136973
-2.9788587	-0.50578165	1.1516593
-1.8342953	-1.6598251	0.9585816
-0.03986758	0.030608714	-0.06268944
0.9574324	-0.010241687	1.0395929
0.21655232	-0.36902308	1.0160805
0.3463383	-0.39808458	1.0803843
0.6606426	-0.22284257	0.42998767
0.4739522	-0.62421846	-1.0355048
0.598837	-0.16825813	-1.2050395
-1.5321119	-0.10989469	0.54790914
0.2297042	0.14302063	0.16058378
0.7383343	0.17778134	0.91095513
-0.72439176	-0.9673152	0.19781452
-0.24464786	-0.8377636	1.1864301
0.20988601	-0.2787391	0.723749
-0.31832975	-1.2063416	-0.00857681
-1.0129988	-0.93799543	-1.181607
-1.6278145	-0.6970088	0.73984176
-0.4696682	-0.96708405	0.20956331
0.94433457	-0.5741378	-0.69342387
0.46279803	-0.338754	-0.09180597
0.87514526	-0.55625486	1.3474274
1.4631126	-1.1099395	0.917075
1.1770935	-0.87594914	0.60370296
0.7906183	-0.6210619	0.86693674
0.7913171	-1.0385643	0.1950269
0.70381385	-0.85325	-0.7681895
0.47919288	0.050406873	-0.2250537
0.8466213	-0.042236388	0.3734583
0.7294202	-0.41531873	0.25012076
-2.1726432	-1.3699287	0.24220484
0.73828	0.332618	-0.3189399
0.32198882	0.8800765	1.0812768
0.41998616	-0.9603663	0.5041214
1.1571587	-0.7939653	-0.36118755
0.3499975	-1.7106317	-0.16755614
0.8974128	-0.060780525	-0.6770537
1.1443998	0.3640685	0.28709957
0.6042425	-0.27345574	1.093733
-0.31751484	0.7532109	0.07963197
1.3157518	-0.28585213	-0.018736683
0.23670238	0.6425755	0.66618526
0.78717196	0.08587694	0.37981465
-0.21047044	-0.29826742	-0.007842753
0.47567162	-0.49993876	0.1573906
0.73200464	-0.36291617	-0.012744229
0.019127548	-1.0909083	0.17184171
-1.3738275	-1.3292189	0.53450614
1.1145837	0.0329808	-0.6408746
0.9089846	-0.24838209	0.6875047
0.9878848	1.3330019	-0.5814038
0.8196554	-0.33427858	-1.0871413
1.3992741	0.13525248	0.5008576
0.27898148	-0.51843154	0.17114592
-1.6865599	1.6117165	0.38984105
0.732678	-0.69893634	0.17376631
-0.67234	-1.2201604	0.034882516
-1.5771	-0.030045688	0.6587584
-0.0862295	-0.94011176	0.18110037
0.26781592	-0.7569768	0.46203205
0.6179173	-0.086016774	1.4204345
-0.026140988	-0.20447725	1.0623934
0.5372103	-0.2605474	1.1212844
-2.0818388	-1.0830419	-0.13641173
0.26311535	-0.8780866	1.0252044
0.11493796	-0.043447018	-0.010983668
0.0940066	-0.7745185	0.8602274
0.025386572	-0.7541091	0.7900268
0.6293094	-0.66516197	-0.4666275
0.5548772	-0.69803023	-0.7853557
0.89491975	-0.8928592	-0.6939296
0.5742183	-0.5799689	-0.5865279
0.36400968	-0.54627925	-0.63968843
1.0891361	0.7369839	0.63927454
0.6448477	1.075498	0.9148947
1.0405638	-0.21472955	0.31543642
0.04736322	0.5448673	0.77131873
0.32196972	-0.003419757	0.6609769
-0.03964299	-0.443789	0.87106067
0.5040431	-0.88296133	0.37642157
1.056572	-0.34559107	1.3726202
0.66548336	-0.54198676	0.17460516
0.6120659	-0.7398285	0.8759958
1.0225123	0.34883833	0.7072725
0.5508028	-0.16095394	0.9723127
0.24139893	0.51591897	-0.42084643
1.0639424	-0.23188812	-1.0650731
1.0716125	-0.6942724	-1.5739852
0.14381176	-0.16395879	0.06375518
-0.349616	-1.4176112	0.66323435
0.90454066	-0.308959	0.7374897
0.42555583	0.1698749	0.02575072
0.41986156	-0.6076808	0.5953701
-0.29567677	0.22273695	1.1601328
0.90596116	0.5643641	1.5226505
0.39877665	-0.48966348	-0.45705327
0.1413601	0.72989345	0.20098901
-0.64976186	0.25014913	-1.2360353
0.7952949	-0.468795	-0.84710634
1.6052116	-0.5406257	-0.3615416
0.17869383	-0.16018581	0.52733856
1.0789524	0.39740455	0.91042805
0.61519206	0.31746352	-0.513992
1.2371428	-0.25359714	0.22107956
0.76116985	-0.3974442	-0.90826315
0.6482831	0.2820729	0.18036807
0.2709564	0.4287771	-0.52871805
0.64047563	0.23376548	0.34860066
-3.2403934	-1.1781344	-0.6440818
0.6645919	-0.7588293	0.5676088
-0.074032605	0.15850484	0.6236023
1.1186305	-0.8924869	0.72414565
0.94455075	-0.17956096	-0.019090958
-0.2961226	0.37912846	0.018631527
-0.082607806	0.30758607	0.28087753
0.909581	-0.87858397	0.8925948
1.4421979	-1.0581213	0.781196
0.7930146	-0.48960435	0.47969794
-0.13768536	0.9999925	0.2630293
0.4064269	-0.18317825	-0.76143104
0.90245366	1.8333013	0.10049981
-0.40209323	0.43203795	-0.17398304
-0.4096653	0.5682956	1.2055289
0.7689237	0.77902436	0.72627634
0.84772325	2.0640888	-1.200229
0.5581761	-0.37684882	-0.13511753
1.4943566	-0.6617676	0.24257237
0.78300816	0.5078416	0.27570927
-0.17164063	1.5950191	1.6878507
-2.1990528	-1.2905742	0.639287
0.07960248	-0.83395034	0.14512317
0.9402358	0.06683391	0.9913067
0.65451187	0.13195825	-0.14720058
0.9619151	-0.24267584	1.093342
1.0769928	0.0984534	1.2033043
0.7188184	-1.3202273	0.83413005
0.44053033	-0.86157376	-0.4883313
-2.4858444	2.032344	0.75464356
0.76758426	-0.0579291	0.980638
0.6542148	0.072529495	0.3102899
-0.91625184	2.0922534	-1.0730095
1.4755641	-1.0043718	-0.14527199
0.48936683	-1.0172575	1.3059281
0.45460585	0.6431323	1.6770154
0.77944404	0.5063243	0.98472935
1.2921612	0.093615055	0.32102165
0.9063034	0.566478	-0.25809318
0.6160774	0.12604332	0.4282837
0.9966444	-0.7498675	0.8033689
1.1959751	-0.7681925	0.48350593
0.46727934	-0.38196206	1.0166638
1.4380488	0.4732157	1.0059513
-0.87502724	1.3443933	0.26865715
-0.8072439	1.4659162	-0.22674167
-0.8662092	-0.93194646	0.21944892
-0.8148418	-0.13143969	0.29237226
0.5351048	-1.0914354	-0.91834307
0.3032515	-1.2742679	-0.70332307
0.73309875	-0.7871313	-1.1649414
0.3107489	-0.67264426	-1.2195145
0.8338127	-0.2133857	0.20489699
-1.2504289	-0.868719	0.5394609
-0.14479017	-1.3266106	0.54450357
-1.3158777	-0.6939965	0.09909418
0.5950413	-0.36309218	0.0049891174
0.35899287	-0.25737882	0.29047367
0.08953005	-0.6566171	1.0613595
0.51867914	0.0276075	-0.39989084
-0.18842721	-0.8476861	-0.676969
1.0636946	-0.7021419	-0.83323383
-0.3283233	-1.1358418	0.13087595
1.1621286	-0.6829438	0.7064465
1.1063213	-0.059726655	0.3010975
-0.38912517	0.100458026	0.8156088
1.1407616	-0.99294275	-0.02782014
-0.99044794	1.4541945	-1.3121371
0.409192	-1.1062167	0.6779487
-0.18531036	0.0821625	-1.1038435
0.30418995	-1.4761499	0.5429276
0.2466436	-0.76596665	1.0426847
-0.11341971	1.4215074	0.85646254
0.9176259	0.2980827	0.78368956
0.7856363	-1.5887477	-0.37443694
-0.35789412	-1.2652385	-0.35247046
-1.2812102	1.5456145	-0.34252775
-0.06149304	-0.57461244	0.36204785
-0.7291569	-0.45040622	1.4155574
0.6996454	1.0215298	0.67075264
0.20813847	0.0019592047	0.12509252
1.3297526	-0.004438281	-1.0718347
1.0691061	2.0048783	0.23486367
0.98845285	1.2643194	0.9812977
0.41301203	0.006421268	-0.12306642
0.6014511	-0.8766371	-0.50351715
0.50282925	-0.3376109	0.10373929
-0.40587538	0.60413206	-0.4397536
-0.14586514	-0.47445768	-0.028048202
0.39737502	-0.3223862	0.10985195
0.4478615	0.14752102	0.17655003
0.109363556	-0.045265913	0.31595135
0.86438745	-1.0335863	-1.0242995
1.012469	-1.202474	-0.61443645
0.36661035	-0.56569886	0.8374151
1.076127	-0.6401253	-0.8756962
1.5699546	-1.1587892	-0.18051559
-0.36379117	-1.3797846	-1.0241525
0.003620088	-1.1806507	-1.2229939
-0.17384487	-1.3397467	-1.0582366
-0.72950846	-1.4288659	-1.1051114
0.3622461	-1.0603617	-0.74737334
0.99919736	-1.1842501	-0.6959886
-0.03735721	-1.9192727	-0.46569392
-1.3896208	-1.3415833	0.4276422
0.3578774	-1.2303784	-0.68969506
0.8113507	-1.1779507	-1.0066512
1.5436106	-0.6064156	-0.78481984
0.9491797	-1.0968235	-1.4729195
1.0288835	-1.0405964	-1.2148812
0.951733	-0.18708092	-1.608566
-2.3849304	-0.83328074	0.23652643
0.95440537	0.24385023	1.057101
0.55993927	-0.023672163	0.1119073
0.95908254	-0.82414454	-0.39474088
0.00086063147	1.0983236	1.1480846
0.7338928	1.2111905	1.087364
0.77907956	-1.0459508	0.6815566
-0.53653854	0.056466997	0.7205109
1.187616	-0.26200444	1.4716355
-0.40628308	-0.99900544	0.4594461
1.1180698	-0.011213183	0.99042034
0.12034905	-0.9653642	-1.2467268
0.7436447	0.29444587	-1.4878552
0.5321138	-0.056066394	-0.94919246
0.43086037	-0.026389718	-0.46185145
0.052753806	-0.88899004	0.9801945
0.9879741	-0.5085733	0.09840836
0.18496042	-1.1675186	-0.12050786
0.009558737	-0.45137143	-0.8032984
0.78066796	-0.08276987	0.12715861
-0.656357	2.0803564	-0.76337546
0.8325443	0.19066477	-0.92776984
1.2174283	1.3716321	-0.75026065
0.86384207	-0.64347553	-0.8333828
1.395964	-0.9111995	-0.26005358
1.0269301	0.030327499	-1.1741514
1.0594606	-0.5955162	-0.34127405
1.5363326	-0.39046764	0.008102212
0.9802972	-0.48438835	0.22058648
0.6205715	0.03831029	-0.69150347
0.17721659	0.24683535	-0.8450166
1.2372229	0.21417701	0.034444977
1.1415366	0.082778454	-0.7887859
0.19962502	1.0174367	0.28739834
-0.81724614	-1.1286354	0.7411311
-2.6939173	-0.3123706	0.8401668
-1.1345038	-0.836531	-1.2508526
-1.3785775	0.096585155	-1.0652206
1.2948754	0.8414645	-0.7344734
0.95628196	-0.1465987	0.75970936
0.9489124	-0.6058581	-0.7124975
-0.9006564	-0.40758395	0.8063254
0.16334683	-0.55892366	-0.62172025
1.3702636	-0.18678367	1.0649755
0.90023196	-0.225285	0.1572231
0.19985598	0.40316784	0.17213005
0.4734217	-0.9702673	-0.012831155
1.0250622	-1.456162	-0.008802649
0.5189341	-0.7037253	-0.0601118
0.87953866	-0.44710433	0.562096
0.5868006	-0.857962	0.80918103
0.89090747	-0.71620584	1.0657233
0.28977826	0.25779736	0.400178
0.54302835	0.19768167	0.5500434
0.25905842	-1.8393602	0.9282711
1.1713142	-0.19079977	0.6593531
1.2658376	-0.1628226	-0.25728458
-1.0285447	-0.8862219	0.5825951
0.4247733	-0.9831648	-0.11716261
-0.7805911	-0.06549567	0.040890057
0.2539069	-0.4626866	-0.9051872
-0.7454341	-0.7672746	-0.69236034
0.94770944	-0.091530085	0.89488167
0.8461965	0.1070987	2.1660595
1.0482222	1.2303588	1.1552107
-1.2045708	1.2145646	1.032609
0.7322685	-1.2580836	-0.039411053
-2.8414078	-1.288852	-0.7691625
-1.9773047	-0.38282126	-0.051660784
0.25791943	-0.2647711	0.08370869
0.4212758	0.5748488	1.0621474
0.6684856	-0.36877364	0.55946517
1.418186	-0.36374694	0.07303099
0.0101034045	-1.282562	-1.0524462
-0.7807388	-1.2871659	-1.1172348
-1.3078308	-0.6887512	0.7974946
0.99717265	-0.4389022	-1.2941115
0.72296864	-0.09592748	-1.4922476
0.79541993	-0.51378286	-1.3526144
1.3075832	0.458295	-1.498083
-3.4552867	-0.28921646	-0.2851796
1.1567816	-0.45442915	-1.2208242
-0.7110198	0.54408383	-1.8775609
0.210244	0.038168192	-1.0467795
0.8323818	0.0014770031	-1.2001556
0.23751348	0.11287415	-1.1482494
0.5538663	-0.8930617	-1.4879296
1.3783662	-0.58298624	-0.5094804
0.6183519	-0.7937773	0.9927061
-0.21080875	0.147807	0.29849914
0.32090408	-1.4042158	0.5108439
0.13530552	-0.52653515	-0.3479814
0.8797619	0.06511611	-0.41697267
-5.304361	0.48427474	-0.56775504
0.7430127	-0.52791107	-0.24292791
1.1282674	-1.2808816	0.2780855
-0.71668345	-0.21079952	0.8827414
-0.20529878	-0.58199203	0.88531953
0.23875773	0.56393373	1.9229244
0.410762	-0.078311145	0.12993048
0.5205503	-0.6727583	0.28574732
-0.058082342	-0.46165365	-0.35711414
0.0727638	-0.22985208	0.27075014
-0.80208653	-1.250115	-0.29190966
0.29063192	-1.5148292	0.22223595
0.36317614	-0.9009534	0.30344903
0.32857147	-0.5672089	0.9203134
-0.10914588	-1.2139363	0.26934132
-0.95395714	-0.53034973	0.8693949
0.45330894	-0.80820024	1.4595715
0.5624825	0.43228197	-0.03345614
1.1313218	0.1960715	0.28000957
0.37128934	0.084701896	1.6714524
1.4784384	-2.1671634	-0.8128715
0.13435954	-0.3110689	0.2544364
-1.4538231	-0.84758437	0.469002
-2.5732303	-0.9729015	-0.013385192
0.6231609	-0.6815382	1.1284902
-0.29687387	0.0787822	0.3624498
1.9741197	0.45181036	1.3461584
0.064920366	-1.3237016	0.16492486
1.272948	-1.258126	-0.2154384
0.93755597	1.7219257	-0.031700484
0.6812641	0.479159	0.77274954
0.21810925	1.4744122	-0.82588327
-0.35714954	-1.2037358	1.3860162
-0.36423582	-0.48787883	0.8874768
0.55723715	0.14262068	0.5977058
0.73623043	0.47225237	0.63203627
0.38082469	-0.7256731	0.6625589
0.25572655	-1.1068275	0.6830626
1.2194694	0.62184596	1.1008205
0.662816	-0.12239462	0.043986212
0.8867279	-0.45867047	-0.7924275
0.17639804	-0.81930006	-0.8579521
1.2511728	0.16337717	0.369955
0.572314	-0.5480055	-0.045086376
1.0877075	-0.4143721	-1.1284518
0.75159246	0.057142973	-0.97431684
0.05209303	-1.6776646	-1.5413299
0.37499768	-0.6894538	-1.8459492
0.16906196	-0.9003321	-0.68876433
0.5265217	0.93520033	-1.0643448
0.7977105	-1.2344832	-0.58279765
0.45572942	-0.065312386	-0.71348053
1.2779329	0.4717815	-0.1005675
1.0442182	-0.66907835	-0.80961263
0.3133481	-0.37025863	-1.1717175
1.0299449	0.17369998	0.9209827
0.9430675	-0.39036894	-0.8697774
1.0238605	0.10580528	0.5032563
0.82465434	-0.27853358	0.40800437
0.815716	-0.27134407	-0.3007781
-0.073779464	0.02965355	-0.12996283
-0.14827204	0.31110716	0.17755672
0.4732963	2.1896565	1.0549423
-1.9490254	-1.3979039	0.19985425
-1.2979991	-1.2366009	0.17638084
-1.5781384	-0.9652573	0.22667623
-0.36839396	-0.17546743	0.07276039
0.8879342	-0.47870564	-0.4469109
0.6449055	-1.1657887	-0.44248587
0.70267856	-0.20515889	-1.0182315
-0.7565405	1.6093714	0.37029627
0.08360088	0.00038260221	0.07148519
-0.023988366	-0.31461942	-0.07268952
0.76580447	-0.67314696	-0.6217963
0.68417054	0.34643912	-1.0736017
-1.5782983	2.373691	-1.5048978
-0.06211078	0.89055824	0.7966747
0.5514577	0.37620175	0.6116807
0.5667783	-0.9965824	0.099683896
0.6462934	0.82384145	1.1185962
0.76632994	0.28945816	-1.016167
0.7419982	-1.1572595	0.55895406
0.9998815	-0.5909176	-0.4403053
0.4675941	-0.89530075	-0.90565753
0.6870655	-0.90411365	-0.9882817
1.0274421	-1.0880173	-0.09052367
1.3253078	-1.1961701	-0.25137475
0.3539546	0.6023303	-1.6415287
0.7753645	-0.76059467	-0.34255227
-0.97332495	0.8526232	-1.2738941
1.1086965	-0.66648936	0.8151956
1.2957144	0.023583293	0.35016385
1.652879	-0.4607476	0.789899
0.5892687	0.39824224	0.9218339
-2.2003193	-0.53950226	0.040321413
-0.05690515	-0.5729141	0.19372463
0.14466971	-0.07977939	-0.86957836
-0.62723833	-0.49888894	-0.02419532
-0.8611309	0.24358094	0.62954104
0.42549565	-0.82784134	0.79514414
0.00827539	-0.52281547	1.1167186
-0.6294804	-1.1971515	-0.46178856
0.2123099	-1.1479684	1.1717765
-0.3878345	-1.5262971	0.9689209
0.6636822	-0.907666	0.8512138
0.09932017	1.2641108	-0.55759674
0.74805635	-0.7154422	0.37285322
0.16990149	1.0341848	1.6931307
1.1162386	0.21644878	0.8172823
-1.5194912	1.6608677	0.36516166
-0.47134107	0.68097186	0.10049572
0.98503065	-1.0369221	0.9618874
1.0230056	0.21260524	1.0534724
0.84021914	-0.77876097	-0.7577606
0.9221611	-1.1578014	-0.14746386
1.2408817	-0.332825	-0.6736714
1.137178	-0.54824984	-0.74146277
1.0132873	-0.8596438	-0.0054436848
1.1942661	-0.32522774	0.0658566
0.67557925	-1.2273158	-1.1950809
0.34534776	-0.7822532	-1.0530044
-0.83421475	-0.99061424	-1.3815074
0.22414148	0.57513106	-1.4060092
1.0245323	-0.6513069	-1.3597178
1.0366437	-0.85706806	-1.2186569
1.0785697	-0.77081317	-0.7277537
0.39687777	-0.7824449	-0.48146692
0.6290218	0.31479943	0.009200338
0.4698821	-0.67978156	-0.47799227
1.2894254	-0.45015487	-0.46957156
0.24768686	0.22110677	-1.3216882
1.243824	-0.5734842	-0.6057038
0.40188462	-0.63265634	-1.5347505
-0.42019337	0.30108345	-0.322756
0.47185895	-1.009817	-1.6071824
1.4135333	-0.5566689	-1.3533608
0.8349092	-0.8532915	-0.9888346
0.9063052	0.7373282	0.67499465
0.44840738	-0.016542912	0.028052766
-2.5019288	-0.49897516	0.4772747
0.013052523	-1.3856145	-1.1345788
-0.33603674	-1.3340545	-1.1132947
-0.44809693	-0.20005739	-1.4617673
0.86912465	-0.71745944	0.5212102
0.40296245	-1.0342605	-0.4647049
-1.3783176	-0.8223072	0.08659888
-0.063224375	-0.94123304	-1.1780546
0.99680746	-0.8315455	-0.15623516
0.5043564	-0.5012282	-0.30674413
-2.219792	-1.2561529	0.042140458
-0.94946915	0.8361403	-0.0088180415
1.5130091	-0.80858207	0.0628163
1.0839851	-0.6032207	-0.20619091
-1.4289203	-0.6932423	0.86991215
-3.3341887	-0.568357	0.65028304
0.4435816	-1.0832069	0.79328877
-1.1109352	-0.19075394	1.95597
0.70623064	0.33798015	-0.1529159
0.53380525	0.261912	-0.25831106
1.1285368	-1.0839655	-0.19037801
0.36744416	0.73139393	-0.6794402
0.79471576	0.3781458	-0.28834194
0.3736534	-0.6775038	1.0021665
0.80540746	-0.13760102	-0.19540444
-0.09743738	3.421112	1.0094838
-1.3947618	-1.5075922	0.48618144
-1.2776809	0.2207253	0.42228556
0.5497453	0.39819026	0.16859391
0.90440875	-0.20569009	-0.2180447
0.19981539	-0.16828054	0.19351071
-0.12980926	0.4453194	-0.07493195
0.42263117	-0.59553313	-0.17469007
1.3569705	-0.4752389	-1.2012445
1.1958783	0.14242768	-0.13341498
-0.17912441	1.9904411	2.7615633
0.6105951	0.96796274	0.061160315
0.33770937	2.9516258	-0.17164096
1.2129898	0.52304673	0.69988275
1.2755733	0.60510004	-0.17508072
-0.013529837	0.27245462	0.28975326
0.4087712	0.40682435	0.40820593
0.29602087	0.3608495	-0.8155615
0.42027456	0.5782956	0.73841184
-0.3313207	1.007638	0.6133238
0.38600954	1.3475187	-0.006553754
0.24318987	-0.24119437	-0.0602177
0.63187385	0.05537033	0.21756017
0.5956501	0.719466	0.03767012
0.97360885	0.89295626	0.46865946
0.079485536	1.2442267	0.7761615
-0.6029294	1.210216	0.18373537
-1.0451653	0.047187567	-0.004843399
0.16688448	0.16285288	0.63401717
0.8388888	-0.44423932	0.5681575
1.2320316	-0.27894658	-0.30535385
1.0413154	-0.58628976	-1.1513386
0.5930329	-0.21836019	1.5015404
-0.12234944	-0.55193233	-1.607562
-0.35033888	-0.98909235	-0.70519894
-0.083738625	-0.31622875	-1.1088885
-0.28743523	-0.37575495	0.9787018
0.051677942	-0.90002525	-0.21627021
-0.28710693	-1.1828167	-0.54981554
-0.15518129	-0.76228184	-0.40814954
-0.18165636	-1.2941555	1.0681486
-0.8456332	-1.0574452	0.27548322
0.52423066	-0.9782858	1.1452587
0.59447443	-0.9701836	0.16601186
-0.15819246	-0.8779379	-0.65888655
-0.92907435	-1.2971333	0.70581836
-1.1216173	-0.42902088	0.15338378
0.5511881	-0.33410364	-0.6721686
-0.2103458	-1.2496506	-1.1189961
-0.60370487	0.66757905	-0.62333363
1.1575792	0.6014893	0.4657476
0.9550404	0.5769062	0.4398692
0.61779344	0.6987481	0.34143066
-0.29625612	-0.67187583	0.2973366
0.8622453	1.1867783	0.73304164
0.30729672	-0.86839944	0.004517626
0.8900504	0.9426142	-0.52501047
0.8953172	0.09238708	-0.12158675
0.16435313	-0.32044387	0.94903797
-0.9442318	-1.0686486	0.9080976
-1.5951583	-0.41253132	-0.4150871
0.42357725	-0.061930716	0.4377232
-0.1894052	-0.3801509	0.08836362
-2.612358	-0.48493326	0.16538316
-2.4320402	-0.97748876	1.0067608
0.72484463	-0.5265721	0.49268445
-2.8480728	-0.6894538	0.24014387
-0.61757475	0.9924408	-0.26071727
-2.5161989	-1.3640954	0.23592639
0.1514687	0.08048236	0.2621322
0.18560767	0.32562506	0.45205304
0.4027218	-0.5147828	0.24781269
0.1394661	0.7981329	0.7338619
1.4716212	-0.42342526	0.2599735
-0.35530812	1.4172742	-0.064646654
0.8306356	-0.3522854	0.3754565
0.029173553	0.17934155	-0.17181277
-1.5642371	-1.6026285	0.47547483
-0.0233832	0.39387882	-0.20602417
1.0306855	-0.4582156	-0.62319124
-1.2123361	-0.06402117	0.3584975
-0.015394747	1.9454548	-0.38695538
-0.0064195395	-0.12583232	1.4742339
0.8274038	-0.7433078	0.64551634
1.009356	-0.77872634	1.2031007
0.65413326	0.047416747	1.0127914
0.64202136	-0.7216692	1.0796201
0.058348536	1.3004777	0.9935278
-0.54990953	0.8933048	0.17651302
-3.431177	-0.9495715	0.7400898
0.16234767	0.21938717	1.8826948
1.2825867	-0.06938791	0.88995993
0.508139	-0.81187016	0.4788574
0.45964122	-0.81204045	0.24697524
0.032633543	-0.23705971	0.55965227
0.4809262	-0.3891536	1.1481941
-1.9046514	-0.6394137	1.2954273
0.63329726	-0.5884884	0.31482762
1.2795477	-1.3155181	0.3737495
-0.34488577	-0.71066225	0.27680844
0.48413244	-1.0597153	0.47726986
0.2955908	-0.88637406	-0.22150135
0.63732874	0.18337893	0.24259129
0.756444	0.42284083	0.1639703
0.82204	-0.8708587	-2.243099
0.90894914	-1.0057726	0.6054867
0.5165594	0.26764226	-0.91618186
-0.16233218	-1.0684346	0.13759807
-3.8698022	-0.93271744	0.08031893
0.65114677	-0.16706508	0.92102325
1.0300249	0.12848222	0.7604698
0.253542	0.112486005	1.2510701
-2.9342155	-0.8687608	-0.7075462
0.7241899	-1.034695	1.0746448
1.3178263	-0.50504065	0.028604526
0.5151721	-0.9330626	-0.64094347
0.34619385	-0.55726206	-0.3124734
1.2792344	-0.33014607	1.5587118
0.12571919	-0.4576266	0.8151821
-0.8656054	0.4611367	-0.81997764
1.524556	-0.42040104	-0.05147458
-5.897712	1.0687147	-0.50988746
0.62638474	-0.1555562	-0.95706666
0.834994	0.27852798	-0.75213474
0.0818786	1.4238834	0.044376116
0.60542524	0.80799747	-0.33172306
0.66721565	0.06123376	0.33701938
0.04987198	0.069713354	0.6451277
-0.10390133	0.24983084	0.8122772
0.1899845	-1.0187316	-1.851276
1.1247071	-0.37725693	1.4343358
-0.19490457	0.5550096	-0.610143
0.21189135	1.8167999	-0.34185404
0.37101713	0.22224629	1.2561934
-2.811964	-1.1183785	0.7045315
-0.8181943	0.9985956	-0.50806135
0.42962578	0.0020737052	0.030362092
1.1024384	0.6270207	0.2898653
1.173543	-0.063250065	-0.28222206
-4.239741	0.5714625	-0.44763318
-0.3189481	-0.63304853	0.8675557
0.26444745	-0.95572674	1.0845463
0.1216836	-0.48342195	0.5045571
0.43138367	-0.6953448	0.0058072023
0.27489194	-0.08272648	-0.8610551
1.1430292	-0.72353184	-0.050212175
0.9282054	-0.39143658	0.63979256
1.1203264	0.15895438	0.53631
-0.22097802	-1.3059514	0.8094802
-1.6140904	-0.222983	0.56950265
0.10589528	-1.0091858	0.4878397
0.047464848	0.14769566	-0.06396188
0.6468646	-1.6520238	0.5412601
0.4621948	-0.635229	0.18971467
0.1971854	-0.9824182	0.16439407
1.0532488	-1.0318685	1.079116
1.0445013	-0.8028339	0.2401528
0.6909298	0.048442245	0.977379
0.50959265	0.74775076	-0.4367955
0.22430527	0.5171366	0.074083894
0.9602939	-0.22722697	-0.08383667
1.4757152	-0.10563278	0.47811803
0.3611274	-0.1676777	0.99207336
-0.6764683	1.5390787	0.6031363
-0.18236393	-0.29634506	1.3015108
0.6909469	-1.2953777	0.091452286
-0.08003551	-0.56687635	0.55306184
0.16527843	-1.0348006	0.774232
1.0986464	-1.2749977	0.6183286
0.34578025	-0.9404107	1.6051661
0.48839206	-0.682055	1.5717286
0.53985584	-1.1533839	-0.56650525
0.39052948	-1.1008668	-0.8224948
0.585076	-1.3750443	1.0150613
0.61424863	0.1558913	1.4950091
1.3191395	-0.52508414	0.8220915
0.8279841	-0.20937085	1.1437378
-0.9951554	-1.0837033	0.7812014
0.46062785	0.6569226	0.03876974
-0.20967221	-0.31597382	1.5496652
1.1030614	-0.3579414	0.1566726
-0.048262417	0.19224203	1.35984
0.6143637	-0.27537352	0.3617618
1.1333714	-0.8093976	1.5037351
0.35048664	0.3784516	1.5817903
0.5003673	-1.2381773	0.44752142
1.175528	-0.49267745	-0.08663521
1.2588165	-0.78840566	-0.80060554
-0.00087720156	0.97245526	0.5563927
0.037593365	0.17070246	0.078863695
-1.4363298	-0.08810592	-0.27428013
-0.20376408	-0.7088219	0.63562065
0.7860615	-0.38018572	1.0201502
-0.45247835	0.14964044	0.2967482
1.0955522	-0.06216085	0.979578
-2.6604884	-1.1821382	-0.058945514
0.23491621	-0.5168774	0.9547391
0.8106429	-0.12932849	1.6903011
0.8486489	0.26017296	0.66354036
-1.9930391	-1.0437623	0.32389462
0.15303987	-0.22267479	-0.16254619
-0.027836502	-0.23242891	-1.0883328
0.29725546	0.6745173	-0.16330174
0.5890025	0.16323197	-0.28716475
0.405858	0.23557866	-0.6859421
0.500048	0.11901522	0.83649844
-0.56478626	2.3789315	0.77770984
0.42138866	0.48310483	-0.08789749
1.0822396	-0.026567578	0.47563434
0.7961229	0.2830348	-0.6794039
-0.0035324097	0.5526103	-1.228793
0.947435	-0.06249684	-0.43608207
0.2555698	0.09039235	-1.0820075
1.4648463	-0.38578224	-0.6352907
0.51546264	-0.59151924	0.28513566
-1.1744931	1.0227965	0.8611659
1.1025922	-0.6138613	-1.0684959
0.5987119	0.8115177	-0.050552547
0.75666416	0.46892428	-0.5476562
0.65527165	-0.46489364	-1.1822704
1.1755296	-0.09416419	-0.30181575
-0.12090707	-0.34003466	-1.0227615
0.819489	-1.2218196	-0.7931695
-1.0203474	0.043962836	0.1530419
0.9434265	0.19169235	-0.336355
0.74884355	-0.60643685	-0.26880363
0.8890663	0.57166445	-0.5574425
0.6795996	-0.6909761	-0.5320495
0.47427574	-0.86256576	1.1115843
0.1750933	-0.9400432	1.1010126
0.7545735	0.5750345	1.0270103
0.8459212	-1.190336	0.22776034
-0.34841496	1.9365826	-0.09747223
-0.14734107	0.08464706	0.16568404
0.45035264	0.39866352	0.78491235
0.8728222	-0.91686046	0.9728988
-0.23241913	0.85799587	0.8110354
0.72744024	-0.8726522	0.31057265
1.2345448	-0.38377517	0.9197613
-1.0469182	-0.58541304	0.13113523
0.7149919	-1.2050667	-0.08471259
0.34833664	0.1226486	-0.21710622
-0.08938813	0.37260115	-0.40215352
0.38281825	-0.5661909	-0.9879676
-1.379803	0.00991261	-1.3732448
0.3551154	-0.27128363	-0.3524447
-0.62749046	1.0719819	-0.05880966
1.6726427	-0.22904837	0.4140562
0.91200316	-0.08805919	0.74597454
0.9338014	-1.0843422	-0.6937095
0.9331471	-0.6210247	0.6838787
0.5506396	-0.40220362	0.50205725
-0.14362538	1.073779	1.0517529
0.9540002	1.2292867	1.4494909
1.3493774	0.49693513	1.2785398
0.9271233	0.19538915	1.1136155
0.9496701	-0.58843195	-0.508009
0.21077925	0.33687007	1.2471032
1.1036353	-0.013229191	1.2194984
0.5900036	0.13355613	0.79450345
0.9741223	-0.6692621	0.59685576
-1.850838	-1.4184573	0.56334317
1.1253867	-0.108830154	-0.4354169
0.495168	0.61046934	1.510589
0.7250973	-0.11539638	0.88442826
1.2355337	-1.0165229	-0.6776458
0.1619466	0.14633858	-1.0833188
1.1984152	-0.095926166	-1.4070057
1.1537968	-0.9459917	-1.5748378
0.8605032	0.027151704	-0.95420325
0.85799044	0.0271371	-0.79837286
-1.5457702	-0.8093928	-0.10714363
0.12309462	0.5480248	-0.75899404
0.06459451	-0.5741888	0.34952173
0.23897958	0.5698179	-0.09078764
0.3623462	0.3256973	0.21882468
1.1935009	0.65575624	0.11622639
0.8192203	-0.2465663	-0.67722386
-1.2620461	1.5857081	0.2352153
0.24316978	0.54984045	0.67717105
0.6266782	-0.6696286	-0.5301214
0.09687716	-0.23838514	-0.07625381
0.8013601	-0.14659852	-0.52373457
1.2044739	-0.4099763	-1.5045899
0.45579	-0.1705997	-0.39403674
0.88425094	-0.5796374	-0.0384859
0.53485656	-0.311252	0.6144399
0.7244986	0.25465	0.8178904
0.17464846	0.44561195	1.1678994
1.3778075	1.6798775	-1.3361533
1.4857061	0.34113288	0.08552109
-1.0350645	0.6109754	-0.48299566
1.364423	-0.28539324	0.09892121
1.1597321	-0.13686454	0.0002598688
1.0586925	0.01455605	0.9689088
0.09758639	-0.28789538	-0.089332156
0.21261346	0.81340444	0.8684266
1.1090002	-0.51902413	1.1701726
0.15237653	-0.15318906	-1.2297082
0.93717706	0.14610624	-0.04044009
-0.6754847	1.4057171	-1.2035463
-0.0403921	-0.50838035	-1.1061934
0.53673816	-0.7656895	-1.0029414
-0.46832186	0.6225276	-0.38725737
0.05979359	-0.08351159	-0.67719775
-0.17138654	-0.16554797	-0.7338454
0.09694934	-0.5700272	-1.2195431
0.4516195	-0.27888983	-0.033288278
0.44818607	-0.3142727	-1.4604472
1.0333059	-0.09036034	-0.59358215
0.5503193	-0.2298249	0.75559926
-0.8473185	-0.71111673	-1.0750014
0.17030346	-0.12609774	0.49877504
-1.5801644	-0.9320734	-0.3973609
-1.319108	-1.2335255	0.6068432
-1.3259394	-0.9941821	-0.7458665
0.5080691	-0.5379596	1.2731442
0.013288081	-1.5227332	0.8096662
0.5249083	-0.4339267	-1.1360565
1.042747	-0.5208712	0.93053937
0.15894336	-0.7999748	0.43277416
-2.5408704	0.068511724	-0.96135867
0.76249474	-1.0221246	-1.1204076
0.6316349	-0.0726766	-1.3229777
0.621831	-0.5500312	-0.23606741
0.02590537	1.1874125	-0.6186793
1.2913043	0.17302704	-1.0838705
0.68761855	0.22894001	-0.5370336
0.06904107	1.8673685	-1.6330758
-0.53366596	-0.07955849	-0.78547484
-2.0511384	-0.55093825	0.68325967
0.76230955	-0.2766937	-0.40318638
0.7366578	-0.48924762	-0.670578
0.9495855	-0.035446286	-0.33270293
0.6234045	-0.3911661	-0.30021867
0.8840994	-0.4091907	0.23509559
0.7182529	-0.049342275	0.81705844
0.504094	-0.110004604	0.13210317
-0.32029432	0.90301645	1.2794446
0.73733	-1.0287873	0.66018575
-0.08056575	-1.2148017	0.24706587
-0.89677733	0.10804415	0.7197208
0.38419276	-0.6514425	-0.18653414
-0.43295294	-0.44545075	-0.19613606
1.2399391	-0.30949992	-0.11429358
0.9270092	0.14184439	-1.6840011
0.55535644	-0.6584979	-1.9409032
-0.06271225	0.30849934	-1.2484353
0.46429694	-0.007778764	-1.3758991
-0.9999029	-0.069793165	-1.4962052
0.42816314	-0.4627616	1.5427485
1.3446305	-0.24035782	0.032585587
0.00452739	-0.46545997	0.33219525
-5.5622644	0.5297625	-1.8086305
0.014238238	0.31733024	-0.92462873
-0.19798571	0.013328433	-0.26524395
0.57473147	0.052701175	-1.044482
1.2816021	-0.03699112	-1.711983
-0.28310245	0.30573595	-0.58593965
-0.30645794	0.11244011	-0.033852495
0.5128635	-0.5222118	0.73537076
0.42612773	-0.9483507	-1.0953628
0.505041	1.3230169	-0.9718809
1.5517159	0.46060073	-0.6147232
-0.30143481	0.62283885	-0.81371576
1.6043231	0.054345727	-0.9483196
-2.822228	1.5948472	-0.564514
-0.46357423	-0.7278935	-0.500383
0.81010866	1.4537191	1.037445
1.2028685	-0.467389	-0.6471508
1.4208863	0.0037355423	0.109161764
1.3866141	0.45760417	-0.11839425
1.5510054	-0.46657038	-0.035916485
0.7884718	-1.0572896	-0.4455541
0.469938	-0.5812161	-0.61595476
-0.43061978	-0.8802543	-0.68655175
-0.38521188	-0.92447233	-0.8675384
1.4897336	-0.60247266	0.1274486
-1.4483147	-1.2350566	-1.3644087
-0.17417735	-0.25402683	-0.55825204
0.85022277	-1.1385621	-0.26352233
0.84622395	0.18527043	-0.10822507
0.9873434	-0.32772636	-0.21594203
0.79607177	0.9829849	-1.4622841
0.9511756	0.23764908	-0.6779506
0.6114561	-0.05708134	-1.23111
1.4053833	-0.08831304	0.4688824
-1.1910131	0.91798735	-1.0576031
1.0525231	0.6285974	1.0908185
-0.21264172	0.412817	-1.2313523
0.91294754	-0.37550712	0.33890906
-3.3625767	-0.74391794	0.81364584
-0.62248033	0.063578546	0.48529786
1.1782758	-0.9123213	-0.13758606
0.71380985	-0.590656	-0.8122132
-3.542928	-0.95039105	0.08533382
0.43656775	1.1404054	1.0959207
-3.4346335	-0.46250138	0.4596597
0.8670984	-0.7036288	-0.053424507
-0.14361745	-0.7610964	-0.111970134
0.4526753	-0.615811	1.2572641
0.8297129	1.4675333	0.1364414
0.58223456	0.31302166	0.7503302
-3.4238527	-0.27330506	-0.50794667
0.36148492	-1.0899714	0.15291199
0.88863695	-0.25504768	0.0832425
0.22049469	0.91094124	0.2907084
0.99491656	-0.5727952	0.5546537
0.22215962	-0.16540754	-0.097297825
0.4220365	0.024210095	0.37945816
0.8444675	-0.30004168	-0.4859973
0.9636453	0.2405777	-0.13273698
0.9092848	-0.8757115	-1.0065114
0.367816	-0.16887802	0.1257402
-1.2596753	0.26624072	-2.5178185
0.03472936	-0.44781485	-1.7496396
1.3554416	0.23707831	-0.9540148
-0.97118264	1.6442795	-0.81012464
0.87438035	0.16976583	-0.77042663
-0.45509034	-0.64295757	0.08890863
-0.038266122	1.2587352	1.3316447
0.7377675	-0.31868798	0.52026933
-3.655917	0.1097033	0.691207
0.09619844	-0.47329223	0.6165502
0.03721893	-0.24206269	-0.09716164
0.17251962	-0.63992894	-0.15326282
0.33905232	1.6182616	0.99927396
0.64444613	1.0867333	0.20690688
-1.6912062	0.37632537	1.2203963
-3.609526	0.28010345	0.30700913
1.1401937	-0.23015863	-0.31221506
0.7185319	-0.013587415	0.95647687
0.52723277	0.32873464	-0.39571428
-1.5561197	0.93874586	-2.8521156
-3.4706924	0.119998574	0.06942715
0.34937644	-0.7305111	-1.4983075
0.2737621	-1.3025706	-0.6144591
-0.15326905	0.266173	-1.5887754
-0.81247586	-1.0921383	-0.90953475
0.047810495	-1.290064	-1.8409189
-0.24049526	-0.0050606728	-1.55572
0.05900842	-1.1532145	-1.8231229
1.1807032	-0.1200608	-2.0375702
0.83932847	-0.81054103	-1.0057628
-1.3167799	-1.460861	-1.0240302
-0.90154535	-0.21121484	-0.5108481
0.3642053	-0.71366054	-1.6351955
1.0729346	-1.0668273	-0.0666805
0.26386094	-1.0687721	-0.5015185
-0.42220682	0.14337444	-0.7881326
-0.2860996	1.5079324	-0.95515966
0.28352588	0.81488156	-0.6062951
-0.27071625	0.4745977	-0.8840647
-4.814223	0.031220853	1.0644559
-0.2777527	-1.0001523	0.6736094
0.115558684	-0.32274926	1.360744
0.50105035	-1.0282793	1.1479261
1.4407821	0.39076948	-0.8174967
0.7111369	-0.84106755	-0.5554442
0.57873935	-0.56827056	-0.33648476
1.1038197	-0.48267868	-0.903416
1.3177842	-0.08813524	0.4177833
0.9700788	0.45982647	0.37427932
1.3685033	-0.3873695	0.009215407
0.79991156	-2.0897484	-1.0125618
1.2224051	-0.028945208	1.5168914
-2.9946885	-1.9053152	-0.16451171
-1.6330075	-1.9078376	0.07787055
0.82066584	-0.35866737	-0.10974344
0.80253905	-0.69678265	1.2490478
0.6179283	-0.12498373	0.2306805
0.4317979	-0.76537645	0.77913326
-3.157688	0.44446802	0.41033316
-0.29371983	-0.45834112	1.3909096
0.5113356	-0.04334861	-0.11648945
0.7259829	-0.22913373	0.13200186
0.46949038	0.41519558	0.9714402
-3.2459726	-0.89961195	1.531029
0.8103302	0.34197605	-0.33876342
0.85407615	0.81322753	-0.8741282
-0.5089056	1.4249399	-1.1831306
1.0145493	-0.41629124	0.09248101
0.7396086	-1.0365696	1.2459418
-0.5182174	0.14392185	0.6598285
-0.8051819	-0.41502512	0.9526265
0.18107927	0.19383252	0.5429181
-0.48109657	-0.435931	0.890797
-0.22626317	0.8591012	-1.1064312
1.1607971	-0.25246632	-0.7300442
0.048555434	-1.2698917	-0.08630202
0.14993429	-0.96209043	-0.42017332
0.082734525	0.7849159	1.4290521
-0.16467792	-0.19718283	1.1190934
0.34785798	0.3994758	1.206971
-2.2387156	0.040821314	0.23999608
0.59541446	0.03975755	0.2672168
1.038418	0.15575051	0.62033457
0.39946532	0.65260684	-0.008966222
1.0642408	0.016065776	-0.006422002
0.93366766	0.4144708	-1.3958755
-0.017276108	0.9885856	0.33819038
0.43340227	-0.30527484	0.5449955
0.4500171	0.44060624	-0.0448232
-2.1168034	-0.8783277	0.34627417
-0.5125162	-1.0375427	0.85085696
0.084513605	-0.6673019	1.4876823
-1.1935515	-1.3999547	0.8572865
1.0704463	-0.021796584	0.99262685
-1.6260748	2.12362	-0.13327953
1.0265086	0.19580984	-0.28332683
-0.27480584	0.70017445	0.25310928
-3.97945	0.0037764907	0.4522336
1.1084678	-0.54331183	0.5499996
1.4216125	0.26138008	0.12903951
1.0650612	0.38978612	-0.4457621
0.18447083	1.3614945	0.35654125
0.6811351	-0.05485028	-0.15971708
1.1729902	0.3606522	-0.9610485
-2.3975797	-1.2978842	-0.09388519
-2.5807114	-0.95193267	0.4178437
-2.241034	-0.96251607	0.25973725
0.7116447	-0.41990536	-1.2173668
-0.53660685	0.49180245	0.23357391
-1.5453606	0.40048563	0.8073882
1.281675	0.08801448	-0.09491133
0.9172506	0.15286326	-0.53632534
0.9860432	-0.27073622	0.024629796
-0.44281167	0.22290587	0.008854903
0.7100218	0.108482	-0.23933238
0.6979193	0.604095	1.3000915
-0.27284366	-0.7456621	0.81923366
-1.1739435	0.81151366	0.213857
0.84928906	0.97893345	0.22308922
0.633896	-0.013882101	0.7034879
-2.1483645	-0.72308743	0.3118424
-0.26068598	-0.053310692	0.7653665
-1.7447629	-0.9118925	-0.0265176
1.0736948	-0.43731344	-0.6227357
-0.008855581	1.9147539	1.4561301
-0.7044125	1.5558298	0.17688888
-1.5057132	1.7303362	-0.85550725
0.6826993	-0.066474915	-0.04286012
0.13771307	1.022579	0.19077969
0.17747569	-0.04181391	-1.3171155
0.018595278	-0.71042615	0.99551684
0.098584294	0.1655426	0.13346928
0.48534685	-0.9644481	0.35561785
-1.9369609	-0.54661673	0.83954275
0.28005284	-0.86243564	0.67704487
-4.133382	-0.5821751	-0.6130073
1.4218353	-0.6315924	1.4863005
1.5662708	-0.1290636	0.9260839
-3.848726	-0.23349416	1.1397483
-0.071012974	0.22561967	-0.7185022
1.1182659	0.17879057	0.5304973
0.14156264	0.18784738	-0.23034564
-0.12819982	0.76329136	1.3912452
0.49493223	-0.10072625	0.5352204
-0.55150074	0.44686365	0.30754122
0.26025018	0.49908996	-0.022915006
0.8778841	0.06984949	0.22877458
0.75347984	0.37097514	-1.2345895
0.10072893	0.6654098	-1.3148421
0.81788754	-0.6658355	-0.4541488
-1.8311598	-1.6441425	0.3192319
-2.8476193	-0.7022368	-0.0097638145
0.6855883	-0.080842376	0.18268064
1.0876365	-0.44349194	0.07369359
0.166399	-0.5198699	-0.08901564
1.0405794	-0.24119395	0.72353476
-2.3222685	-0.31420696	-0.3246391
-1.6186113	-0.9260943	-0.105486505
0.68714446	1.1447234	0.88377357
0.624483	-0.23024887	1.0514021
0.8632	-0.2033835	-0.0036083087
0.49159542	-0.37897885	0.44928184
-0.070463836	1.0996535	0.06024931
-0.19494826	0.9562514	0.4014675
-0.2387352	-0.8565621	0.7696863
-1.4835217	2.74942	-0.20910779
0.1260522	-0.5118525	-0.69637936
0.18007654	-0.070180416	-0.8705328
0.56962305	-0.046884954	0.010331377
0.0491755	1.2594211	0.6342266
-0.30134398	-0.85900915	1.1150769
-1.7697513	-1.702795	0.6142295
-0.15648139	-1.4293134	1.0647798
0.044955254	-1.024647	-0.21223822
-1.854784	0.029248655	0.012076475
-3.644408	0.057960033	-0.6113495
-0.5527145	-1.4359008	0.78624976
0.28472552	0.17391193	-0.43870994
-3.488135	-1.0187756	1.1287891
-1.3783648	-0.84511346	-0.74014026
-1.8379877	-0.284725	-0.06331806
-0.31544846	0.41228855	0.27112988
0.46769026	-0.19031525	0.7817725
-0.30484527	-0.5566764	-0.4111797
0.27193335	-0.48147193	-0.13572481
0.8698138	-1.2474523	-0.5407894
0.3794423	-0.5527797	1.4572761
-0.057359576	-0.35461092	-0.6555302
1.225693	0.31452882	0.3394762
-0.27651316	0.9988992	-0.022203714
-0.51721483	-2.132919	-0.22178435
-1.5003166	-0.34172046	-1.1020781
0.08421856	-1.079757	0.36870706
0.8942836	-1.2600259	0.46562806
1.2892029	-1.3143528	0.23770595
1.5944647	-0.38327593	-0.16266784
1.112286	-1.2463614	-0.2976195
0.5051229	-0.85005784	0.25803837
0.88573223	-1.0400816	-0.49754032
1.4339242	-0.4494401	-0.42513868
1.0258312	-0.99330795	-0.48126784
0.7830078	-0.7801343	-0.16529754
0.77120566	-0.96291846	-0.933918
0.80502367	-1.0972507	-0.47235474
0.8588288	-1.0316882	0.2352874
0.19313526	-1.233953	-0.60015726
-0.6277974	-0.7752043	-1.5067081
-0.32292098	-1.4735625	-0.734192
1.2489104	-1.0007218	-1.0290318
2.0293455	-0.6510887	-0.61926955
1.4394876	-0.7505615	-0.7345458
0.9591199	-0.7208535	-0.6801928
0.23256344	-0.2963798	-0.05534698
0.7857342	0.5595844	-0.06414837
-0.06586224	0.3070426	0.6506248
0.31043148	-0.14424628	-0.49193314
0.3191531	-0.011710048	-0.19331649
0.77704996	-0.37002885	0.45811963
0.30243063	-0.61257315	-1.2834284
-0.35633117	-0.65929294	0.83515644
-1.0326815	-0.96277535	0.91102314
1.358362	-0.3574794	1.1004547
-2.0335398	-1.0014123	-0.12191919
-2.3516843	-1.5323267	0.21298066
1.0524858	-0.17837209	-0.11165177
0.6719055	-0.54958785	-0.8830332
0.98005784	-0.095968425	-0.36689138
1.2769647	0.35564923	-0.6916367
-0.69131905	-0.047276318	1.6290743
0.33237073	-0.30809945	0.2826957
0.29835063	-1.031356	-0.25295404
0.49026853	0.42854822	-0.07826076
0.8584536	-0.7075397	-0.7381285
0.18093085	-0.10906637	-0.24590766
0.058813035	-0.7419994	0.996127
0.19223255	0.739871	-1.4497899
0.18507111	0.6010977	-2.234797
0.27546954	-0.07423997	-1.6287739
0.8029831	-0.83559775	-1.2400295
0.6410296	0.06614411	-0.03247787
0.20622653	-0.7553178	0.64805627
-0.4289053	-1.1300948	-0.36674228
1.0695432	-0.26011777	-0.34104756
0.19627494	-1.2240443	-0.5053017
0.21656448	-0.399132	-0.2696365
-0.026229143	-0.5422977	0.47583193
0.11760461	-0.18163276	-0.21899867
0.60593843	-0.10893381	0.4836396
0.51953506	-0.27946347	0.1694181
0.5242444	-0.8596827	0.25761345
-0.15581042	-0.36900032	0.7266205
-0.25239664	1.1380992	-0.16549045
0.38785246	0.13996768	0.050943173
-0.091744125	-0.70347327	-0.45263138
0.5348144	-0.4002409	-0.75423884
0.43550307	0.65086925	0.5267109
0.16931158	0.20109499	-0.25074407
-4.1790466	-1.2516726	-0.30929998
0.8678781	-0.14361942	-1.074008
0.52319884	-0.20202142	-1.6887962
1.1238176	-0.35107636	0.3406244
0.39421538	-0.25627977	1.4675686
0.01594609	-0.3637876	0.84848833
-3.4195168	-0.86417836	0.6878227
-1.7544334	-0.69138867	0.43671125
-1.1947691	-1.58836	0.1451436
0.9402163	-0.4209798	-0.85714424
-0.28996295	1.3959472	0.51896334
1.2968715	-0.13973808	0.57103294
-0.21274167	2.4421296	-1.3920592
0.6957128	-0.41962767	-0.43795246
-1.3194301	-0.6590836	0.99561137
-2.9393597	-0.5137576	0.36343327
-2.719568	-0.9283329	0.4627846
-2.42713	0.732803	-0.82554376
0.5320187	0.04897195	0.7007734
-0.96791893	1.1772366	0.95917463
0.41997716	0.15915716	-1.7137101
1.0254256	-0.54952896	-1.273795
-2.7716832	2.133653	-1.7581447
1.1180865	0.025302112	-1.7714504
-6.6188507	0.5359601	-0.6827999
0.37248212	0.5425601	0.20065546
0.38414982	0.6601285	-1.2559448
-0.16046125	-0.020881712	1.4495987
0.7429898	0.1469531	-0.12639862
0.3989492	-1.1129653	-0.10798376
1.0008464	-0.10544503	-0.18822044
0.25907394	-1.0494237	0.49686202
-1.1798363	-1.039228	0.53944385
-0.4381259	1.2108757	-0.32987556
0.20863593	-0.7573768	-1.8673384
1.1436577	-0.6867907	-2.1055713
1.0548619	-0.3208493	-1.4626043
0.083712876	-0.14193803	1.0596174
0.92816937	0.6980573	1.2417942
0.40130955	0.28787005	1.1132282
0.6389824	-0.57662785	0.72553885
0.90028304	0.62942445	0.4376584
0.8006005	0.26422596	-0.2945641
0.16259676	0.15403318	-1.0534481
1.1082098	0.74979997	-0.21833777
-0.42301458	0.5208204	-0.11719886
0.9240451	0.9115753	-0.10241041
0.7024693	-0.6198037	-0.6745834
-0.86820346	-0.31598854	0.25844926
-1.7735054	-1.063803	-0.02781979
0.61673546	-0.09219521	-0.03788931
0.71023935	-0.87549657	-0.18051624
-1.4904735	-0.9331714	-0.28829205
-0.16452414	0.73785913	0.90648764
-0.15391397	0.7952049	-1.3667753
0.8122156	0.07758957	0.72935414
-2.936208	-0.668126	0.03870922
0.45721498	-0.072051406	0.62973195
-0.189372	1.2727454	0.69965935
-2.1132233	-0.24030149	0.9867349
0.84448713	0.4871863	-0.024315543
-0.22584331	-0.6747034	0.12140761
-0.29972976	1.1201344	0.6441306
-0.124007046	-0.6997845	0.0023232661
-1.2690017	-1.2594994	1.3036884
0.18828982	0.010705709	1.5173455
0.9455515	0.18324983	1.2948968
0.7119079	0.9673917	0.74202645
-1.2151272	0.7094842	0.16008107
0.46836147	0.9824368	0.7968488
-1.317626	1.4857795	0.03357501
0.3356011	0.093218684	-0.56988746
-0.51633483	1.3137829	-0.6541368
1.3861029	0.12974441	-0.36773038
0.7516077	0.5884409	0.10558292
-1.696392	-0.3312251	-0.06828586
-0.34732944	-0.5061254	0.11849758
0.8070873	-0.4181165	0.2100586
-0.48756832	-0.6214178	0.29618374
-0.22783196	0.14111638	0.88122255
0.7988167	0.4251374	-0.20229143
0.6681335	-1.3616712	1.415677
-1.2198532	0.34280157	0.92133987
1.6222442	0.37743068	1.4167334
-1.0687423	-1.1213586	0.27597606
0.66690755	-0.5352228	-0.2770131
0.18170631	-0.08149308	-0.24893579
0.73850495	-0.780526	-1.1709969
0.5645619	0.6696161	-1.7746791
0.15104508	0.99693954	-0.8221243
-0.23550189	0.47834516	-0.5561423
0.57072634	0.7861614	1.1869777
0.09597939	0.2791158	0.8623613
0.8656621	-0.22557688	0.5862254
0.19682026	-0.887073	0.7618279
0.8883196	-0.8876361	0.009599768
0.47270155	0.34546995	0.6058443
0.15539902	-0.628865	0.40855625
0.80071986	-0.55066866	0.7023265
-2.7361405	-0.59712917	0.21425626
1.2689652	0.15497386	0.6414221
0.3720772	0.22559702	0.5093253
0.76778007	-0.50052595	0.7606837
0.5668733	0.0062243342	0.93711567
0.5931132	-0.054946184	0.7065264
0.91783243	-0.27218062	-0.14696833
0.09763664	-0.24651563	1.258839
-2.2990844	-0.41570747	-0.36068612
-2.3600678	-1.2122341	0.2865252
0.27894697	0.26107025	0.6663665
0.35129344	-0.21975505	-0.7624911
0.4563041	0.1902765	-0.8201907
0.9293411	-0.2719031	-0.3174366
-0.08397591	1.0305138	-0.13559681
0.625364	0.33508027	0.5008736
0.7058185	0.23359764	0.079719305
0.014516532	-0.327182	0.56456983
0.6094489	-0.7203765	1.450378
-0.03114754	-0.8271221	0.8232301
-2.6615803	-0.1627937	0.39570594
-0.10485101	0.82684386	1.1848485
-0.65342766	0.31540418	1.1785103
1.2401562	-0.5748851	0.69899154
0.11683369	-0.5193447	-0.36657596
1.2843676	-0.58342874	0.51009655
0.8280647	-0.23682213	1.6480027
0.90736735	-0.2589125	0.38797507
0.48958397	-0.1336016	1.1366944
0.67002183	-0.34984773	-0.7309636
-0.43962163	-0.7540308	-0.10594239
0.9060643	0.4106735	-0.9745264
1.084707	-0.58118016	-0.9371835
-0.15224975	1.4192798	-1.26748
0.42660436	0.34915507	-0.37444243
0.657668	-0.26492327	0.007141661
0.84678656	0.38570392	-1.5206057
1.4679239	-0.47460884	0.12528971
0.11989272	-0.6757246	0.36318663
-1.0119057	0.62686026	0.5569372
0.833727	-0.018844485	-0.39281923
1.3408549	-0.98246884	0.34538215
0.753558	-1.3361418	0.5264472
-0.3603019	0.68562484	0.8121028
-2.0746977	-0.5823548	1.1462708
0.91344297	-0.5630629	0.46077082
-3.772445	1.9742041	1.7983323
-2.9029124	-1.1780484	1.1503243
0.43519104	-1.0295342	-0.20798132
0.43536237	-0.4813548	-0.038438246
-0.017005146	-1.2386174	-0.3077715
0.066997826	-0.79500544	0.34052625
0.7560313	0.29767585	0.059335064
-2.5281634	-0.7938918	0.103321314
-0.039820373	0.9565629	-0.26394236
-2.710221	-0.6887648	0.08852479
0.34423637	-0.24357343	-1.6543218
-0.18262643	1.0916166	1.2601328
-3.4290926	-1.6755192	-1.175271
0.33437493	0.035819054	0.62029666
0.2793486	-0.7183169	1.0618689
-3.1559942	1.0495589	-0.6837358
-0.055396795	-0.24598771	1.0122269
0.5776217	-0.9022174	0.014079969
-3.2863848	-0.52759403	-0.35073397
0.05013126	0.47655356	0.4763055
-2.1297107	-0.7286022	-0.14833686
0.25533858	-1.2587147	-0.6871887
-0.41773087	0.047854245	0.15030792
0.24002612	0.7769669	0.8891469
-1.4939806	-0.8056612	0.92942077
-0.90797657	0.8451549	0.08376087
-0.448857	-0.40861887	0.20018888
0.12039387	-0.77736473	-0.011977162
-2.1956735	-0.5590019	0.15386616
0.54659045	-0.23409534	-0.3234464
-0.053575575	-0.119980454	0.42452493
-0.630209	0.85479534	2.0318456
0.6389557	-0.39311832	1.0432178
0.805899	-0.09137124	0.27222505
0.8899161	0.19391155	1.7097931
0.37421152	0.2864269	1.3941215
0.696271	-0.07918793	0.37966502
-4.116337	0.013231456	0.3547775
0.8131753	-0.27078998	0.14891346
-1.0201201	0.7729943	0.50420934
0.6782084	1.1653867	1.6437854
0.38960877	-0.53188884	0.06555833
0.1858356	0.7380394	0.9084649
0.99164045	0.124880195	0.29707164
0.35821882	1.2216089	0.028358828
-0.60036355	1.533628	-1.2492958
-0.109320045	-0.099009335	-0.54595
-2.368851	-0.9156711	0.4248486
-1.0238211	0.5607885	-0.049082898
-1.118211	-0.12788808	1.065683
0.92164236	-0.036519527	-0.32465735
-0.0062511563	0.21721137	-0.008648362
-0.2571681	0.20424557	0.654545
-3.2217283	-0.729017	-0.3031887
0.8758547	-0.7353694	1.130279
1.4180515	-0.75381255	0.16680482
1.4642799	1.4274623	-0.9858408
0.38742706	-0.91467005	0.46228534
0.75832945	0.5406451	0.8755877
1.1235652	0.15463126	0.7734286
0.054758787	0.11463332	1.6125634
0.29888147	1.0206492	-0.21507308
0.6266881	-0.8870039	-0.9042779
0.5118424	1.3650239	1.2518435
0.57265395	0.08123851	-0.02975589
0.28621253	0.6005467	0.93041456
-0.9951797	3.1982312	0.7388287
1.2207214	0.3627783	-0.42070198
1.1094773	0.20915985	-1.2632226
-0.3396359	0.633628	-1.0158017
0.32341915	-0.22265965	-1.2678541
1.0981126	-0.13791561	0.6936756
0.0094873905	1.229048	0.24694875
0.28291517	-0.39060533	-1.2056423
1.3296964	-0.0153265	0.09403605
0.88803715	-0.5241964	0.34879524
-0.13927507	0.5201274	-0.011378601
-0.12346256	0.16067886	0.2281529
1.05905	1.8397455	0.984512
0.11278254	1.0973315	-0.7907148
0.5864305	0.23613024	0.76163065
-0.17017782	0.47213233	-1.1661536
0.49854425	-0.63180816	0.98481405
0.43023282	-0.729131	1.0452
0.16833943	0.42718816	0.17201981
0.8321909	-0.04427445	0.55480045
-0.26004463	1.4141171	-0.09289201
0.863466	-0.22882742	0.014173098
0.14144778	0.03382051	-1.005361
-0.36451477	-1.2224096	-0.5582574
0.27513093	0.7257155	0.61343795
-2.3743734	0.75453544	0.41831934
0.096744	0.5507946	0.39494026
1.0975914	0.8089391	-0.3661119
0.8506743	0.0020932555	0.7367719
0.0782938	-0.3049116	0.16188851
-0.7399793	-0.103574395	0.7280044
-0.6972107	0.7403195	-1.2301456
0.6897688	-1.1544768	-1.489818
0.8558832	-0.20732927	-1.0784025
0.33975846	-0.27307677	0.07737684
0.6897633	-0.82093316	0.048586328
0.16817111	-0.14386493	1.2871948
-0.8259974	0.75485384	1.098067
1.7119696	-0.4188096	-0.52727836
0.38974234	-0.6878403	-0.72286725
0.95123076	-0.28289866	-0.89618754
1.1205637	-0.36338586	0.90079504
1.0725843	0.6634103	0.23501942
2.1741025	0.596022	0.9238724
0.29558638	-0.7526361	-0.18058407
0.45784873	-1.6032958	1.7853045
-2.515368	0.69789386	0.84433305
0.294079	0.36129224	0.9632044
0.46493262	-0.3078872	0.0056862086
0.74762315	-1.2796283	-0.5212254
0.33989525	-1.1357089	0.45354992
0.6250944	-0.4326952	-0.6494438
-0.12209809	-0.21140736	-1.1328589
-0.14883864	-0.17053032	1.053618
0.3447351	-0.032797813	1.3686564
-2.422977	1.9316149	0.32335553
0.16337204	0.2824669	-1.1709632
0.7711644	-0.30369794	-0.86319506
0.87276995	-0.1398089	-0.8398588
0.81896436	-0.22991991	0.44361737
-0.045738876	-1.0328033	-0.74412555
-0.6233315	-0.6014243	-1.2721559
0.0386135	0.78608906	-1.2933381
0.8912575	0.088413835	-0.7693076
-3.038154	0.295357	1.6739368
0.17610729	-1.6789873	-0.081087105
-0.11430615	-0.99353164	-0.311832
1.0955354	0.3072337	-0.13006929
0.65727985	-0.04156816	-0.53023034
0.42809683	-0.9701472	-0.5903176
0.5935016	-1.048602	0.5899925
0.49756157	-0.72595036	0.515247
-0.121445835	0.684546	-0.062057324
-1.0347807	0.37665784	0.38751897
0.8499811	0.19938767	0.9495098
0.1423747	-0.44408464	0.2573343
0.84085715	-0.50507104	-1.1387208
1.121366	0.18602467	-0.7452246
0.30630368	-0.10795325	-0.58277017
0.88284904	-0.29497743	0.3573273
0.50718105	0.78939676	1.5374687
0.69023836	0.8621844	1.5658518
-0.4217983	0.9678395	1.466398
0.3181108	1.3269813	-0.37269378
0.516298	-0.34410048	0.42366996
0.6613466	-0.14959818	-0.32415244
-0.31771272	-0.038760602	-0.1964226
-1.2284338	1.1513147	0.70251477
0.44856995	-0.13609433	-1.185568
0.28674254	-0.90732694	0.2309758
0.79658824	-0.8843745	0.09013237
1.0954837	0.63251555	-0.3746439
0.49881902	0.14799523	-0.1440962
0.7645141	0.4152825	1.4090694
0.6699904	-0.23654103	0.51178735
-0.65063447	-0.13430244	-0.044492297
1.0163214	-0.4939061	-0.6639576
0.48042718	0.25449955	-0.56850666
-1.7567725	0.9400897	1.2392437
0.1648379	1.3791718	0.7897466
0.2121473	0.95848644	-0.9393449
-0.55982107	0.29180562	-1.4926658
1.2846482	0.2867266	-0.5303361
0.3298383	0.013012767	-0.6562382
-0.112146616	1.9818885	0.33930814
0.82572275	0.029122055	-0.74257636
0.97951376	0.5057697	-0.89677817
0.9026324	-0.12530243	-0.787398
0.32454783	0.66139984	-1.2387503
-0.36889523	0.4774593	-0.62312067
0.636231	-0.41415125	0.5016097
-0.08756369	-0.068072915	0.6104957
0.5260917	-0.22761893	0.80130273
0.27395964	1.7418144	1.1369379
0.057249784	0.2698537	-0.34372076
0.5686418	-1.2801093	-0.14162749
0.2834378	0.9939418	-0.42279813
0.07872248	-0.12314123	-0.062000483
0.6967397	-0.41669744	0.3285595
0.6171479	-0.4787903	-0.94897455
-0.3482526	-0.6536016	0.6765385
0.40028694	-0.48610556	-1.2444851
0.7854833	0.6819509	0.96957564
0.7166759	-1.1725261	0.3138846
1.0639136	-0.5226184	-0.035720013
1.2225639	-0.33822083	-0.49366513
1.2875748	-0.6106992	-0.9011056
0.59453154	-0.7418599	-0.84431297
0.315032	-0.68166804	1.0407264
1.0901296	0.35501277	1.0068622
0.6654803	1.2026489	0.2822319
1.3709551	0.3791666	0.8836687
0.865411	0.24522173	0.33533734
0.47754592	1.669733	0.33677986
0.9477619	0.5885254	0.72441494
0.545152	0.8191849	1.2008399
0.96626705	-0.123273194	-1.0093633
0.8514888	0.013478637	-1.7907398
0.85184664	0.30306184	0.62902313
1.5512011	-0.48188528	1.0130985
-0.2205838	-0.13552928	1.6821187
-0.24783915	-0.93019855	0.21352911
-0.61903185	-0.32802474	-0.27024284
1.0699044	-0.12972713	0.9802357
-1.27261	0.33862174	0.5478746
-0.1867683	-0.049043834	1.0261047
0.89140975	0.1581024	2.0351532
1.4474504	-0.17830616	-0.14685655
0.20426631	1.5509007	0.52492756
0.71526843	0.34904182	-0.69758886
0.82866675	-0.34261143	1.0631764
0.23271471	-0.9373978	1.186898
1.8288543	0.39968097	0.67755467
0.7429573	-0.34004438	1.0518689
1.2907728	0.562436	1.5540472
-1.8535626	1.0552955	1.4555342
-0.52268857	-1.7501519	0.8477217
0.7118239	1.0862677	0.80817145
1.1174879	-0.04853463	0.42432055
-0.56856674	0.72136664	2.4624796
1.1423142	-1.2494427	1.4778547
0.40891773	-1.0124929	-0.7351339
0.6768881	-0.12762338	0.17558008
-0.7013722	1.1931822	0.69810814
0.54434216	-0.0638386	-1.5257542
0.8170593	0.38231564	0.8771057
-0.40758473	0.61936605	0.9272328
-2.335278	-0.86725533	1.0361398
0.59038466	-1.2407181	0.045956228
0.5806593	-0.20584804	0.96445245
0.67251843	0.3103193	0.23070648
-1.2808769	-0.99711275	-1.3238512
-0.20487344	2.4801373	0.94784397
0.89694965	-0.023474097	1.4378153
0.09602046	0.5606357	1.714908
-0.28514498	-0.08186823	0.44231227
0.9264041	-0.7404171	-1.447853
0.14526659	0.35821307	-0.84087193
-0.49155253	0.80976903	0.37191182
1.0072418	-0.7928934	-1.1361728
0.27698725	-0.5468609	0.09829381
-0.1375956	0.55278313	0.55103844
0.3133518	-0.27369642	1.4391044
-1.3300269	0.3504641	0.8480617
-3.520161	2.7002625	0.08538413
-0.3321591	0.104705215	1.1395745
0.86505306	-0.14455801	-2.1426632
-0.7818294	0.4816079	-1.4501631
-0.48954517	0.49687755	-2.0171762
0.5701013	-1.4364897	-2.924797
0.28423107	0.25093246	-1.5809203
0.5523287	-0.56911993	-1.6342587
0.9423851	0.16506577	-1.7210505
0.569624	-0.21753383	-0.33536845
0.46816766	-0.32218134	-0.79476184
0.08791232	-0.48589194	0.3965435
0.9456662	-0.11351603	-1.7541951
0.6943276	-0.039146006	-0.16850609
0.88255167	-0.95624965	-0.047992244
0.13863754	0.41402364	0.7952869
-2.932351	-0.92259747	0.0629135
0.12397981	-0.39206946	-1.3656975
-1.7753375	-0.9351889	0.55230236
-2.3020828	-0.5000112	0.098824635
0.67015105	-0.61212873	0.23333555
0.14120615	1.8658247	0.16985145
-0.008163512	0.34172535	-1.6195929
-2.2159824	2.1872225	-0.91055465
0.9166623	1.3813548	-0.17366186
0.49380675	-0.32760054	-0.9995973
0.6430142	-0.47392696	-0.042908594
0.2794306	0.4056002	0.91728777
0.7081483	-0.103485644	-0.2442357
1.3430877	-0.5837083	-0.25302753
0.476828	-0.6103886	-0.9390918
-0.34235245	0.5901321	0.35067114
-0.9551534	-1.5460985	-0.3371718
0.057902634	1.5123339	-1.4158256
0.5413614	-0.73827076	1.234323
-0.069417655	-0.38545132	-0.7092912
0.16770083	1.2753289	-0.02392336
1.0048395	-0.057551324	-0.61402065
-0.2182514	-0.14242631	-0.16619575
1.015886	-0.3810287	0.3111602
0.78023225	-0.057182133	0.66288173
0.9423616	-0.23198825	-0.3264363
0.9988023	0.113520265	-0.54191
0.35771286	-0.5314857	-1.0011462
0.32012033	-0.39762533	-0.009706367
0.030048251	-0.79611534	0.30335885
0.6355899	0.061390877	-1.1941543
1.03578	0.17808044	-0.24750686
0.20875227	-0.26255345	-0.8373033
0.27642995	-0.35321236	-1.1487467
0.8641932	-0.87908244	-0.35931763
-0.7879377	-0.728124	0.821093
-1.4184813	-0.38129723	0.87880564
0.103319645	0.34662533	-0.05789254
-2.6209915	-0.38346833	0.056093104
0.48437214	-0.34179586	1.5070636
0.6128222	0.5820402	0.092042655
-0.4807505	-0.73309624	-0.51941943
-0.2912616	-0.103887916	0.13589676
0.89312464	-0.029859543	-1.3579528
1.1283408	-0.53150094	0.71864986
1.2177329	-0.34852147	1.2875735
0.43350592	-0.84975153	1.1353822
0.12509215	-1.0998856	2.8144832
0.15742618	-0.6348202	-0.19316712
0.5810682	0.40287733	0.095744535
0.32349068	-0.92724264	-0.35816157
0.67678046	-0.57016814	-0.6468093
0.21132255	1.8629856	0.20257258
1.4719272	0.031625092	-0.8545951
0.3663874	0.14251626	-0.8987919
1.0410955	0.087757826	-0.66359144
0.090563	0.22742784	-0.4067139
-0.43604594	-0.12864196	-0.9481758
-0.902458	1.1383624	0.30723375
0.7479919	-0.4803189	0.5666899
-3.511737	-1.046358	0.009104531
0.6103531	-0.15902376	-0.078143515
-0.08583331	-0.15663826	-1.0648578
-0.00047403574	0.21013212	-1.2241945
1.3170502	-0.36158806	1.1044775
0.07805449	-0.5035697	0.60880375
1.0299498	-0.2627954	-0.05591818
0.5895194	-0.04174483	0.2819843
0.4261525	0.30091882	1.1101477
1.1195214	-0.72190434	-0.326618
0.19010884	1.2723947	-0.6301529
1.3181016	0.14021313	0.88449883
0.106046975	-0.04927951	-0.9912629
-1.079422	0.5185816	0.74581575
0.5653336	-0.32965392	0.100439474
0.91081285	0.29378355	0.40472072
-0.4035799	0.66313934	-0.81603515
0.8104379	-0.15806478	-1.390733
-0.33702308	0.8858887	-1.368039
0.7992901	0.6301904	-0.19340682
0.3689006	1.087959	-0.90767133
-0.399831	0.46132267	1.6584628
-0.50660104	-0.17835313	-1.1822093
-1.4728141	0.81589735	-0.8187536
-0.12664133	-1.4306471	-0.5229489
0.63004744	-0.4931747	-0.8155048
1.292701	-0.25527668	-0.27720705
-0.028674066	-0.5518434	-0.08945557
0.4469244	-0.24417162	0.30448878
-0.7675862	0.0935477	0.5086782
0.17910564	-0.08440673	1.0638349
0.78828967	-0.00050359964	-0.63696086
0.74519706	0.83189785	0.567779
0.59307134	0.29787636	2.1907938
1.1884394	-0.022841752	-1.2534982
0.9323868	-0.382091	-0.2235451
0.95656306	0.039463818	-1.0514241
0.1560607	0.11143601	-0.38383603
0.48532873	-1.0845971	-0.67985296
-2.0332706	-1.8853796	-0.27073887
-0.46109384	-0.8049918	0.00066966936
-0.39879876	-0.83326423	-0.6007194
-1.3083098	-0.5853227	2.0683455
1.0392609	-0.6188895	0.56710035
0.9633198	-0.472805	0.028488208
0.5704751	-0.7361915	0.9167397
-2.0710015	0.07523209	-1.2318902
0.22424841	0.73931885	0.13282493
-0.6523214	0.430452	1.1285211
0.7930305	0.35038996	0.69245434
0.30507255	0.014169693	-0.427739
0.3738941	1.0340834	-0.2747803
-0.07411361	-0.12927294	0.49660766
0.46525744	-0.78303695	-0.57672644
1.3255105	-0.64399683	0.30003828
0.8262809	-1.0409359	-0.3386725
0.47839165	-0.5900806	0.44576836
0.7963444	-0.60166717	0.7285903
0.043884516	0.23783994	1.1167153
0.4081172	0.30438042	1.2127094
0.30023175	-0.75070834	1.318796
0.8718597	-0.9834121	0.2201994
0.9660955	-0.21917081	0.16425937
-1.9948263	-0.5984406	0.38643128
0.5477232	0.3558607	0.596827
0.9850049	-0.14499426	-0.60973567
-0.06774646	1.1299455	-0.10399189
0.61127037	-0.21267927	-0.7518637
0.7109046	-0.8993975	-0.41746026
0.9037435	0.30317938	0.15315774
0.6325257	0.6923206	-2.226263
0.44765678	-0.069318056	-0.69244
0.065179825	0.7733139	0.42396843
0.5331739	0.56461203	-0.5967128
1.1324449	-0.3396364	0.18098888
0.6161784	0.49326205	0.39189234
-0.7910028	0.084196806	-1.2172408
0.5165104	0.27027214	-1.3509421
-1.6082819	0.473104	-0.3120121
0.6229536	-0.09833223	-0.9907228
0.26402014	-0.3426959	-2.222434
0.06923199	-0.6247939	-1.8835115
0.34087965	-0.5177566	-0.058098063
-2.293949	-1.5360968	-0.7949062
-0.03027904	0.05551499	0.3394727
0.9059925	0.021825194	0.6364944
-1.7875302	-1.2695216	0.71802783
-0.52333516	-0.16649264	-0.5729844
-0.723304	-1.0238355	-0.5932815
-0.7008155	-0.21589684	1.034171
0.3800501	-0.27197874	0.21541256
-0.05729699	0.18403113	-1.1580919
1.123747	-0.2957747	0.26369786
0.6104473	-0.016028464	0.7235541
-0.449596	0.5336132	-1.3781017
0.53436863	-0.5767919	-0.26215047
0.21021438	-0.92090946	1.0186348
1.4488293	-0.41535467	0.25558913
0.26459584	-0.61923885	-1.4275663
-0.5166823	-0.009156525	-0.17815217
0.7682938	0.13235676	-1.1365979
0.6754657	0.06627256	-0.23954657
0.30989522	0.97959876	-0.98268723
0.93798625	-0.912715	0.9094852
-2.389251	-0.7305927	-0.3138834
-0.5790902	-1.2038393	0.3252179
1.0573113	0.49349117	-1.0697563
0.35623056	-0.697912	0.3928494
0.51967335	0.32501054	-0.91652685
1.3153152	1.0411927	0.7936957
0.7852782	0.5383524	0.48633185
0.77020675	0.36334884	-0.33615023
-0.2538287	-0.9751203	-1.2420481
-0.17698604	1.1632321	1.8156935
0.8919357	0.06692779	1.7480552
-0.72832304	0.7155819	1.9054217
0.49659884	-0.12682623	-0.06900532
-0.7442313	1.219455	1.0244188
0.6360931	-0.23004168	-0.31435308
0.51513726	-0.8851271	-0.6726437
0.2901926	-0.11902535	-1.0074565
0.72158605	0.3033626	-1.4710104
0.6752715	-0.6971191	-0.45397344
-0.21892995	-0.9885696	-0.44116566
-0.683536	0.6320716	0.020260036
0.011042774	1.1231954	0.31397146
-4.2639065	-1.9245778	-0.29329345
-3.871477	-1.2128108	1.5068722
-2.4000268	-1.0969703	0.45921263
0.3599599	0.22056937	-0.18292537
-0.24713391	-0.22512406	1.1933469
0.71647024	0.039416075	1.3019648
-0.49036568	-0.20750082	1.4415724
0.288546	-0.0751698	0.19107199
-1.4151263	2.2751646	-1.1540751
0.014954209	0.96036315	-0.9752072
0.6932207	-0.17441922	-1.6880449
0.8802395	-0.028317332	-1.4603449
1.1754133	-0.8137946	-1.6071786
-2.7005887	-0.39459234	0.8934069
1.4062221	-0.58343184	-0.50290346
-2.9301162	-1.5169147	-0.17116663
0.21026987	0.7772529	1.312407
0.57264113	-0.7297428	-0.20511869
0.1295479	-1.0813195	0.25940892
0.62736005	-0.90546644	0.8410982
-0.008590102	-0.97355723	0.79560286
0.735221	0.39931488	0.10610645
0.74040806	0.6474842	1.0994874
0.7780799	-0.4925964	0.9746239
0.6649026	-0.30073726	-0.6576302
-1.3968213	1.3114691	0.97758335
-1.5739172	0.60235643	0.86007625
0.54001623	-0.88218254	-0.9749751
0.017483652	-0.72508675	-1.1408086
0.20318043	-0.017353773	-1.3704506
0.6889784	0.40093553	0.8019235
0.5938504	0.31822526	-2.0306618
0.4837271	0.48496735	-0.5552807
0.57141984	-0.20044202	0.40075934
-0.043482006	0.057193458	-0.6449159
-0.0143659115	0.7266387	-0.8780677
0.3488352	0.12206328	-0.041276157
-0.18473178	0.29452133	-2.0563836
-1.3647146	0.67281806	-0.025637776
0.42248338	0.49147785	1.1789706
-0.22368538	0.30860782	-0.4502413
1.028883	1.7242603	0.17363134
0.20305151	1.1885707	1.1290643
-0.72981876	0.9616958	-1.6553812
-3.916991	-0.41867536	-0.62392473
0.78131455	0.0813086	-0.055246815
-0.028356373	-0.75136197	-0.8144126
-0.035432518	0.019785643	-1.4097717
-0.04259354	1.578218	-1.8068454
-0.29868644	0.44703972	0.09824496
0.8462465	0.65811837	0.35491228
0.47716823	0.92114496	0.6797872
0.21285814	1.1532509	1.2540997
1.1359406	-0.4150995	0.41595265
-0.0268597	-0.9413985	0.52059907
-0.5166612	0.2404983	-1.1329933
-0.5074881	-0.07769883	0.5198777
-0.15057981	0.812688	0.41347718
0.47277096	0.009325802	0.64473087
0.11580533	-0.42428234	-0.3643091
0.059503675	0.14099598	0.1986304
0.19632155	0.30546916	0.84992725
0.14128196	0.10076785	0.35382822
0.6115909	-0.1116876	-0.6925411
0.63381314	-0.67798626	-1.0602106
0.5518032	0.03207332	-1.1115795
-0.13640189	-0.27556068	-1.1602594
-2.1894708	-0.47694826	0.13322566
-0.027197838	-1.0270411	1.4161687
0.37934408	-0.5012285	-0.9180641
-0.09197909	0.98456323	-0.80185026
-0.23118311	0.7342429	0.7997456
0.30927268	0.6304672	-1.4852347
0.56191206	-0.6374924	-1.1005465
0.48682305	0.57726204	0.71014196
-0.21994334	1.416296	-0.39973706
-0.2719261	1.239016	-1.3295047
0.36220014	-0.42941085	-1.6092694
0.55175745	0.64796793	-0.59524876
0.40900415	-0.47294405	-1.0224582
0.6869253	0.062758446	1.1392726
-0.5790686	-0.25511855	0.25104105
0.117093205	0.42450285	0.037777934
0.64428043	0.38170433	1.2590071
-0.2245605	-0.027060032	-0.021121562
0.79454684	-0.060250938	-1.2214898
0.38146177	0.22221017	-1.3253757
0.8313354	-0.3088333	-0.534285
0.90744007	0.8691226	-1.144288
-0.35043103	0.0873009	0.55626845
0.17367464	0.9905039	1.132324
1.1903615	1.5683944	0.95732504
0.48830515	-1.0290439	0.403201
0.6776283	-0.26784295	1.2844063
0.9499053	0.13524044	1.2008044
0.30767545	0.5353255	-0.13072124
-0.052065015	-0.5998318	-0.41364995
0.38464522	-0.32641512	0.007830303
-2.7355642	-1.1590158	0.02656364
-2.4488406	0.23865652	0.6271082
-0.41759926	0.8475671	-0.6228874
-1.1395257	0.8664775	0.53747195
-0.71819586	1.3063772	0.32696837
1.0602921	-0.20652938	-0.32166374
-0.56762356	0.35159254	-1.4452524
-0.01308167	-0.20447844	-0.39571288
-2.4195468	0.13647282	1.3716359
0.61242753	-0.94050765	-0.6252775
-1.2342482	0.12970686	-0.21893963
-2.4938755	-0.3921417	0.52133816
-2.2580545	-0.43853217	0.6344936
1.2068206	-0.13599509	1.8308898
0.96956086	-0.60349005	1.2935247
0.06806624	1.2873578	0.98297435
0.24161965	0.28920317	0.4374565
0.98899144	-0.39098954	0.17367226
-1.06973	-0.43195254	0.42073682
-3.9468687	-0.20903724	-0.7539179
-2.0554578	-0.6031451	0.40658814
-0.9570934	1.3013816	-0.061866544
-0.14032978	0.08793795	0.27994502
0.9239779	-0.5730275	0.32657522
0.51586664	-1.2678342	0.904039
0.87001765	-0.12043178	-0.5601742
0.13531679	-0.96999264	-1.2938058
0.7677232	-0.78746194	-1.3262776
0.6993099	-0.9359549	-1.3122034
-0.5253088	0.9798877	0.2933788
-0.109671295	0.9416015	0.40977624
0.5898382	0.6339115	-0.0013520457
-0.3915717	1.445436	-0.63618475
0.9649703	-1.1682909	0.6309136
0.57547975	-1.9737632	1.9117299
0.48541448	-0.27542335	0.8250183
0.8681836	-1.1754837	0.9271161
0.7136981	0.028688729	0.07016303
1.391531	-0.53680766	0.25673342
1.1456456	-0.80738765	0.30199194
-0.02166307	-0.9070513	-0.43139565
0.7322252	-0.07922107	-0.5570279
-0.23941398	-0.67242277	-0.57480747
0.4476754	-0.8529296	-0.7508049
1.0671439	-0.7053875	-0.7259118
0.57165396	-0.17946917	-0.15166476
0.16663563	0.76545846	-0.2026327
0.47703752	-1.4511601	-0.6735571
0.05751854	-0.43574187	-0.96367145
0.13565236	1.0003185	1.361544
0.06803161	0.6707237	-0.31892714
-0.51864487	0.5401633	-0.28498375
1.4000981	-0.12474781	-0.5074553
-5.6460724	0.61145353	0.9036124
-1.0445027	0.602692	-0.2715077
0.77651286	-0.16429311	-0.42624053
-3.060314	-0.61178476	-0.02224049
0.07558447	0.092862606	0.72210497
-0.04193312	2.101141	-1.5377029
1.3663411	-0.1980601	0.61802804
-2.5748005	-1.046463	0.49309146
-2.20754	-1.0265443	0.5270745
-1.2865016	-0.99391335	0.876659
-2.2211823	-1.0723723	0.8488652
-0.61850184	0.07894409	0.3533659
1.0147321	0.16669106	-0.3136719
-1.959202	-1.4988983	1.1683427
-0.4190554	0.7622887	1.5526975
-2.6074464	-0.27957302	0.86629367
-1.3951461	-0.74055946	2.2301588
0.54762214	-0.14883524	-0.115616836
-1.219656	-1.6812236	1.1806573
-2.0989509	-0.3767693	-0.17665994
-0.49814564	1.6985357	1.7638814
-0.77465993	-1.306257	0.6525036
-1.3419449	-0.44148046	-0.54216605
-0.3144502	-1.4487484	0.40468302
-0.79847676	-0.42293477	1.6168431
-0.3592704	0.34669232	-0.7283122
-1.7964697	-1.5449095	0.51602346
-1.0567822	-0.75135434	0.9931824
1.2901995	0.027260244	0.9490338
-2.4738278	-0.6678132	0.6421734
1.5570719	-0.015098274	1.0796125
0.60944664	-0.5610914	-0.0985393
1.108164	-1.2102613	-0.11048933
0.81167537	-1.2589428	0.8143259
-0.21571875	2.0943177	0.36615324
1.4313879	-0.5785072	-0.2097533
1.2600607	-0.12106502	-0.43008003
0.49891865	0.5227215	-2.078907
-0.027032435	-0.73044705	-0.42041084
0.25099668	-0.096643984	-0.6378196
0.6661185	-1.2243756	-1.2843399
-0.25413924	0.32249606	1.8920025
0.5176892	-0.46202448	-0.27377677
1.3259639	-0.32492948	0.39965492
0.7497501	0.66320777	-0.3125521
1.2226366	0.078412235	-0.5197407
0.11945063	-0.039838374	-0.44521698
0.13189292	-0.92469287	-2.0102484
0.23808628	-0.16926861	-0.8274932
1.3519123	0.95995593	0.2869803
-1.5531061	-0.89251655	-0.24095163
-0.7362576	1.0861065	2.0795515
0.82400244	-0.5134233	0.013821855
-4.2618523	0.19307697	-1.6064339
0.23874879	-0.3406461	-0.02085524
-0.6002378	0.65412986	-0.6031263
0.6136425	0.31416357	-0.26303148
-0.34972113	0.6249317	-0.18775338
0.07136929	0.87131596	0.56480193
0.43270472	0.6306659	0.741142
0.42307758	0.36721456	0.15020142
0.7214205	0.6428921	0.2621418
-0.014860988	0.9585519	-0.5608665
-1.7552371	-1.177525	0.30268997
0.30590826	0.46024024	1.730675
0.5885205	0.16213155	0.74527305
0.49016097	-0.6312207	-1.2874469
0.38094938	1.4883907	-0.14548874
0.6757298	-0.5421243	-0.7032255
1.3945775	-1.1840574	-0.24052143
1.1401957	-0.5669208	-0.84250927
0.5600327	-0.10686469	0.76946205
0.80122143	0.58873403	-0.42559862
0.7420486	-0.25055343	0.05436847
1.1279628	-0.1335758	0.4799839
-0.35732967	0.8491688	0.64234143
0.75596994	-0.22413057	-0.8164381
0.5467533	0.29082453	-0.7817078
0.7196712	-0.1386978	1.0568756
1.2321899	1.157378	0.15168625
-0.56269497	-0.6045991	-0.7752138
0.35237113	-0.14477223	-0.38987994
-1.5148678	1.6712687	-0.48027858
0.5215395	0.9822962	-0.49449423
0.47397968	-0.17997295	-0.6229836
-0.09751737	0.7208619	0.5526194
0.4314095	1.1173453	-0.043696232
0.42645612	0.20853007	-0.15447387
-0.28578657	-1.1810353	0.21067616
-1.4927113	-0.5060635	0.9284523
1.2551315	-0.45718023	-0.7664652
0.26684397	-0.71486026	-0.9331508
0.66449606	0.13632464	0.4533042
0.89578193	0.2290703	1.1670048
0.111890376	0.22797823	-0.8988101
0.049849212	0.57223296	-1.3622081
-0.81205684	0.638432	0.98567253
0.931902	-0.4890417	1.3104167
-3.6096647	-1.1863449	0.45911896
0.5281517	0.31410635	0.1267193
0.76300114	0.22245455	1.4229218
0.4022024	-0.13548154	1.6778495
-3.036652	0.42281282	0.28493887
-2.7683837	-0.057517946	1.1614504
-0.15542388	-0.5333786	-0.55596745
-0.0487836	-0.12493253	-0.546646
-0.3558548	-0.73670596	-1.6877693
0.48898014	-0.14072645	-0.23289368
0.5033821	0.9422089	-1.5484265
0.6529908	0.8394854	0.21567634
0.93646705	1.60464	-0.37834153
0.19908667	0.73079455	0.7133739
1.0683533	-0.7627816	-0.813764
-1.6020882	-1.2281077	0.22865912
-1.9530494	-1.2156401	0.20643654
-0.34669262	-0.04022813	-1.3982949
-0.3380242	0.80008626	0.27993795
0.2780601	-0.5138998	0.040150616
0.02907306	0.08890855	-1.4045879
0.2686176	-1.2453231	-0.3091301
-0.8285292	0.97646725	-0.62898403
-2.3336842	-0.1853835	0.053990968
0.5346159	0.2502681	0.29607436
0.47395545	0.44486892	1.7074856
0.9799514	0.81331754	0.58472604
-1.9457197	-0.66243327	1.9295536
-0.041915	1.1021147	1.022299
0.8211043	0.029506564	-0.4420401
1.319787	0.41239035	0.33008018
0.6804242	1.3284724	0.5038304
0.30674377	-0.6124129	1.4476899
-0.5037598	1.5901554	0.54396635
0.9580836	-0.47075954	0.49638608
-0.05892098	0.05796218	0.66623986
0.706877	0.71550727	0.60322213
0.60691303	1.3444383	-0.60326636
0.31294635	0.9879093	1.1909618
-0.5769362	1.2197647	-1.3324965
0.57175654	0.6330799	-0.08769614
1.4184798	-1.569555	-0.44509304
1.070883	-0.1956175	0.5843046
-0.41990846	-0.5835044	-0.5232135
0.32119143	0.26644015	0.41665542
-0.29160744	-0.43696487	3.0857253
0.62442636	0.2050134	0.30735335
-0.31168467	2.2227836	-0.47762284
-0.18349761	-0.24070454	-2.384693
0.61090267	0.13177443	-0.6834476
0.96816134	1.1771069	-1.2751902
-3.3505542	-1.2160008	0.47697145
-1.3516786	-1.2466837	0.9706587
0.013655663	0.5916468	0.50964534
1.1483338	0.19731736	-0.29003775
1.0829368	-0.3721614	-0.46657225
-0.021354139	0.46618986	-0.4241901
0.9725081	-0.034540594	1.2132987
0.9461801	0.3755312	2.0637236
0.22097623	0.4142171	-0.030072562
1.0815051	-0.35239643	-0.577953
0.76333773	0.19860423	0.26622412
0.9375214	0.25833833	-0.19910616
1.0288727	-1.4346342	0.6029442
0.5589865	1.0420198	1.9638255
-0.14916003	0.7775476	0.041362748
0.8450221	-1.2339362	1.6190611
-0.91311675	1.4933252	-1.3568039
0.7682311	0.13919377	0.3275875
0.2381301	0.554894	-0.24812338
0.49261746	0.28102088	0.84793055
-0.6254819	0.92575	-0.581617
0.28008056	-0.38169467	0.56291044
0.16699862	-0.2998284	-0.76708835
-0.7262307	0.33356893	-1.9010462
0.69353366	-0.27315742	-0.9555433
-0.7227511	0.09974694	-1.1397415
0.09360343	0.7799797	-0.4953585
0.46258697	0.5818472	-0.5322147
0.27137408	0.4818895	-1.0922225
-0.03183216	0.7498908	-0.048245013
-1.5028057	1.0549779	-0.061481193
0.63267213	0.05764085	-1.6134256
1.2418851	-0.25210154	-1.7782149
-0.1021958	0.5582417	-0.8414612
0.289556	1.1968558	0.43781355
0.0825358	1.1709087	0.67256397
0.6406319	-0.6757417	-1.1967746
-1.8964856	-1.1805887	0.21273279
0.217192	-0.5813236	-1.29488
-0.29874974	1.6159503	-0.454443
-0.16914785	-1.0318354	-0.70349205
0.6955228	0.06666905	0.5665674
0.8207823	0.9698225	0.6108042
0.069150925	1.5009623	0.22521019
1.0092422	-0.41421968	-0.5866738
-0.68316764	1.0003325	1.0639353
0.29010132	1.6527643	-0.08634441
0.5329386	0.03463918	-1.4023528
-0.5358226	1.458154	-0.9027181
0.21850598	0.5135335	0.97133684
-0.48239106	0.85893345	-0.40672004
1.0342907	0.48613393	0.28313512
-1.6605835	1.4612334	0.16497171
0.74800986	-1.2802528	-0.14722651
-0.8063889	0.020253003	0.077646434
1.1178088	-1.2088664	-0.59719306
-0.57868856	1.5125251	-1.3082833
-0.5987031	-0.32682025	0.6681451
0.10745263	0.16461015	0.6451283
1.0902166	0.67122114	-0.4300172
0.10938549	-0.5401854	0.9108953
0.7585963	1.0465534	1.4729763
-2.2860923	-1.3188696	1.0708693
0.2700384	-0.83997536	0.1672287
0.4685204	-0.6893406	-0.6829339
-0.019432962	-0.7286316	0.6041541
1.1270282	0.0027742386	0.45557883
0.79764694	-0.032745063	0.8111454
1.6217914	1.0349956	-1.2472088
0.36518687	-0.20322162	1.0147078
0.61392343	-0.3700518	-0.61926603
0.9121204	-0.052121043	1.3112348
-1.1978831	0.45384443	-0.3283975
0.5410064	0.6644137	0.14830413
0.7322103	0.19405341	0.6737306
0.20325327	0.7207738	-0.24721298
0.64589345	0.21499598	0.5011718
0.57660687	-0.41562122	-1.2077041
0.75980765	-0.3723715	-0.62415975
-0.109184206	2.986143	1.0246603
-0.9945237	0.45281184	1.3123107
-2.5312295	-0.37164545	0.042240713
0.25921386	-1.263413	-0.8007674
0.92028064	-0.41066903	-0.4238008
0.22089696	-0.47449303	-1.7321405
-0.2180627	0.033979118	-0.93693656
1.0147735	0.7461648	0.6341364
-3.137561	0.59115195	-0.037270926
-1.9799254	0.323439	-0.2041719
1.2317611	-0.42800415	-0.36013743
-0.39779752	-0.53814346	-1.4452833
1.1578987	-0.37545085	-1.3979335
-1.3912551	-1.3231701	0.36322975
0.6364208	0.9402045	-0.14549926
0.22861755	0.257437	1.0025446
0.34667546	-1.2436261	0.5452207
-0.29741722	-0.063549936	1.2284696
0.06532025	1.0136945	0.041881893
-0.071033955	-1.0698394	0.37439603
-1.004796	0.035690486	0.05298902
0.25779685	1.7557905	0.81921005
1.1456836	0.18038714	-1.1174526
0.63232684	0.12873936	-1.1262343
0.09981632	0.49957335	-1.5226817
-0.14242363	-0.18482423	-1.0173109
1.0090065	-0.16448939	-1.2522854
0.5918607	0.13535607	-1.5800445
-0.25331348	1.255588	0.9499828
0.13173115	0.19410372	-1.1006278
0.26143184	-0.6084652	-0.14181069
-2.3851767	-0.94331497	-0.68297315
-0.8844393	0.7586583	-0.80158925
0.7965587	-0.08896965	-0.5908139
-0.20980418	-0.13833207	-1.3140322
0.12812376	0.83296585	-1.214148
0.5594111	-0.6470729	-0.6591385
0.26402974	1.1927607	-0.5383447
0.3671377	2.2028852	-0.70299375
0.38183144	-0.044736624	-0.752048
-1.4926276	-1.8209856	0.9204196
0.033083856	-0.5245782	-0.44763607
0.38246545	0.25172365	-0.5399684
-0.3455103	-0.4321788	0.41842008
0.18368131	-0.545866	0.92008704
-0.03936428	-0.117857456	0.5798325
1.0262089	0.3826344	1.4856665
0.78355634	0.33437788	0.34892607
1.5436206	-0.12024236	0.90667963
0.1266805	-0.4263423	-0.94648355
-2.2592213	-1.5089433	0.038751602
-2.1502235	-0.3254286	0.28575975
0.910823	-0.08705479	0.25995046
-0.8498221	1.0884967	0.061213188
0.7162762	-0.3864094	0.34105122
1.1525612	0.10491705	-0.30860686
-2.389063	-1.2012273	0.017097473
-1.95046	-0.93730134	-0.07727068
-0.5678404	0.63447547	-0.60614043
-0.40591222	-0.046869397	0.74143076
0.078725815	1.3584807	0.023824729
0.7814721	-0.26012588	-0.66220856
0.6670061	-0.13549715	-0.77776164
-0.79625195	0.46285486	-1.3323281
-5.17818	-0.23235214	-0.7002696
-3.3448827	-0.11063951	0.035458617
-0.44457227	-0.90181446	-1.6136643
-1.001926	-0.48954177	-0.87626934
0.43698752	-1.2313672	-0.42482752
0.92038965	-0.7928705	0.2146506
0.67203784	-0.60157454	-0.7653325
0.5469191	0.48510945	-0.36702394
0.64269733	0.68017757	-1.5328956
-0.6742287	0.33047676	1.6249125
1.1364214	0.2462287	-0.4176285
-0.21242392	0.17373562	-1.7808285
0.5066203	0.41579878	-1.095579
0.7120531	0.7971579	0.37425858
0.14551973	0.19165146	-0.1208914
0.6784829	1.3049853	-1.1923552
-0.0007416606	-0.058127403	-0.12895072
0.2771122	0.71480167	0.05366376
0.53710854	-0.06598294	-1.1955659
1.4117279	0.49761462	0.45256135
0.024709404	-0.26915133	2.6806402
0.32867932	-0.8912361	1.6447499
-0.8006001	0.0981195	0.10230069
1.417886	-0.40775013	0.18649995
1.4798079	0.050267994	0.11498183
0.7027437	-0.42469543	-0.73787844
0.21051663	0.50171995	-0.95410824
-1.9448311	-1.0465385	0.15008855
-0.7339104	-0.4051178	0.52580863
-1.2925448	-1.684092	0.6837945
-0.48851734	0.44045568	1.0157887
1.6030204	1.0960948	-0.16524228
-3.4529502	1.3356609	0.50059277
-0.20755893	-0.1703915	0.13483164
0.66232854	1.0104215	-0.27972466
0.8113672	-2.1244388	0.62978315
0.016406655	-0.9095898	0.78569573
1.3666762	-0.11316097	0.7645549
0.41677627	0.81692827	0.27198657
0.2812871	0.236004	0.6744875
0.497189	-1.5786088	0.8443113
0.567938	-0.7986585	-1.7946337
0.73451096	-1.0320112	-0.8261941
0.5934417	-0.8513031	-0.6104946
0.7395385	-0.36178827	-1.7437261
-0.41296524	0.4942429	-0.06047543
0.44338953	-0.025167406	0.42916957
1.026411	-0.6534935	-0.64654577
-4.3906755	-0.19323552	0.10099832
0.07392967	-0.1658768	0.4249171
0.13052791	-0.23517853	-1.326444
-0.014002085	-1.7698636	-0.94008905
0.45816222	-0.8094607	-1.9292556
0.2127217	-1.2662864	-0.7326676
-0.45544487	-1.6105412	-0.86034286
0.4790987	0.063852906	-0.54564244
0.83640915	0.14124966	-1.08353
0.520494	0.57683337	-0.6089328
-0.09322423	-0.46907377	-1.9460126
0.29790232	-0.7791528	0.7493398
0.5757106	-0.41385597	0.49660632
0.7999374	-0.114576876	-0.73858386
0.8534474	-0.74225914	-1.4334962
-5.376642	-0.46498537	-1.4848975
0.12701255	0.6690916	1.1512016
0.40988946	-0.43982235	-1.0433193
1.0512025	0.36863744	-0.72437257
0.76115656	-1.0530248	-0.8299647
0.38478497	3.7132483	1.6830513
-2.3896825	-0.9893254	-0.036415935
-1.0697043	1.993402	0.7034517
0.28571787	-1.8647449	0.023707602
0.2551838	0.5096283	1.0476208
1.3273373	0.43714666	0.38096657
-0.43237275	1.1091678	-0.542139
-0.7227408	0.73274994	0.09597133
0.635152	0.8295553	-0.6977787
-6.029114	2.2700958	0.40586352
0.8026167	0.34370553	1.9924219
-2.7531428	-1.2351496	0.8195521
0.8993335	0.9291254	0.96847284
0.3697588	-0.2072748	0.44193354
0.4662282	1.0108689	1.2524096
-1.0117254	1.5550914	0.63904744
0.899631	0.2995367	-0.66156316
0.8384459	0.37902093	-0.7310454
0.48885864	0.041724384	-1.5299597
-0.16091573	0.99466074	-1.0435297
-1.5075443	1.3667574	0.50337046
0.7994498	0.19779932	-0.2834454
0.9851659	-0.1810016	-0.03221619
-0.09407097	0.21287644	0.099962
-0.28609735	0.23437059	-0.827822
-0.21200162	-0.32393527	-1.3722279
0.15734679	-0.29711682	0.32619655
0.7356346	-0.2989334	0.9760994
0.06596601	0.8203156	-0.42850247
-0.4737689	-0.14533406	-0.057317205
-3.2761114	-0.3018943	0.43902436
-0.09787315	1.1831651	0.95886934
0.8089381	0.23987842	1.3066853
0.7932278	0.651749	1.0373173
-0.48619395	1.6866701	-0.688396
0.22927886	0.6401564	-0.107159205
0.51793003	2.1749444	-1.2111531
0.21797639	0.06299496	-0.63377285
-0.9618657	2.0912669	0.78346187
-3.3244317	0.6606195	-0.116773106
0.8473274	-0.9355282	1.3161219
0.6805498	-0.05159974	1.2925168
0.95954764	-0.18678612	0.28053293
-2.7021418	0.013863325	0.59264106
0.3984122	0.5204425	1.4659861
0.17786723	-0.37950975	0.47452697
0.9112365	-0.11787301	-0.008146089
0.5870127	1.2875762	-0.63953763
0.041977644	-0.605799	-1.3065828
0.2627031	1.0228224	-1.6182529
0.49677932	-0.7009923	-1.1390772
0.30298707	-0.5847887	-0.48831633
0.55002993	0.14717662	-1.4300793
0.6500917	0.71054554	-0.8798308
0.44922462	-0.17794615	-0.8693148
-0.49360317	-0.62381655	1.5657444
-0.3536486	-0.5664693	-0.2382046
0.6637602	0.062436223	0.7478008
0.81529474	-0.5169313	0.46647477
-2.4483361	-0.5969647	0.84733313
-0.19715321	-0.444423	0.7957322
-1.3110096	-0.23123455	0.3610208
0.82621205	-0.5088314	-0.53407925
-0.5430853	0.0051621795	0.52245814
-2.0151794	-1.1087414	-0.095471956
-0.4539017	-1.1030737	0.90290207
2.7264123	-2.317455	0.7315673
0.2070049	0.82676315	0.78884906
0.7518084	-0.36806846	-0.14766866
0.22256356	-0.52741385	0.27607295
0.39573613	-0.0013771653	-0.15188557
0.16764224	-0.5820863	0.3735942
-0.50245804	1.2086661	-0.45388255
0.27827847	0.03546083	-0.48018584
-0.21834111	-0.31715173	0.24658537
0.45378017	0.021652937	-1.171655
0.15057504	-0.2986887	-0.8743677
0.37375543	0.14519775	-0.18080926
-0.1369183	0.25819635	0.6240826
1.0529206	1.1596045	-0.4427066
-0.74114937	0.53366053	-0.31974295
0.71625525	0.4802339	-1.1269152
0.56374395	-1.1420196	-0.7775696
0.4147752	-1.3212657	-0.48465618
-0.67869836	0.84962404	-0.28148836
-3.6839678	0.19321465	0.36806464
1.0748404	-0.38209546	-0.9910536
0.96661246	-0.9729002	-0.6613465
0.3300014	-0.21397614	-0.5631197
-0.0030637383	0.41975427	0.9799352
0.41208872	-0.11244309	-0.393147
-0.59734505	0.34335113	0.4921324
-2.227709	-1.5449017	0.5484037
-2.2621267	0.19163609	-0.9416105
-0.6155724	-0.50883436	-0.5339263
-0.30294567	0.27853394	0.27461523
0.7406627	-0.020863175	-0.83519226
-0.4715323	0.16568339	-1.5375656
-1.192574	-0.1358118	0.8397621
-0.16676629	-0.05792457	0.21737725
-0.2857929	-0.92050225	1.7965938
0.16622579	-0.15026206	0.34670362
0.03778422	0.8067945	0.457863
0.037165046	0.17295218	-0.034157455
0.8141674	-0.055443823	-0.8511739
-0.7556562	0.6210617	-1.2942817
0.63891876	0.57104313	-0.08330227
0.9412276	1.1769712	0.20843107
0.7311533	0.16824973	0.7221904
0.5873139	-0.18407553	0.50033826
0.26531523	0.6811756	1.027311
1.0178663	-0.08635783	-0.14640892
0.32649824	-0.009571731	-0.057138808
0.6483439	0.90617573	1.0018377
-0.15806305	-0.37714547	1.1053284
-3.865358	-0.16704434	-1.3837339
0.037021697	0.678267	-0.06339818
-0.2598999	1.5290728	2.1484385
1.215461	1.0942609	-0.3385815
-2.147655	1.6065693	-0.44665858
-0.78413504	0.79590166	0.53179103
-0.29068953	-1.0011905	-1.6018538
-0.7979668	0.65191317	-2.6737115
0.032437205	0.85203457	-1.132287
1.1658518	-0.50178885	-0.045850307
1.0941782	0.5779257	-0.07611648
0.06210929	0.577845	-0.29796627
0.50944173	0.1659491	-0.6338174
0.14427269	1.3159823	-0.81288546
0.9212893	-0.6189811	0.78201157
0.5640578	0.34115887	0.4821995
-0.33048314	1.7083292	0.70343107
-2.1777687	-1.4165733	0.03701982
-1.6580577	-0.6919912	-0.37207156
0.6558229	-0.08347267	0.80456644
0.68102336	0.2563131	0.42755204
1.4028444	-0.09600377	0.49388212
0.24133152	1.2512119	0.05794859
-1.2449965	0.21035063	-0.20776859
-0.09784746	2.2948833	0.8474393
-0.19678563	1.456634	0.21631628
0.44523627	0.098745346	-1.6546018
0.58032346	-0.4179237	-1.1862345
-2.4340715	-0.5226455	0.08028822
0.10890216	-0.04730594	-0.6609071
-0.60954076	0.636076	-1.4671378
-1.0669489	-0.013535738	-1.0417099
0.7706562	-0.24283987	-1.5685
1.2338593	-0.9995564	0.15788266
-1.2203763	-1.6920364	0.13274558
-1.3362556	-0.46976742	0.4078475
-1.5924497	0.7233819	0.8120067
0.44516796	1.0922856	-0.17681894
-0.09172213	-0.4930036	-0.035441294
0.09813613	1.6756988	0.60296744
0.34683403	-0.31460637	0.65684634
0.8282741	0.27374554	-0.15449819
0.026174009	0.40880406	0.38942385
0.10111648	0.12236488	-1.1921554
0.25561392	0.755263	-1.0390201
0.40726024	0.17089772	-1.5408721
0.8802274	0.35712874	-0.5794927
-0.4545588	-0.4479869	-2.0224807
0.7759512	-0.04641676	0.58363557
0.69472975	0.13644767	1.2411292
0.58061445	-0.85519207	-0.113397114
1.210505	-0.25918692	0.9126649
0.7494818	0.066942215	0.9587695
0.29051435	1.2820928	-0.15119684
0.65740263	0.1567154	0.7180581
0.7678396	-0.13280058	-0.09566004
0.94060016	0.6098511	0.72326994
0.88898635	-0.19556665	-1.2877654
0.9142002	0.23640311	-1.2716118
-2.4052536	-1.3888055	0.011205658
-3.5452316	-1.272578	-0.24208024
1.0747936	-0.48451898	0.39346996
-1.0805755	1.0360937	0.015861109
0.33667305	0.33117104	-0.21033338
-4.903264	-1.1957628	-0.26585105
-0.3863296	-0.6350018	-0.40967402
-2.8299644	-1.7660162	-0.05884637
-1.6010201	2.701198	-1.3349562
0.6935134	0.42404592	0.1633249
-0.06281912	0.4673549	-0.13474381
0.31653947	0.4019915	-1.3448346
0.110251725	-0.21524692	1.962293
-2.4569304	-0.21060264	0.15843612
-0.11664307	-0.5214281	0.517654
0.15201962	-0.82814103	0.8722761
0.52416396	1.7304778	0.00827118
0.6132325	0.8567177	0.10178427
0.51465523	-0.19436866	1.4261452
-3.0827193	-0.60957193	1.2345228
-0.106597245	-0.3132046	-0.86997217
-0.8027571	-0.8651181	1.3767434
0.79324734	-0.18972766	0.62322974
0.9100101	1.4230237	1.1474811
-0.36431056	0.59074914	-0.7672123
1.5623969	1.517071	0.33963856
0.042797506	-0.19079179	-0.18337473
0.7929429	0.8001404	0.85592407
-0.56405205	0.5499997	0.32392862
0.062363565	-0.5887637	-0.5722918
-0.024502397	-0.29989916	0.6617718
0.19418061	0.7708545	0.8310718
0.77726936	0.15004492	0.12750316
0.58773005	-0.3316893	1.7022705
1.0724863	-0.54855293	0.757842
0.8798123	-0.55585724	0.065522976
0.5737437	1.0412858	0.55282086
1.5319014	0.11820352	1.1108558
0.8690452	0.8940407	1.2946243
1.2480123	0.76145077	1.9018868
0.48448426	1.9991572	-0.22852868
0.25554225	0.73612535	0.8652029
-0.73272306	1.1821902	-1.4566078
1.3862369	1.0215569	-0.9577228
0.603365	-0.1253773	-1.325616
0.4919961	0.86607444	0.019505575
0.2618269	-0.14772016	-0.72171336
-0.14635533	1.5754318	-1.9551046
0.49983525	1.0172442	-0.58994424
0.85162985	0.19096172	-0.6512364
1.1171821	1.060316	-0.2552695
0.81968063	-0.68634206	-1.8115369
0.12725759	0.39255714	-0.6716143
0.56203586	0.6033392	-1.0514392
1.3743155	0.18211293	-0.9676554
0.34422374	-0.1702823	-0.55326664
0.51715374	0.15036619	0.13002124
-0.3913769	0.1748203	0.59494364
0.15719658	-0.17842233	1.2383698
-0.47588152	1.5452423	1.6407142
0.1903826	1.0726142	1.157964
1.5808866	0.63738525	-1.3639717
0.24038148	0.21882153	-1.2576406
1.042434	1.0531496	-0.15937209
0.6441748	1.2939477	1.369671
0.11430073	0.35214126	0.3489833
0.67566806	-0.9192032	-0.11758832
0.3473002	0.8543359	0.2320424
1.4576966	0.2940104	-0.805511
-0.52173847	0.2819003	-1.2356427
-0.8074536	0.9378538	-0.061862804
1.3834147	0.9468169	1.6053805
0.51884925	0.30965197	-0.32249
0.35281086	-0.8466402	0.26698816
0.56308264	1.2186747	0.11206446
0.4420176	0.456295	-0.7946392
0.55318975	0.77403426	0.18422958
-0.099081516	0.5400361	-0.995263
0.45907328	1.25595	-1.5843486
0.99694926	0.4325539	-0.3866647
0.9395702	0.6225885	-0.30496207
0.42237335	2.0250075	0.012626596
-0.17732382	1.6293943	-0.07716149
0.37070867	1.4941528	-1.5841874
-2.7174215	0.01067692	-0.46487734
0.39523748	0.1455493	-1.4546492
0.20931011	-1.4595292	-0.3916581
-0.8154629	-0.91595757	-0.43600821
0.18000907	-0.34032917	-0.49835572
-0.4254964	0.0072027445	-1.0995364
-1.5475178	0.092817426	-1.4085048
0.7878115	0.3713398	1.1371285
0.39413023	-0.817449	-0.21278203
1.5278103	1.0126226	-0.04930141
0.7678613	0.1888355	-0.8807078
1.4586698	-1.8204973	0.010587826
0.106763124	0.8531027	1.510364
-0.11023009	-0.5061132	1.3818122
-1.2424884	2.1309845	0.47061148
-0.12904608	-0.6473564	0.17760754
-2.8609736	0.24232888	1.7216433
0.36161134	-0.31044805	-0.77056575
-0.14875185	-0.05276686	-2.2786493
0.38873327	-1.3861084	0.95464456
-0.14977169	-0.8581764	1.2399213
0.80226105	0.47592628	0.69276446
-0.51919883	-0.5585663	-1.7036754
1.444019	-1.261772	-0.8275845
-0.77301794	0.038820088	-0.3229056
0.5689477	0.132689	-0.39236808
-0.32264954	-0.42084822	-0.23601887
1.5610555	-1.2264802	0.7225004
-1.9167047	-1.3291966	-0.25323248
-2.0505013	-1.2795367	0.21390146
0.40389204	0.14093995	0.6996876
-0.106974125	1.1098588	0.1987187
-0.22463912	-0.61986494	-0.24794066
0.35024765	0.3031962	1.3729641
-1.4723806	1.4400613	-0.66618586
0.61045974	0.1305573	-0.466763
0.079541266	1.0564559	0.6979913
0.76453495	1.0653378	0.14411576
0.8846947	1.177434	-0.28469303
0.049818218	-0.03204161	0.7104517
-0.35916656	3.1058035	-0.08036514
0.6651299	2.1948218	-0.014744315
1.0582119	0.8269007	-0.95641017
-0.025324702	0.39323807	-1.403675
1.2647748	1.790997	0.31426525
0.6208312	-0.6171679	0.18064445
-0.90814465	-0.65276754	0.5826985
0.2496787	-0.057097137	-0.026473992
0.4631244	0.87745833	-1.6642095
2.1695457	-0.3854077	0.26861346
0.25722647	-0.5015741	0.5363312
-0.50544316	-1.0238018	-0.69016296
0.55015147	-0.49830988	-0.31094545
-1.8284314	-0.6676769	0.110305496
-0.34426302	-0.3961324	-0.24582803
-0.29652923	-0.14944738	-1.7867033
-2.6025772	-0.1985299	0.38225096
0.87719434	-0.7097986	1.4073185
1.0916321	0.30843818	0.21398959
1.075089	-1.0383371	0.1536927
0.84946525	-0.01177758	0.63893175
0.6211446	-0.17809361	0.288828
-0.22252917	1.4826138	0.7147629
0.85280097	0.19308865	1.0140307
0.84944475	-0.22464788	-1.2586446
1.0327997	0.94699085	0.77903605
-0.45764667	2.336388	0.29429182
-1.1279278	0.19789529	1.0082545
0.40128228	2.1706278	-0.26762676
-2.2686636	0.7502724	1.0708475
-0.6601154	-0.085776985	0.786936
-3.9951007	0.5148406	-0.29971534
0.42846417	1.0125525	-1.2561895
-0.25659186	0.4926039	0.14408767
0.3709929	0.81827617	0.38048333
-0.088002086	0.69041264	1.3516049
0.5914703	0.58704555	2.158114
-1.5597162	0.22627306	-0.28936556
0.5950991	-0.6520612	-0.69774324
-1.5532954	-0.27211225	-1.6834235
1.7136407	-0.6605998	-0.64975625
0.19212842	-0.36103976	0.34156153
-0.4738434	0.09954882	0.66997796
-2.4483373	-0.9350411	0.45393747
-3.0689342	-0.73875713	0.2688058
-2.50978	-2.1041214	-0.15692902
-2.8510835	-0.20741165	0.29519495
-0.036696315	-0.9127401	0.66492176
-0.20112765	-0.3702433	0.11289457
1.475709	-0.49352568	0.44561416
1.5279453	0.4198501	0.8306149
-0.2824791	1.2930479	-0.12854055
0.6315735	-0.32700628	0.30051336
0.5587857	0.38819504	-0.7117287
0.16769534	0.24553704	0.23366904
0.7898642	0.17576408	-0.8589147
0.60412395	0.72035086	1.0736207
1.7144353	0.09654307	0.32044065
0.9336223	0.44353807	-0.60801077
-0.9963587	-0.48997632	0.19927377
0.2107237	-1.0167344	-0.2699004
-1.5383916	1.2204108	0.6988736
-1.3673413	0.094365	0.45058018
-2.286737	-1.8734858	0.13488834
-0.311961	-0.57283807	0.73951083
-0.86574787	0.83673275	-0.3461043
0.99090356	-0.17282903	-0.5018688
0.38144898	0.14372289	-1.0818428
0.3890498	0.8732563	1.3401426
-3.8251436	0.27756536	-0.61693496
1.1666431	1.7393892	-0.83026344
0.0056720376	0.9013494	-1.5209857
0.04998195	-1.1612089	-0.7377552
-0.34737045	-1.799979	0.8221875
0.45848137	-1.5336692	-0.07785923
-2.3398812	-0.69970757	0.15281543
-2.096004	-1.2700999	0.51304644
0.78574544	-0.34990448	-0.4205682
0.4102036	-0.41980302	-1.0716692
-0.1302157	0.63077974	-1.8627979
0.3979547	1.1202264	-1.4423902
0.86394817	0.9111651	-0.22884366
-0.040554583	1.0000716	-0.88894016
-4.592295	-1.2794297	-0.2224235
-2.1985304	-1.5735489	0.6447903
-0.28717595	0.56230605	0.5940847
0.7568885	-1.5074328	-0.11997596
-0.45762187	-1.2514348	-1.2664248
-0.76946825	0.2734934	-0.7159872
0.02353543	0.123773456	-0.9963187
-0.26793176	0.093070745	-2.0601795
0.8738313	0.36281455	0.24141732
0.5745595	-0.30460697	1.8161546
-2.9408665	-0.76812327	-0.38392687
0.7911654	-2.3047142	1.5446197
-3.229808	-1.3653796	0.74418336
-0.5080343	-0.023921132	0.5748029
-0.28292185	0.648623	-1.2031355
-0.031805694	0.13076389	1.0091419
-2.448639	-1.4728305	0.28569934
-1.6925697	-0.08598417	0.67670363
0.6456559	-0.9107949	-0.57661575
0.4000761	1.2456024	0.404277
-0.4377132	0.9586098	0.08618783
0.7339009	0.1975708	-0.38946167
0.8779816	0.75335324	-0.4543341
-1.214042	0.6107012	0.21149617
1.3117228	2.1300573	-1.410588
-0.39554125	-0.7933415	0.8595473
0.46476644	0.082711935	-2.1048288
0.14544773	0.9691273	-1.5387484
-0.02983874	0.08277404	-1.2414713
-0.09563702	0.8113626	-0.71869624
0.73626125	-0.65452206	0.1148599
1.2199426	-0.16949505	-1.091805
-0.25492066	-0.14432997	-0.3221319
0.22034085	1.0563159	1.2295203
-0.19165367	-0.107075214	0.3200422
1.0287666	-0.21851784	-1.5013859
0.7362362	1.8060534	-0.66195035
0.47550157	1.2885926	0.66792357
1.0763304	0.4879024	0.5102595
-2.1142423	-1.2973753	1.4066496
-3.5888107	-1.0936027	0.16726515
-0.10298872	0.31870973	0.8343659
-1.4236939	0.5686823	0.40753365
0.8892125	0.43028593	-0.95082265
0.36390328	0.7500793	0.0833386
-0.08913112	-0.47268707	-1.6432326
-1.2740159	0.115653515	-0.8210123
-1.1878085	0.26401556	-0.62622815
0.8022776	-0.13260716	0.054835543
0.30038646	0.04988575	-0.07532997
0.62550974	-0.059906185	-1.7107978
-0.6494009	0.9890858	-0.2608418
-0.70202273	0.7592665	-0.8581375
1.4495065	-0.71225655	0.14757267
-0.20221978	-0.44140878	0.20940399
1.0710831	-0.6874245	0.3767263
0.7630614	-0.10556632	0.14484808
0.40933785	1.9943352	-0.23717368
0.79136735	-0.48375213	0.23370963
-0.7553553	-0.18708318	0.45117745
0.43635902	0.17706072	-0.5615857
1.6287642	-0.3433494	-0.045239456
-0.52385026	2.0596714	-0.2899789
0.68719417	0.26517057	-0.3460412
0.23741478	0.4039148	-0.08729596
1.210627	0.44390798	1.6223978
0.95245945	-0.47547662	0.6027893
0.51823807	0.24393177	0.2931129
-0.19310766	-0.10770118	-1.6148002
0.7336917	-1.1660817	-0.54785967
1.025692	-0.114791274	-0.31193566
0.30109176	-0.40249032	-0.27352637
0.9135115	0.28665733	-0.84103656
1.2635326	0.56219816	-0.13718113
-3.0769134	0.6869502	1.2441062
0.8504475	-0.16932797	-0.62792224
0.6929993	0.72298574	-0.28180957
-1.4849222	2.2369823	0.1909993
0.79536915	-0.33039337	-0.6808855
-1.7191708	1.5864644	-1.3548044
0.22259992	-0.17359126	-0.62402713
1.2193393	-0.3724563	-0.9803753
0.30706185	0.16442299	-0.40725994
-0.510449	0.07397503	-1.1616251
0.5810169	0.058602512	-0.84115607
0.5759647	-0.42875558	-1.0972198
0.3232021	0.5121329	-0.607383
0.2236337	0.9667591	-0.43212095
-1.5077696	1.5443366	-0.5449633
0.20629954	-0.3204456	-1.0962932
0.39720184	-0.23612052	0.45090398
0.19488716	0.16204226	1.7919965
0.35741004	-0.4526777	1.4383295
-1.977268	-1.5634592	-2.0864942
0.49525133	-0.47243246	0.43725112
-0.54886204	-0.42962325	-0.56725365
-0.6682494	-0.2960897	0.4061379
-1.2443397	-0.5489055	0.07317399
0.325356	-0.82724416	1.0569012
0.19273818	-0.64103305	0.28397566
-0.7158682	-0.872941	1.2461159
0.4539533	1.8562164	0.9171046
-1.6092539	0.13292682	0.052766915
1.0713899	2.2217655	-0.85361207
1.0503864	0.09541309	0.96320623
-1.3025844	-0.7318197	-0.9402276
0.31678638	-0.8917718	-1.4475211
0.33026809	-0.4548032	1.9747435
1.0827957	0.21202576	0.33427954
-0.78102964	0.9967685	-1.1217244
-1.508589	0.24833798	0.7976846
-1.1639311	-0.73175955	-0.15750545
0.49555954	0.32423985	-2.0543199
0.29488367	0.608081	-1.0644588
0.3617484	0.22809231	0.40529066
0.13901907	-0.80107945	-1.3770776
0.4106617	-1.1070919	-1.0401664
0.5464792	-0.047363877	-0.6007467
-0.94415265	-0.39370537	-1.3293332
0.07428104	1.477557	-1.7736725
-0.030955732	0.1501832	1.0586236
0.6524155	0.37116897	1.4201126
-1.4784319	-0.3928517	-0.10958273
-0.8123464	1.4058194	0.99405855
1.6708275	-0.45001835	0.41328087
-0.86846787	0.12501645	0.40630296
0.76082987	0.22663593	-0.9254841
0.024178982	1.2524652	0.36963263
0.57762814	0.18105555	-0.15649635
-0.9474842	-0.63618004	0.34925112
-0.08482635	0.14703345	0.014898147
0.24464661	0.44378436	0.6789665
-0.25206822	1.1416371	0.77869654
1.2903261	0.48880112	0.4285002
0.7379791	0.08180785	0.5111734
-0.03793758	2.48199	0.595849
0.8565342	0.7452266	2.2333033
0.6050786	-0.24426407	0.1067821
0.6762178	-1.0916418	0.04830212
0.15594524	-0.48373526	0.568638
0.32552382	-0.42615956	0.09287313
0.5440754	-0.077256024	1.2402893
-0.6789958	-0.29220253	1.1206033
1.4535252	0.13773155	0.5322753
-0.14006793	-0.6820474	-1.0795352
0.8672273	0.015796244	-1.5508573
0.76585656	0.17409062	-1.3222347
0.04155928	-1.2480494	-0.5735649
-0.1849609	-0.9861537	-0.6716306
0.57479745	-0.42499164	1.0877614
-0.30494648	0.9139482	0.42042264
0.25775507	1.2554221	0.0661868
0.15635312	0.77462244	-1.3686377
0.21275777	1.1582382	-0.25227296
1.079576	-0.32235926	-0.5953259
0.89720756	0.16120386	-1.0330489
0.8035685	0.8676019	-0.13566378
-0.6415182	-0.031048954	-0.39204356
0.60219383	0.31615102	0.67991436
-2.5077584	-1.0464833	0.07079206
0.9071688	0.1326114	-0.43331638
-0.79373854	-0.4433906	2.0609791
0.08597243	1.6196296	0.80078185
-0.18420035	0.06551099	-1.0651766
-0.44417542	-1.2390728	1.070277
-0.11822355	1.4233708	-0.49502203
-1.0510247	-0.6062826	1.5163195
-0.11904585	0.17292774	-2.1167388
0.5093912	2.2151895	-0.11016669
1.0978264	0.31599915	0.07204844
0.4266182	0.062113225	0.25413263
0.28562668	0.29502606	-0.65821517
0.2210306	0.21049511	-1.2573916
0.6030289	1.5951438	0.01412116
0.6776816	0.9783845	-0.18149552
-0.043684006	0.72963977	-0.24091455
0.063320816	1.7217724	-0.31387225
-0.105163455	0.31193638	-0.23799983
-1.0459945	1.1318145	-0.9744723
-0.26321787	-0.90922713	-1.6935401
0.43000025	-0.86106056	-0.21821237
-0.44587952	1.4550314	-1.2987387
0.19284993	-0.21568382	-0.58167744
1.3212919	-0.30330312	-0.35269055
-4.793596	-0.44292608	-0.3164202
-3.4751484	-0.7402916	-0.25627968
-0.82251483	2.1869514	0.5536969
-5.0776477	0.7945492	-0.820176
-0.18200177	1.3345156	-1.1010035
0.39690188	1.2543514	0.31356743
-3.2386937	0.38691914	1.3346182
-2.6598375	-1.5483501	0.68207145
-2.2741055	-1.2828189	0.23478425
-1.5897491	0.7956432	0.33135423
-2.6452932	-1.0979751	-0.65842533
-1.7210906	-1.031856	0.44219938
0.06972003	1.6443133	0.5243317
0.37454924	-0.30747628	-0.39022085
0.33349487	-0.9827853	-1.1785674
0.3245958	-0.68706095	-0.6016067
-0.5982681	0.42830276	-1.2259951
0.027589858	-1.2885532	-0.23830608
-3.3805277	0.40182543	0.15946952
0.38375717	0.32517588	0.82592046
-0.10683203	1.1669104	-1.0986382
-0.6737055	0.6076617	-1.0796814
0.9681493	-0.20461714	1.1421083
0.891328	0.075654685	0.32299548
-2.1365356	-0.54104805	0.008862436
-1.5180645	0.7239269	-0.06098862
-2.535684	-0.8548026	0.48025638
0.80669564	0.6837423	0.9592674
0.26167142	0.3543234	-0.60145974
-0.114399314	2.45264	0.21523955
1.4715483	1.8319602	1.1620526
-0.07801312	-0.101805985	0.95485246
1.0665803	-0.084453225	0.2894148
-0.087632	1.4707775	-0.23986146
0.114070654	0.06249863	-0.44512138
-3.1221557	-0.16158843	-0.6837872
-3.6831005	-0.08798921	-0.20880958
-0.36266202	0.22738302	-1.6616821
-4.9311695	1.594111	-1.5211802
0.8201493	0.8039378	-1.0112147
0.56228125	1.1034343	-0.033650286
-0.42903548	1.0815079	-0.94343567
-0.14709866	2.684607	-0.11848327
0.8939913	1.7287579	-1.3962357
0.49785373	-0.042217016	-1.3935808
0.036199033	-0.52418363	-0.6786658
-0.20159286	0.23974311	-1.3762407
0.61471635	0.3500135	-0.9918612
-0.07687086	0.99808705	-0.5164091
-1.5781496	-1.0974346	0.1905232
0.6258292	-0.13830769	2.3710163
0.7065323	1.3897336	0.17855063
0.2807827	0.617507	0.72220063
-0.42376024	0.71411955	-0.80296594
1.1132011	0.13942814	1.0579485
0.92251515	-0.2434591	1.0486506
-0.35242778	-0.2922734	-0.05789549
-1.8439867	-0.43227062	1.2379632
-1.2993863	1.6472249	-2.0973685
0.8057849	0.6137272	-0.22960761
1.2067139	0.21188855	0.69617534
-1.0516973	-0.36695802	-1.8915544
-0.85760146	0.26173186	0.119369075
-0.31170374	-0.29564983	-0.41985032
-0.21202326	0.032582402	0.07249041
0.7944855	-1.1760355	-0.31760868
1.2876784	-1.2775487	-0.37683997
0.5437583	-0.7783525	-0.7373442
0.14891857	-1.6411881	-0.93079805
-0.91819996	-1.0919379	-1.3037897
-0.495933	-0.44705197	-0.08841089
-0.17503929	0.20769215	-1.3342274
-1.5488918	-0.7084681	0.3552958
-1.3029847	-0.79529303	1.2554078
-0.21889818	-0.969122	-0.38842824
-0.24715596	0.6615902	-0.29534554
-1.127866	0.29604244	-0.9329389
-3.1764739	-0.8294133	0.7620518
0.015191436	-1.0608641	-0.2511782
-0.028754294	0.48339927	-0.018985212
-0.42819387	0.06679624	-1.4606136
-0.43556398	0.771384	1.2400644
0.4255985	0.8926041	0.84107876
0.9979636	1.0416089	0.4204224
0.06471956	0.0642845	0.92196727
0.13441473	1.2752259	-1.0854591
0.32433468	0.5399729	-0.07603827
1.2558656	-1.2815809	0.6141312
-0.2745853	-0.24390566	1.3870666
-2.1146104	-1.568381	0.055626784
-4.36039	1.702735	-1.2073607
-2.2038114	-1.4297297	0.4210029
0.58675694	-0.13868922	-0.12018599
0.077759504	-0.09077728	-0.32900172
0.0076076984	-0.13884747	1.151722
0.9882108	0.14892924	1.1692986
0.09020573	-0.616325	0.73277205
0.2227745	1.6464429	-0.8025786
0.672923	0.7397429	-0.6502527
1.6084411	0.19081128	-0.28787085
0.6804762	-0.3453974	-1.4925565
-1.1815982	1.6445601	-0.88305825
1.1792065	0.19818497	-1.5583435
0.40017787	0.42962074	-0.03761498
0.7058556	0.50837374	0.4466395
0.56362647	-0.18887717	-0.7812184
1.1678423	1.0615686	-0.7471913
1.42891	0.43610418	-0.3689008
-0.74288756	-0.46761027	0.989297
0.50132775	2.3809056	-0.103960834
0.12751073	-0.6860307	0.5752471
-2.8429475	-0.84596384	0.40063804
1.3582346	-0.11735499	-0.5958621
1.366579	-0.45603022	0.4655613
-2.4794717	0.7243229	-0.9326885
-3.2740228	-1.0333055	0.9109432
0.6537955	-0.61275166	-0.7525596
-1.7624893	1.254803	0.2046231
-4.097922	-0.9366114	0.09239143
1.8069482	0.6899563	-0.23527947
0.8691668	0.6865194	0.09665981
-0.096895635	0.35705483	0.17153133
0.44981647	-0.11141366	1.2890983
0.26918176	0.3725952	0.5984092
1.2374735	0.59414566	-1.1935933
0.80714595	-0.31020015	-0.8801179
0.49347502	-0.462045	-1.115582
-0.14343369	0.5584152	1.4093451
0.73021936	-0.77140236	-0.2817848
-3.5819318	-0.4737769	0.0075592324
-0.033357263	0.8101857	0.3623585
-1.6348231	-0.9767649	0.7526929
-0.97013825	-0.20947623	-0.4506177
-0.1614458	0.5881425	0.5986509
-0.0022013187	1.125706	0.1377812
-0.015672445	-0.27172244	-0.89406943
-0.8847092	1.4964368	-2.8706136
0.7057396	-0.67408764	-0.28035086
-4.128876	-1.1162271	0.30773765
0.623546	1.0941534	-0.1756593
-0.6977342	0.9595934	-0.0346608
0.3977033	-0.26354676	-0.859061
-0.00057035685	1.909462	-0.034601122
-1.1912568	-0.73610127	1.2689883
0.90094954	0.4749906	-0.48839846
-0.53495115	-0.23951483	-0.63620615
-0.74061483	1.338361	0.53222954
0.8935484	1.5053735	2.4377584
0.3667101	0.05086541	2.6128643
0.20359498	1.233511	-0.37636527
1.3342676	1.5762591	-0.7196011
0.6836879	-0.2403391	0.16354638
-1.0159457	1.5325623	-0.35363337
-2.8251314	-1.042347	-0.11524259
0.028281152	-0.2692806	0.94062763
0.254395	-0.26708102	0.38060924
-1.2898803	-0.6936756	-0.22581476
0.52928996	0.33806276	0.8982287
-0.560594	-1.8156481	1.0984327
-0.30033857	2.7990832	1.3681847
0.5044749	0.59716105	0.5917404
-0.55646306	-0.30161178	0.42187327
-0.18979406	1.7594912	0.09305211
0.42302927	0.76040995	-0.57179576
0.4997134	2.220972	-1.057332
0.54166555	0.8395498	0.36655542
-0.93074757	0.8571166	-1.7226744
-0.9884446	0.2453233	0.14019534
-1.4289377	0.029306948	0.63945204
-0.4875881	-0.8583036	-1.1489396
-5.759434	-1.017603	-0.46065608
0.29317212	-0.76760674	-0.26714835
0.5749918	0.9316665	1.1350806
0.22212756	2.258529	1.1841425
-0.7946287	1.5510776	1.1930488
-0.6287716	1.3149428	-0.83100915
0.0801599	0.25879717	0.46062738
0.58780855	0.75433934	1.5048374
-0.8251609	0.69165456	-0.18115065
-0.023985982	-0.24828833	0.28139627
0.50551814	1.3033941	0.46028084
-0.11259067	-0.12263185	-0.5674293
0.30157438	-0.67572224	-1.1522863
-0.47984642	-0.39585435	-1.6081318
0.321142	-1.3495932	-1.578608
-0.37203938	0.8947642	1.4537048
-1.1695969	0.11853814	1.4883717
-0.87128884	-1.2588632	-0.18627787
0.023942053	0.045446157	-0.7948888
-0.0845595	-0.35172117	0.57415926
-0.70685977	0.7993958	0.12931429
0.28822383	0.47650015	0.9263255
-0.68166393	0.4443848	0.40708724
-0.8074052	-0.9543265	-0.38036495
-0.5660847	1.043585	-0.8628508
0.6936679	-1.2154466	-0.6105396
-0.3327071	-0.2913707	0.7404719
-0.22967124	-0.21446651	0.25022912
-0.236983	-0.12868488	0.6190695
-0.025288701	-0.6193154	-0.08424548
-0.5901268	-0.94292414	-0.20938951
-0.39795083	0.09993434	-0.9374111
0.2423715	1.4210036	0.14429623
-0.25748044	0.44016683	1.4356226
-1.0910268	-0.8933047	0.9440963
0.7552815	-0.5556592	0.91734254
0.94297105	0.23724055	-0.08797664
1.103482	0.12324035	1.2570938
0.04701084	0.21238136	0.7278213
-0.3560304	0.024364471	0.7184456
0.106280744	0.48142922	0.8565042
0.4991613	-0.043691576	-0.2907157
-0.006591499	1.9043665	0.9484251
1.5722444	0.42870057	-0.8039933
-0.20849776	0.8275677	-0.10713086
-0.2762069	0.6876471	-0.07954509
-0.65013796	0.15176082	0.6599762
0.034261048	1.465462	0.7603728
-0.4300894	1.6941936	0.642331
-3.1933858	-0.1964745	0.46160868
0.28801182	0.70720506	0.3131395
0.80125177	-0.1237095	-0.4525577
-0.7383414	0.85200655	0.8249691
0.43529418	-1.2493361	-1.3041353
0.869818	-0.6219844	0.37798136
0.33214155	0.24953628	-0.44993177
-0.45553964	-1.0010743	-0.1715202
-0.7573895	-1.6551127	-0.0943337
-3.079535	-0.27848035	0.39060527
-0.88454586	1.3636856	-2.2463925
0.28485462	0.037655056	-0.135315
0.4159445	0.46039975	-0.6533356
1.0250183	0.5670315	0.2541383
0.6835865	0.4151219	-0.7769603
0.6020933	0.10515714	-1.3966976
0.6474523	-0.80593383	-0.8227602
0.645156	-0.045113087	-0.6805899
0.88236797	-0.5612149	-0.41616714
0.7892975	0.24011242	1.1536252
-0.14436245	0.38981688	0.26336786
-0.078375936	2.471729	0.312656
-0.19693238	1.6914937	0.041093163
-0.40864795	-0.6463435	-0.7872903
1.4683475	-0.05668485	-0.760749
0.5878581	-0.86675924	-0.28711778
0.62660223	0.086845756	-1.6376737
1.0166676	-0.4349509	-0.14256632
-1.0324898	-0.3629824	-1.2880771
-0.27480704	1.9136806	0.7467554
0.95406115	1.4416511	-0.58838636
1.0308021	-0.5892997	-0.982489
0.5220379	0.24785602	-0.60054576
2.0428066	0.5351664	-0.3626524
0.09110582	1.3744607	0.9527068
0.93471193	-0.7714931	-0.00930272
1.9119575	-3.208348	1.8094645
0.32558188	-0.5973438	0.52558124
0.45863175	0.5169866	0.82274383
1.1418195	0.16556096	0.46326113
0.96306527	0.14049363	0.910946
-2.5038114	-1.7510704	0.53141373
-1.1493208	-0.13862896	-0.62119293
-3.8396766	-0.06335056	-0.39898282
0.70254445	0.35738552	-1.4339811
-0.5494588	-0.6591209	-2.7684922
-3.799723	-0.380871	-0.072807685
-0.5493482	1.1557207	-0.51988906
0.08532971	0.70330966	0.67586124
0.18841684	-0.10417169	-0.12885955
0.2653217	0.1554116	0.81777453
-3.2103965	-1.3327932	0.13562852
0.41891414	0.53908825	0.25361022
0.012644947	-0.31021142	0.59623307
-1.2966106	1.5757072	0.09584857
1.9214876	0.037522018	-1.2322766
1.3699865	0.34830916	0.20853508
0.03188026	-0.052197933	0.48882908
-2.679235	-0.68741864	-0.08926896
-0.33615977	0.5008006	-2.6898468
0.4356432	1.7944815	-0.8937191
-0.33968514	-0.5511243	0.3748163
-1.3749309	-1.4040759	0.9224432
-1.6381657	-0.8977224	0.98974067
-2.4734828	-0.34320378	0.29678777
-0.48539394	-0.099164605	-0.16610539
0.30970573	0.12648082	-0.4691089
0.55195826	-0.01864028	0.23175523
0.87896335	0.0226627	0.12300246
0.023351252	0.7848996	0.38201272
0.024436653	0.42708373	0.258987
0.66770655	-0.15707237	-0.3407685
0.9817819	0.07546693	1.2515726
0.1248073	0.12760353	-0.5434461
-1.7424574	0.040974796	-0.43135363
-0.7188876	0.6702961	0.35374525
-0.51422685	0.8587109	0.008853566
0.9932872	0.4316244	0.9410862
-0.023846388	1.0386745	-0.9778811
-0.57347494	0.6217952	-0.34936604
0.37465167	-0.20161378	2.6142642
-3.2433567	2.1351013	0.62907046
-0.7051222	1.6956532	-0.12754813
0.3404968	-0.0764789	0.090350464
0.405159	0.57432294	0.16082823
0.15713346	-0.11152589	1.2879885
0.99860865	0.21165729	-0.21122694
0.29556257	0.050720513	-0.4608259
-0.42432147	-0.3384151	0.09823576
-0.076222956	-0.36067635	-0.5647773
0.52341104	-0.08751339	0.33778328
0.12449223	1.8838885	0.492637
-2.5957093	0.6542022	-0.5093674
1.1877463	0.58739376	-0.15971544
0.19740885	-0.043372214	-1.3206798
0.28434664	0.23874176	0.51094514
0.6036241	-0.23379523	1.8400713
0.07943106	0.5282824	-0.7620534
-0.18478584	0.22977114	-0.43978748
0.5179864	-0.44057462	-0.80697066
1.4882396	-0.18517655	0.9771834
0.6073545	0.35704112	0.86572146
1.212954	0.429937	1.4640701
-0.31365055	0.3381859	-0.7162777
-5.739647	-0.22522557	-0.89711374
-0.10275358	-0.12753713	-0.527195
-0.055390835	-0.52235705	-0.38924643
-0.6335347	0.5503174	-1.2515596
0.64705604	-0.064433634	0.9499345
0.5297031	0.45758128	-0.8545864
1.129341	-0.36731726	-0.39495587
0.15079808	-0.5041013	-0.030092686
0.14988846	-0.8767214	0.13468048
0.24310088	0.57087123	0.48753384
0.7619952	-1.2453306	-1.1493567
0.11490822	-0.34149092	0.4085822
-2.339163	-0.5149888	-0.7180724
-0.018277109	0.9804802	-0.9559045
0.9575479	0.80301166	0.40342334
-0.2952549	1.4428701	-0.70610684
0.16862833	-0.6737983	0.16803932
-0.48730606	0.13215864	-2.504405
0.27483913	0.57628405	-1.1556767
-3.1721354	-0.17919761	-0.27131867
-0.005433202	-0.21629554	0.64875305
-0.49420792	0.17568088	-1.025429
-0.46641165	0.85435045	0.34087914
0.96240664	-0.34516853	-0.35682595
-0.41308337	1.1769547	0.29068103
-0.42486602	0.24458861	0.6200737
-0.7976206	1.6864204	-0.07096259
0.15850514	0.96208763	0.56435555
0.4857865	1.038225	0.7879203
-3.1453648	-1.6217613	-0.25945085
-2.843398	-1.1245352	-0.3209161
-0.2968077	0.28879416	-1.7566478
-0.5599691	-0.651462	0.3689353
-0.4093191	0.66448796	-0.66753787
-2.8602376	-0.91765434	0.18381971
-3.5361044	-2.1311593	-0.68332356
0.79032254	1.5828044	0.1085889
0.24465811	0.7372235	-1.8931499
1.7560518	1.3484359	0.9260486
-1.4347692	0.32392597	0.47413504
-0.16291994	0.095787525	-0.6475889
-0.3310606	-0.08269906	-1.132368
0.45574707	-0.31152278	-0.021142446
1.0071664	0.71229327	-0.92911756
0.96527624	-0.025875986	-0.42296764
0.32393083	-0.44053194	-1.0083387
0.4581754	-0.78813046	-0.60540813
-0.74438995	-0.34327197	0.29505685
1.0021126	0.90569484	0.9598675
0.31609532	-0.53957427	0.16059959
-2.6035583	-0.96220213	2.2867696
1.4533867	0.04146558	-0.022719525
0.39916086	-0.048089266	-2.28913
0.82203424	0.35487366	1.0008302
0.9760417	0.34256887	1.4990891
1.2546685	-0.64014184	-0.18373159
0.03875369	-0.28913003	0.703472
0.8952737	-0.43848553	-0.20591462
0.31463483	-0.009127438	-0.92997646
0.17392671	1.8464005	-0.46208224
1.2709107	-0.5999149	-1.0484344
0.8102301	-0.109813035	0.03728808
-0.16027749	-0.26202226	-1.3790135
0.3001119	-0.09142059	0.09744957
0.01490742	0.5316204	0.7346461
-0.18657935	1.8463025	0.019662801
-0.37887663	-0.0119614005	0.041018024
0.73489416	0.6486466	-0.31198093
-0.08078045	1.5099895	-1.0438409
-0.15783864	0.6109785	-0.9236168
0.3559466	0.72138155	1.7020766
-1.2835331	-1.0248005	-0.97809696
1.0799469	-0.9841935	-0.55873036
-0.12862384	-0.9616038	-1.42711
-0.56327504	-0.93048096	-1.7329718
0.2933586	-0.65529764	-0.3068445
0.8918432	-0.55846715	-1.9798937
0.32613987	0.6561804	-1.0875298
1.3344942	-0.45848402	-0.40868264
0.8482986	-0.020143092	1.0614651
1.0701628	0.22345507	0.29228118
0.4258778	0.8330426	-1.0916858
-4.6741443	0.31330037	0.084934056
0.27705815	-0.9753682	0.33436474
0.7546775	0.32917047	-0.10112845
0.55532616	0.5003593	0.31836808
-0.086538315	-0.09450489	-0.89069355
0.29209885	0.3652637	-0.41559678
1.0478706	1.7277253	-0.46195164
0.99338084	-0.5145217	0.5977204
-2.3103797	-0.65026915	-0.13071296
-3.258711	-0.5614	1.0339898
-0.43583745	1.0491652	1.6657143
-0.43061513	0.91491437	-0.9032635
0.4866635	-0.8605589	-0.9475503
0.1302011	0.11095703	-1.1535602
0.87923926	1.2266986	0.5403713
0.32938996	0.9926238	1.046048
0.44491506	0.74499154	1.2077644
0.29735017	0.32015002	0.26004604
-0.3372323	0.7113761	-0.020156175
-0.7946481	0.95604646	0.6063518
-0.0034766197	1.0315613	0.32160833
0.8980248	0.13538408	-0.066787995
-0.3299964	0.36556017	1.1267018
0.6044526	0.88674235	-0.09086982
0.09699756	0.2649597	0.6434157
0.056711018	-0.5406327	-0.8934599
0.74369943	-0.15415847	0.24234441
0.47955182	0.17405999	-0.74442494
0.5099305	0.47050822	0.24824864
0.056747377	1.3536322	-0.38538468
-3.9255106	-0.73024946	-0.8439266
-0.100378275	1.5918972	-0.80928665
0.50260246	0.95296717	1.2769696
-1.1693094	1.5942023	0.83030456
1.1850954	0.6296246	1.3391652
1.0037665	0.702325	0.6644561
-0.0071954727	1.332231	-0.056827843
-2.244545	-0.539034	0.10869682
0.4591242	-0.9893505	0.5570449
-2.0095446	-1.5653285	0.30209747
-1.9403112	-0.20046043	0.057549004
0.07953173	-0.2346977	1.255998
0.30290136	-0.4238155	-0.526781
-0.59089035	0.65863013	-1.9912944
1.8170068	1.6148169	-0.6052254
0.67143416	0.61709404	0.38361272
0.43564197	2.2117178	-1.1720762
-1.9300559	-1.2765144	1.1435626
0.9016778	0.59786224	0.2291292
0.9264352	1.0117073	-0.66120183
-1.2133665	2.0923066	-0.36498472
0.3608799	0.39389586	0.63442487
-3.5166137	-0.121124804	0.059652943
-2.764959	-1.2722262	-0.6071527
0.5033077	-0.4419037	-0.8640811
1.1351955	0.94924223	-1.0268319
0.010616779	-0.0072080493	-0.62271386
-0.31302327	1.0352668	-0.93654066
-4.6650805	0.07190192	0.29823944
-0.7799167	1.0055292	0.6756262
-2.5898218	-0.40208584	1.0436769
0.9865389	0.7935759	0.83362067
0.9601971	0.7865585	0.7136426
0.5851421	-1.016475	-0.5448336
-0.84005517	-0.77051306	0.73372793
0.529594	-0.8071605	0.5373133
0.92451435	-0.31195378	0.84716
0.941468	0.11243141	0.6199635
0.10708392	0.47604287	-1.3308082
1.2269497	-0.6302744	-0.6937952
-0.09007704	0.20984066	1.2771829
0.31535578	-0.00487417	0.053183753
-0.9028428	-0.05499935	-0.6675818
-0.31781393	0.18689013	-1.1195686
0.8974894	-0.21380734	0.64576006
0.28494865	-0.9061374	-0.49098435
-0.029805899	-0.21043241	-0.4215392
-0.50469106	-1.3299465	0.17176656
-0.10785508	-0.16644555	0.584175
-0.07589519	-0.97627	1.5139368
0.52452767	0.22366059	-0.047085293
-0.85160786	1.4710743	-0.08539618
-3.7640674	-0.88955873	0.534723
0.38967848	-0.10021573	-0.2869454
0.5487009	0.17364633	0.26798615
1.0385603	0.5094055	0.7153454
-2.6461112	0.77525854	-0.6054383
-2.355215	-0.32971317	0.30785924
0.25230485	0.56229997	1.0924839
-1.7083194	1.7509086	0.13505185
0.10989642	1.3479352	0.61483794
-0.31799668	-1.1182693	-1.084705
-0.9893901	-0.19980645	-0.37666923
0.42421675	-1.2525183	-0.28456247
0.16935217	-1.189889	-0.26261947
0.44746786	0.9191481	1.1281178
0.116912246	-0.3643908	-0.7716409
0.6217472	-0.26976192	-2.14511
-0.675772	-0.72535324	-0.6901771
0.63411677	-0.2276982	-1.6036552
1.3034627	0.55922437	-1.3762851
1.7199364	1.1231525	-0.6484905
0.5789719	-0.1603216	-0.425043
-0.88677317	1.6074333	-0.56816596
-0.8269779	1.4682393	-0.50443363
-0.17521358	-0.09543842	0.8254195
0.13872528	0.08290112	0.36152777
0.29538387	0.090863824	-0.3803937
-0.10534102	-1.3235636	0.60812044
-1.4430614	1.8594122	-0.24752554
-0.65399665	-1.1558791	1.0002209
0.6481852	0.3842938	0.16363049
-0.4426505	-0.008059025	0.42786568
0.8036614	1.4755938	0.31604704
0.027239203	-0.8158723	0.5481196
-1.2429407	-0.75191915	-0.021626845
-2.1910152	-1.1313019	-0.16924322
-2.656105	-0.93508387	0.63061905
-0.03685224	-0.6662869	1.8554374
-0.5301649	1.7281272	-0.3649749
-1.184614	-1.1249814	0.81982064
0.4903078	-0.3103732	0.43112564
-0.5766571	0.6306033	1.55177
-0.41603965	-0.8493325	-0.22515875
-0.46494037	0.2496568	-0.9147353
0.7397132	-1.0491331	-1.1662756
1.1865253	1.1018903	1.3658403
0.8743305	0.84807086	1.075977
1.0086889	0.9166043	1.3615577
1.1726661	0.098416805	0.111654766
-3.3176014	-0.19806433	-0.087939836
-2.5006936	-0.16389537	0.72805166
-3.2121007	0.16491342	-0.5772873
-0.17352742	1.1359572	-0.43281686
-1.9277463	-1.8392278	0.12208113
0.8233402	0.35115921	1.8647577
-1.3079922	0.06969488	0.1927248
0.2735708	0.06628436	-0.73981965
0.30299836	-0.03570217	1.1519538
0.051668763	-1.1453947	-0.8053749
0.19074887	1.3738749	-1.4074231
1.1844366	0.61924756	-0.8797831
-2.045066	-1.4227529	0.42719215
-2.4549477	-1.2740576	0.6027103
0.5300407	1.494319	0.191372
-0.16429263	0.61157477	0.98468333
0.5365985	0.0815717	-0.59116167
-0.61709493	0.803481	0.36070982
0.2666013	1.5647695	0.04338
0.81433535	-0.3658449	0.696274
-0.69745904	-0.22035682	0.6439672
-4.103876	1.6123619	-1.8740789
0.44481114	-0.18320256	1.4558882
0.7055156	-0.2854218	0.5312655
0.5036468	-0.49362943	-0.05322399
0.5259932	0.23736358	-0.16710517
0.8426219	-0.2982297	0.43628252
-0.053202987	1.3426907	0.9870114
0.30108878	0.8737694	0.46036774
0.881357	1.0814626	0.1400823
0.582687	1.3863215	-0.56217533
0.09204984	2.3559394	0.047673877
-0.46204633	0.16275036	-0.13016343
1.0121136	-0.7663441	0.826649
0.6692049	0.65292656	-0.46731892
-1.809175	-0.8594195	0.14133449
-0.047181666	0.27141595	-0.6365255
-0.18313783	0.60080695	-1.0110888
0.109734476	0.015817761	-0.1744268
0.972935	0.46448147	0.05295416
1.5459647	0.24290085	0.15109861
0.82012266	0.49479866	-0.09565302
-0.109449446	-0.187056	1.0672505
-0.9471205	-1.0324905	0.79730916
0.9738612	-0.42491624	-0.70200104
0.93237436	1.463933	-3.8174222
0.43230566	-0.25059515	0.17068055
-5.824319	-1.0519354	0.06496386
-0.061440885	-0.248748	0.06791055
0.15461648	-0.38388932	0.049362436
0.75577295	0.96036506	0.1172067
0.12767184	1.1333194	-0.34821942
0.71768796	-0.06785905	-0.5954203
0.1933567	0.6542256	-1.3904033
-0.85575646	1.644289	-2.366531
0.6540891	0.1745671	-1.4975765
0.6841225	0.06601155	-1.9569733
0.256454	0.55142677	-1.2025886
-0.9585336	-1.4284716	-0.8448025
-0.8522653	-1.9493113	0.046981614
-0.3276046	-1.4791253	-0.031641997
0.2766853	-2.046177	0.6171701
0.60088325	-1.3694794	-0.20883578
-0.6547676	-1.5419536	-0.5473356
0.44164574	-0.2475282	-0.34782025
0.20937002	1.7956152	0.19665691
0.9388822	1.9673984	1.5741358
0.38345897	0.686203	0.15626788
0.38058373	-1.0214423	-0.4990426
-2.868694	-0.07778162	0.59654397
0.23921877	0.24644423	0.4178912
0.39614186	-0.6406785	0.09838581
0.0014586449	1.228328	0.51303643
-0.17291206	-0.33166134	0.18731892
0.14175475	0.9835949	1.2332313
-0.5032192	0.81923676	1.2495104
0.9898316	1.0198883	-0.012084208
0.4593999	1.1283846	-0.32258812
0.65915364	1.0468177	0.7889088
0.36073405	-1.7880833	0.6530423
0.042521536	0.010664165	0.49664232
1.0701126	-0.8344426	-0.14252916
0.4284227	0.19947219	0.26043653
1.1863476	-0.98480916	-0.270776
0.25526336	0.37352717	0.43658045
0.79336894	0.0153051615	0.10670002
0.75751036	0.46317053	0.7549931
-0.79056686	-0.73429495	-1.3781898
0.6164131	1.3119032	-0.24755257
-0.16363561	0.14108777	-0.18259984
1.184156	-1.0962988	0.31523585
-2.600099	-0.93607163	-0.36045742
0.8590061	0.38942087	0.61271936
0.75055426	0.7725582	0.70249957
1.3023932	-0.43898124	-0.007704608
0.2727263	1.270335	-1.3923424
-0.39805526	3.0149486	-0.20010069
1.0238557	-0.13893747	1.2093055
0.50699544	-0.10697156	0.9569614
-3.5738733	1.1276474	-0.12565732
-1.78561	0.51384735	-2.3875005
-0.21100289	2.1910446	-0.37488768
-0.3396197	-0.9762323	-0.5107229
1.0947199	0.7942257	-0.0812595
-0.056456566	0.0066429973	0.29636064
0.51648706	-0.9056023	-0.5950297
-0.48267645	0.42094934	-0.24311492
1.5711235	1.0432663	-0.5760836
-3.1924253	0.73788154	0.038166605
0.6083527	0.05744964	0.1530031
0.61371374	1.7068493	0.5781612
-2.7758262	1.2703905	-1.0042723
-1.9469068	-1.5425835	0.43414408
0.83451146	0.4552505	0.29341462
0.55833644	-0.20782429	0.5696977
0.7654757	0.16964936	-1.0542915
0.017697096	1.4240708	2.6295793
-0.058270216	-0.3931107	-0.9714037
-0.96067494	-1.6738858	-1.6799463
-1.0396249	-0.0036411881	-1.8778377
0.08602983	1.2078154	0.009367742
1.1302603	0.5007973	-0.22669315
0.7519984	1.7550163	-0.35709074
-0.03629428	-0.093604684	-2.4698243
0.58749115	1.0072232	0.18427834
0.7270733	0.41263807	0.85925204
-0.2962876	-0.23095214	-0.56458473
-1.6655886	1.194812	0.8305795
0.02379328	1.8121395	0.2829724
0.0711624	0.54994106	0.6044485
0.70291835	-0.028080523	0.3253798
1.4882635	0.5505363	1.2475533
-1.048243	0.70755064	0.5271808
0.5763425	-0.21813434	0.72098285
0.66723776	0.78129625	-1.0673689
-1.0970755	0.6572293	-0.54235095
-0.88086945	1.7877028	1.3350878
0.3579703	-0.121490836	0.58889765
0.26347744	-0.1841011	-1.2505625
-2.552435	-0.79201674	0.63300145
0.84539104	1.4041831	-0.67762417
-3.4111984	0.7457334	-0.6927761
-2.6075668	-1.2451776	0.45847222
-3.0486915	-1.2886117	0.3106339
-0.6884119	-0.06181407	-0.80128634
0.5099652	0.31506503	-1.2801812
-1.3404913	0.77743196	-1.9891031
0.055580616	2.129646	-0.8886505
-0.3837238	-0.36793154	-0.5716682
-0.9275959	0.8091248	-0.8626354
-1.0010762	0.37022257	0.23690808
-0.11870384	-0.30850065	1.7304021
0.7113058	-0.37427318	-0.3187069
-0.15814179	-1.5651947	-1.6609203
-0.39743322	1.6143527	-0.18194997
-1.2928782	1.3433995	0.36675993
0.21516317	0.1031096	-0.29327786
-0.88162476	-0.49688622	0.5213807
0.8019756	0.037109137	-1.244445
0.15436286	0.06560838	-2.2961946
0.23061675	0.78976476	-1.0556082
1.2110312	-0.33564782	-0.2774444
0.6390135	0.49469435	1.0958433
1.0126197	1.3568208	-0.3250898
0.73425746	0.7697058	-0.19523302
-2.2521963	-0.88103616	-0.7254531
-2.0175653	-1.0509291	-0.9432286
-0.74116534	-0.4948269	0.6830212
-3.1942604	0.7724726	0.3319538
0.7453089	-0.6855394	0.97869873
0.34456813	-0.37601507	1.1590794
-0.95878106	2.1909368	0.1540734
-1.0822515	0.8748393	0.3732501
0.20921052	0.07407111	-0.6651538
-2.0081885	1.0427134	-0.43848303
-1.3314958	1.6699519	-1.237017
0.23983139	-0.14461368	0.7175758
0.8897639	1.2138288	-1.0931096
-0.9144898	1.4675746	1.9300722
-0.9559122	-0.54560375	1.266496
-0.18027091	0.68154216	1.041447
0.17251295	0.5366875	1.0355922
1.2545309	1.2551775	-0.18637648
-0.25869316	1.2407756	0.039538715
-0.8782231	-0.18193364	0.19104668
-2.9958794	-0.96920943	-0.16468993
0.8386562	0.6393827	0.34609282
-0.75993925	-0.30086017	0.116132796
-0.1972025	0.064542234	1.1971033
1.5737555	0.900813	-0.38641763
0.9883245	0.609331	-0.8441198
1.9302552	0.11536741	-1.8354715
0.10074651	0.19453275	-1.1763667
-0.88148874	-0.22894025	-1.2455553
0.24023932	0.71412575	0.5908086
-0.7410782	0.803349	-0.50819933
0.71147746	0.55592537	0.21059155
-0.45318085	0.24621022	0.015127789
0.32855153	0.97752845	1.0175272
0.5379336	-0.6382837	-0.45367172
0.20091963	-0.033718944	0.094787806
0.77578616	0.9068543	0.006867446
-0.4719574	0.88315296	0.3808525
0.58932585	-0.23305643	0.78118426
0.7810678	-0.33118743	1.1254137
0.18365246	0.4170587	-0.9011932
-0.5003074	0.9452889	-1.2378154
-1.0553203	-0.33315283	-1.2277641
-0.3087309	0.58155763	-1.1699294
-0.45395106	2.1927018	-0.7394276
0.585569	0.09562743	0.16991884
-1.2319582	-1.0932097	-0.9255516
-3.797098	1.5957398	-0.9325313
0.36262006	1.6219697	0.5455419
0.8959435	0.9168788	-0.6571652
-0.7581151	1.2750754	-1.7176001
1.0084195	-0.28924763	-0.6936933
-1.8751926	1.897686	-1.0235207
-3.5382464	-0.07437402	0.30971566
-2.2056777	-0.9943812	-0.0034248978
1.2851129	-0.13350016	0.37579212
0.6961783	-0.46282095	-0.5034688
0.8292894	1.348566	-0.48665032
0.78598756	-0.21676135	-0.36147845
-0.5552452	1.0534408	-0.9095114
0.9199482	-0.72220886	0.1510494
-0.06825471	0.81234133	-1.4274911
-0.65558356	1.1976104	-0.5688658
-3.804417	0.5975325	0.5371096
-5.0244365	-0.68942857	-0.03229244
-0.8386081	1.8852897	0.64228654
0.29274985	1.1194048	-0.08933667
0.78934395	-0.9110938	-0.5149781
-1.259655	0.27668953	1.0503625
-1.7480204	0.46926117	0.8447656
-3.5621068	-0.84925956	-0.3291791
-0.51952904	1.9454083	-0.3053527
0.39373764	0.7992579	-1.4761189
-0.31954056	0.8134223	-0.17603639
-1.1903558	2.4267476	0.63335735
1.1191604	0.881405	-0.12061032
-0.5936865	0.9427062	-0.0705592
-0.028994381	1.2995336	0.8851839
-2.2604892	0.29247606	-0.57567877
0.5719803	-0.35931665	-0.459327
1.234626	-0.6708996	-0.48368773
0.8752807	1.6139238	-0.7293254
0.7450514	1.1710134	0.8515248
-0.4458397	0.6174588	-1.68159
-0.5636545	-0.18858802	-0.8610107
-0.79239005	0.78438103	-0.534986
-0.12731314	1.4699469	0.009107526
-0.6716619	-0.56154025	-0.5353557
-1.6663516	-1.018746	-0.8251937
0.18865567	-0.97188854	-0.9653491
-0.38030547	2.3006816	1.005476
1.3622787	0.3144449	-0.3956023
0.04215294	-0.5485736	-1.059042
-1.1529598	0.7553501	-0.67829555
0.498834	0.23480666	0.012605496
-0.021005094	0.87273705	0.17556366
-1.187213	-0.120455086	0.528462
-0.010068893	0.9634023	0.11712701
0.18392485	0.27323222	2.0636857
0.8103894	-0.77864945	0.9023994
0.378175	0.9013773	1.2753915
-0.24242568	0.576684	0.009442031
1.5717982	-0.47838995	0.06232535
0.85959095	-1.3020295	-0.208038
1.0819173	-0.7891638	0.36091405
0.56794566	1.0928798	0.60308594
0.014768839	0.3810811	-0.049918585
-0.18397737	1.7159996	1.6922362
-4.50733	-0.15752363	-0.8384981
1.5131993	0.2456727	1.5469471
-0.32607585	0.2140702	1.6297017
0.42285115	-0.10280818	1.4278044
-5.057305	2.5630274	-0.16776246
1.2952455	0.48738968	-2.0000744
0.12244946	-0.1282121	0.11522208
0.0010790825	0.67323005	-1.6040047
-3.012225	0.39646924	-1.3776437
0.7882164	-0.036385953	-0.42225525
1.1659824	0.7798122	-0.83495605
1.177891	1.5216267	-0.002230391
0.07559174	0.060510397	1.6008986
0.13230348	1.3483534	-1.0485276
0.5861494	-0.07707131	-0.01843135
-0.07222259	0.769678	-1.2161776
-1.1715469	-0.6021735	-1.7445779
0.74706054	-0.5209727	-0.10088558
-0.42593402	-0.06014675	0.3936631
-0.83494157	1.0560043	0.5194311
0.420248	0.5841707	-0.40242997
-0.6598738	-0.0022048354	-1.5804908
0.17030674	0.30297863	-0.09956784
0.7386561	-0.40802538	-1.7049272
0.88719773	0.9289926	-1.1637866
1.1024806	-0.3338539	-1.593111
0.4327316	1.4194403	-0.40798306
-0.43952316	1.1207502	-0.79827964
0.9882251	-1.2106864	-0.58366996
1.0746722	0.5707542	0.133988
0.0811131	-1.0599253	-2.2112134
0.2623925	-0.5687934	-1.3788197
0.6207012	0.6199076	-0.3135995
1.7477008	-0.56230545	-0.14386407
0.23899013	0.27062786	0.08629216
-0.1646052	0.2922672	-0.45438042
-0.16623044	0.59823036	0.26284578
-0.12269503	0.47392786	-0.35871342
0.38780183	0.5207064	-0.3924269
-4.390557	0.8048476	-0.33542177
-0.7522723	-0.19555682	-1.6827083
0.35563847	1.5203726	0.20358184
0.47412494	0.48784316	-0.72288644
0.47734228	0.36142182	0.12726003
0.5483106	1.3318996	-0.66543067
-1.6186295	0.5370561	-0.6581068
1.0732914	0.6635233	0.39734873
0.94515216	0.628572	2.1585875
-1.9913816	2.277619	0.4552015
-3.265012	-0.6820189	0.9257631
-0.3484227	0.9604751	0.6926185
-0.4782887	0.56567085	-2.0106833
0.6582668	-0.27294344	0.79267085
0.53763443	-0.48635718	-0.74929345
0.6221876	-0.25895315	2.1337059
0.0141557455	-0.55508065	-0.43873873
0.3088036	1.7354126	-0.62904495
-3.5336745	2.1612813	0.17645115
1.1631986	1.117136	1.3372495
-0.32184726	-1.1880581	0.11788152
0.78757656	-0.39177585	-0.01147256
1.2635804	1.0741841	1.0775397
0.8844132	0.4855994	0.17459562
1.3174419	-0.3950764	0.24295515
-0.7919064	0.9290544	-0.14532784
-0.92597395	-0.2958719	0.378964
-1.9577508	0.7804651	-1.8737543
-0.4326524	-0.41237795	-1.5481703
2.23265	0.028974056	0.6918833
0.14246249	0.65713346	-0.102453746
-0.11624229	1.1517074	-1.6738544
0.7259105	0.18482602	-0.86102027
-0.43579644	-0.10359591	0.64641947
0.21673054	0.050341904	0.7787698
0.075650156	0.3604406	-0.40598807
-0.029918432	0.4579965	-0.106320344
0.49875644	0.2978065	-0.049287133
1.3030262	0.2078402	0.66190034
-0.627042	0.6617	0.33808985
-1.4550424	-0.49554068	0.065182514
-4.4778166	0.20005465	0.7387473
-0.56300634	1.311979	0.033321932
0.30391228	-2.04674	0.4253917
-0.07296795	-0.6694906	-1.3619803
0.50908583	0.37271667	-0.8451626
0.91930246	0.46036077	-0.9433336
1.4760122	0.21193635	0.09865056
0.33124945	0.9199648	0.9831145
-0.54595083	1.7175248	-0.5364731
-0.38332778	-0.55585974	-0.17562601
0.67937195	-0.5404902	-0.40756175
-0.16209424	0.7571578	-1.6886753
-0.23006403	0.18694937	0.55747217
-0.3337162	0.5801588	0.23294109
0.90482235	0.3539828	0.9065288
0.3803469	-0.9533662	-0.95600593
0.09538311	0.11412966	0.17637321
-0.60302514	-0.05365324	0.8067336
-1.2745607	-0.5014571	1.0346825
-0.60666317	-0.6583203	1.1976717
0.5818351	0.07011515	0.4531286
0.5403401	-0.13497669	-0.6111972
-0.80708605	-0.83607477	-0.25039473
0.4368717	0.34723353	-0.45444378
-3.4116576	-0.06832826	-0.16533509
0.2076801	1.1286762	-0.30878836
0.29551983	1.2134368	0.4569481
-0.34739333	0.57716477	-0.44595706
-1.2901592	1.6304941	-0.032606304
-3.8082807	-0.6471987	-0.9903852
0.48232856	0.639426	-0.82491016
0.008536041	1.0163956	0.47597727
0.24018234	-0.036920965	-0.8593865
0.47893965	0.24292076	-0.49740395
1.192843	0.524775	-0.62004954
0.31098107	0.5652467	-1.5145333
-4.1623883	-0.7869003	-0.24188042
-2.6526911	0.16416788	0.0034275167
0.14544809	0.9307598	-0.29605415
0.7720088	1.0386256	-1.1886734
1.1109695	1.6194043	0.13312134
-0.90088004	0.8838601	0.4997182
-0.3721555	0.53664243	0.51700336
-0.57994086	-0.3539648	1.0068345
-2.9306266	-0.21292078	0.13186382
-2.331736	-1.3700064	0.21924499
0.75940126	0.4162469	-1.174706
-0.5024391	-0.684016	0.19595668
-0.13196862	0.6351234	-1.4620429
-0.6097483	0.19682097	-1.111821
-0.5420875	-0.2614153	-0.64711773
1.1492907	-0.13606387	-0.25632536
0.6971661	1.1170497	0.40578958
0.5718185	-0.35465658	-0.5372749
0.0103033185	-0.16193825	-0.30203345
0.5535579	0.13040626	-1.3594981
-0.004010141	1.5617175	-0.7853456
-0.45561594	0.82581234	-0.1436646
-0.32798427	0.14507377	-1.672206
0.10703921	-0.4633843	-1.1741252
-0.58878034	-0.65870136	-0.36974442
0.29521003	0.7061219	-0.8804328
1.4936999	-0.43665156	0.30054408
-0.2428475	0.7559447	0.75416815
-1.3227587	0.43877816	1.0417012
-0.13918489	0.32728088	0.8115914
0.023937106	0.19900584	1.2097391
-1.190315	0.8969492	0.39854914
0.45290586	0.900138	-0.051813528
1.1306181	-0.34959227	1.0892956
-3.8053272	-0.44877273	-1.5155613
0.26894838	1.4493349	0.6318577
-0.31001967	1.5271425	0.14954768
1.1819466	1.3899729	0.15598726
0.75424474	0.88578486	0.6110622
-0.8210897	-0.24020463	-0.42941096
0.56570166	-0.5504916	-1.8774846
0.4048541	0.42167687	-0.11694785
1.4483559	-0.80893576	-0.67670876
0.19789916	0.36577535	-0.8313292
0.1792689	-1.1808674	-1.0331244
-5.7020226	0.076048136	0.27591413
-0.8277393	1.5602796	-0.03802994
-0.26277548	0.47236013	-0.81191677
0.5243871	-0.16488582	0.53454196
0.55899346	-0.996418	0.6819692
-2.2828436	-0.35040313	0.19507879
0.61588204	-1.8725123	1.939027
-0.4363914	-0.5022658	-1.4000376
0.10964447	-0.23618346	-1.1586568
1.6768345	0.45458996	0.35526538
0.6123897	0.568436	2.1020048
-2.6790454	0.29888773	-0.95311654
0.6274833	0.43174016	0.5478325
1.1367364	1.6374638	-0.37561637
0.08579624	0.98973835	-1.0692143
-0.09344351	0.7738222	2.9417033
0.00050097704	1.4839597	0.97714055
-4.0142155	-0.6349027	-0.010922018
-1.8106463	0.2372992	1.4423847
0.77829933	0.9020448	0.1835649
-0.18336296	-0.98382175	-0.89654213
1.6670687	1.407074	0.08687821
0.30095965	-3.5547543	2.042083
-1.3258574	1.8744776	-0.5681694
-0.08968449	0.39987993	0.9718591
-1.7761381	1.6888263	0.53354967
0.6202519	0.26085544	0.463606
-0.7411303	0.0030030012	-0.088643365
-1.0450733	0.44854403	-0.8365017
0.20562905	-0.7394509	1.1212286
-2.2473385	-0.6062598	-0.06463078
1.0314274	0.7779118	0.9664798
0.024638355	0.11854327	0.22007999
-0.9639203	0.00857538	1.0080632
0.26157734	1.4117994	0.5121811
-0.20163918	2.0812762	0.35390523
-4.614296	-1.1125598	0.81905645
-4.634101	-0.7487235	-0.716547
-0.50403243	0.31201065	-0.9460295
-0.09584826	-0.8689069	-1.3130014
-2.1595266	-0.9740565	1.1010672
0.34753606	0.64174485	-0.18837294
-1.1128485	0.39180505	1.6528602
-1.9632056	2.9773533	0.19696349
-3.6192954	0.5619812	-0.9861963
0.15609616	1.278908	-0.66132283
-3.154638	-0.27797407	0.071196675
1.0488917	0.9425168	-2.0774522
1.912101	-0.90867543	-0.8910044
-2.7757866	2.008543	0.44533864
-0.0004722476	1.0988941	0.7205718
-0.436006	0.7006115	1.2346368
0.85832024	0.83651054	0.2051799
-0.2327888	0.7903042	0.4775048
-1.1092677	0.072630525	0.44833001
-0.6833978	0.47061718	-1.112381
-0.7034251	-0.4035625	0.85020095
0.56354046	1.0392716	-0.70734864
-0.4115327	3.4217153	0.47343764
-0.5305075	0.740165	-1.5058651
-1.1063967	1.688287	-0.62167954
-0.4873579	2.3482046	0.63833475
0.7317784	-0.2875294	0.15120798
-1.3881571	-0.001519382	0.2868347
0.802297	-0.12100923	-1.0788151
-0.15398204	0.15584779	-0.12569621
0.450215	-1.145574	-0.73568225
-2.7552714	0.58137584	0.49305737
-0.21239436	-0.044276893	-1.4480724
-0.26808304	1.2816062	-1.9689724
-1.0131323	1.346128	-0.29740936
0.49365264	-0.2488473	-0.66354555
-0.33455104	1.2971787	-0.28817534
0.9945272	-0.02100432	0.38646716
-0.31453305	0.72649276	2.5849514
0.6032313	-0.27617592	1.0088525
-2.157619	-0.3973539	0.19806534
-0.14121485	0.9108045	0.47756103
-1.2769239	-0.07582319	0.7185842
0.47736195	0.09280455	-1.0975484
1.7522786	-0.008517981	0.6404187
-0.8050012	0.2827549	0.9352222
-2.0797849	1.3523071	0.22286993
0.29864568	2.7625391	0.2502563
-0.35681957	0.40313447	-1.2927381
0.36177894	0.52594316	-0.4198598
-7.271767e-05	0.23230636	-1.9601476
0.011057019	0.9477079	0.6344879
-2.768312	0.06899518	0.6670818
-3.4951575	-0.7841097	-0.23974445
0.6794994	0.9445381	0.17062593
-0.53026336	0.16043496	0.3539743
-0.06320566	-0.011832476	-1.3710458
1.038474	-0.18681943	1.2514913
-0.6779483	-0.58732057	-0.6797463
0.97253186	1.4016414	1.3892885
1.1343212	0.9003589	0.5285838
0.48533276	0.6030438	0.18205851
-1.231266	0.50483346	-0.6676765
-0.22339767	-0.36322206	-0.262271
1.0906904	1.1197278	1.0870984
-0.63752896	0.36702478	-0.78272915
0.2371363	1.690649	0.19994658
0.8611546	-0.0021681786	-0.4900293
0.6293619	0.56656814	-0.021529876
0.8108627	0.5348613	0.32606074
-0.12385452	0.30471265	-0.2115084
-2.7253432	-1.4469876	0.5792435
-0.25492483	-0.40137404	-0.081908904
-0.64964503	0.3950261	-0.7660419
0.54336447	0.55326796	-1.6094357
-2.3006637	0.093696356	0.4855321
-0.37639815	0.16433191	-1.744038
-0.56748766	-0.58662105	-1.0788971
-1.4861541	1.1658962	-0.83948684
0.50089693	1.042876	-0.22971886
0.40461388	1.3137436	0.9960097
-3.7853773	-0.4178896	0.07754783
0.15828371	1.4005578	1.0129685
1.1463872	0.7311963	-0.1883181
0.37304154	0.28807044	-0.8606678
0.19209003	0.40341926	-0.42815447
-0.7732006	0.6546718	-0.8343462
0.20319295	-0.44149375	0.4615923
0.28597498	-0.122241616	-0.11985078
0.47726893	-0.034758687	-0.35571334
0.7482388	0.38628232	2.4594035
1.121996	1.0057483	-0.3357544
0.554782	0.79462147	1.6466551
0.6064676	1.5130858	1.3133318
-1.8824878	-0.8927978	0.07567234
0.2463165	1.0490288	0.44483638
-0.36652905	-1.0056636	1.4613578
-2.2900546	-0.31368566	-0.522825
-0.39108008	-0.32330364	-0.5817545
0.22725695	0.16233647	-0.38336846
-0.5478198	-0.6368785	-0.88782054
-0.8183479	0.36121166	-1.1336662
0.3287538	2.1451414	0.7419505
0.63780266	-0.38006794	0.6706835
0.2649156	-0.10882366	-0.05524157
-0.7453467	0.48990715	0.03852333
-0.22747254	-0.29401857	1.0013735
0.47153026	-0.079711676	0.3148227
0.28845724	0.6084918	0.56660885
0.20761436	0.6446295	-1.8485209
0.06524086	0.033337295	-1.2657881
-0.06374824	-0.34582144	0.2697126
-0.06690699	-0.6028049	-1.1363628
-3.1379077	-1.3569247	-1.0775898
0.16511577	1.2035832	0.71235585
2.3933961	0.8594806	-1.247298
-2.008661	0.29674983	0.26101226
1.3271961	0.3313005	-0.9300368
-0.82410866	-0.14747304	1.0662627
-0.16174817	0.7599828	0.092785224
0.30087537	0.68259346	1.3282273
0.52407396	0.30983734	0.005332906
-1.3255582	0.00073838234	0.18858743
0.11726391	-0.96275336	-0.783647
-0.5348311	1.3323143	-0.8988956
-1.1527724	1.8581014	0.08548027
-0.07115728	0.15027416	-1.2914076
-2.5802233	-0.73471445	-0.24301246
-0.51278895	-0.46989667	-0.33039647
1.5205004	0.29240143	-0.39087397
-0.5536162	1.1049256	0.25672674
0.7453248	-0.68660593	-0.5288453
-3.2231333	-0.6550753	0.43960404
-0.11931801	-0.05364895	-0.30194944
1.1363732	0.35031688	-0.07928162
-0.06021911	-0.38066524	-0.63891244
-1.6144915	1.7936459	-0.26164123
0.3867886	0.70190656	-2.305435
0.23170376	0.90523005	0.51192415
-0.32892245	-0.6065364	0.6728182
-0.20912784	0.5926181	0.69738567
0.009650409	-1.201995	-0.26202127
0.2791315	-0.6378504	-0.42651066
0.118697464	1.3752215	0.18336177
1.0216627	-0.008529663	-1.5415092
0.9809009	-0.58840084	-0.51566213
1.2377307	-0.16230834	-1.2838714
1.8552179	-0.6069131	-1.1327823
-3.1552281	-0.51904815	-0.41404596
0.1369335	-0.43756694	-0.11318865
-1.3210123	0.7826476	-0.37341544
-1.3888466	-1.8522296	0.46058393
-1.1858642	1.0553492	-0.75317824
0.5451655	0.4642688	-1.6824106
0.45669404	1.11829	-1.0396568
0.26087958	1.6274316	-0.7135072
0.55320734	-0.0808686	-1.0855802
-4.2541823	-1.2252276	-0.6153417
-0.812689	0.8068173	-0.4364141
-0.9009246	0.034632266	-0.26170412
0.666984	-0.122332215	0.44346416
0.42900524	-0.63751495	0.5566986
0.45662007	0.1503104	-1.0437533
-1.8978469	-1.1764579	0.32961825
-0.24896961	1.0952764	-0.5278961
1.2576333	-0.5800891	-0.50842613
0.36696717	-0.49202958	0.3080761
0.44630948	0.66619563	-0.56726164
-0.11819649	-0.4447502	-0.07644053
-1.9424088	-0.08740294	-0.1543341
0.104689896	-0.9782517	-0.7160512
-1.744293	-0.0473786	0.9809673
-2.2068338	-1.2022103	0.04711383
-0.34757298	0.6818135	1.1441158
0.5533551	-0.32059884	0.059893385
-0.0019963384	-0.52355874	0.45915926
-6.787272	0.46493816	-0.8832884
-0.24528408	1.7339222	-0.7057262
-1.087951	1.6713128	-2.135296
-0.7583881	2.2525923	4.136277
0.34539613	1.0738325	-1.4135538
0.3498608	-0.8783381	-0.9059393
0.2893868	-0.16315293	-0.34481737
0.61227626	0.24627101	-0.4475259
-1.4703403	1.4715652	-1.2747059
1.1950434	0.49448228	-0.9945551
-0.5329651	0.88156617	-1.5451006
0.094251335	0.039185584	-0.58134735
0.12543464	1.5823166	-2.1393826
-0.16603535	-2.658966	-0.036657333
1.2233499	0.72963464	-0.5459323
-0.5064787	1.7230318	0.72981465
0.5264719	1.1849887	1.3500788
0.13368243	-0.37102067	0.6099309
0.7634495	0.92996323	1.1551712
0.30061406	0.16387248	-0.44034857
0.16410142	0.84938085	0.009175811
-1.1649549	-1.1191684	0.88735384
-0.45416945	0.7992728	0.7395394
-1.0496664	0.32911873	-1.1166824
-0.6518894	0.14664197	-0.53554064
0.021179676	0.88865757	-1.2532557
0.945876	1.1663775	-0.25740695
-2.5020227	-0.93939507	0.18854812
-0.3874541	1.600795	-0.80595505
1.6104796	-0.5453222	-0.630573
1.0406644	-0.28988457	-0.48403028
0.069404304	1.5159328	-0.6998567
-2.5120637	1.4315438	-0.97559726
-1.6089253	1.0324062	1.1460447
-0.7920882	1.8408916	-0.90684974
0.12158722	0.6888753	-0.23013937
0.02852118	0.40014517	0.09578188
0.8461886	1.1731195	0.9229612
-2.2289972	-0.4566727	0.7502735
0.37477893	-0.32452756	-1.0741825
0.49761245	1.4993894	-0.33053118
-1.575814	0.17645001	1.1419814
0.64841306	0.085729	0.40162957
-4.6230183	1.0855374	1.7677801
-1.0715253	0.40912914	0.99804395
-0.29688567	0.09065521	0.6810123
-1.0183647	-0.23483074	-0.028270103
0.6608963	0.28428793	0.568671
-1.2819653	1.4245083	0.54688215
0.041071057	-0.10744238	0.05417215
0.10704172	1.0526989	-0.3923023
-1.5722106	-0.48693636	0.51993746
-0.58295053	0.97397554	-0.6841907
0.011004508	1.3388433	-0.64176387
0.14914322	-0.26719475	1.6807282
0.8685055	-0.8309676	-1.9571257
-0.38786417	0.9442425	-0.042381242
0.123610795	1.6129978	-0.1490416
0.57825875	-1.8498738	-1.3986306
-0.643352	0.1659317	0.82006836
-0.4257856	1.0637808	-0.076359816
0.06551772	2.390189	0.068494394
0.2180242	-0.05624503	-0.3627074
1.0767661	0.91786444	0.8785466
-1.8749938	-0.9396088	-0.84031934
-1.4728558	-0.43881202	0.20750195
1.0774634	0.18167365	0.58834636
0.042143226	2.0111172	0.09648549
-3.2186882	0.96745527	-0.092193566
0.31317163	0.86436677	0.79159
0.74208665	0.5459354	-0.024726614
-3.7668393	-0.013944387	0.7433874
-0.5725711	1.3023648	0.16939372
-0.7455229	-0.007862091	-0.06564942
-0.36914068	0.644326	0.13083556
-0.45550042	-1.2267895	-0.24826083
-2.0221603	-0.094088316	-1.6946319
-2.773794	-1.687496	-0.5229754
0.17818868	-0.1528154	0.5081655
0.5469254	1.1150053	1.0492054
-0.522224	0.993353	0.022839788
-0.64156574	0.9946114	-1.7152478
-2.4770904	-0.61938965	1.2219876
-0.15146923	0.56808877	-0.9671037
-1.746691	-1.8069594	0.6242181
0.5492362	0.21118605	1.0974299
-2.9525971	-0.63471735	0.96181905
-0.40598923	0.30709815	-0.1451877
0.42333004	0.046270132	0.13466313
0.5304078	0.24620199	-1.455656
-1.0236075	-0.015903473	-1.2721745
0.22742796	0.07632619	-0.0919672
0.58458763	-0.12463826	0.47713125
-0.35727984	-0.76433396	0.84541935
-0.4544745	1.1042395	0.22030306
-0.6831402	0.8545785	-1.0429803
1.0628875	-1.3428686	-1.4150761
0.33926818	0.5798838	0.44420406
0.18419081	-0.80448586	-0.60632145
0.8042602	0.7705108	0.27770692
-1.9113264	0.5012623	1.1693723
0.6560611	-0.012614846	-1.0648289
0.024537563	-0.14975315	-0.5605435
0.8257017	-0.33396512	-0.18042004
-1.471416	-1.3682487	-1.1640093
0.77237946	0.23259091	-0.39596617
-0.018390834	-0.38959152	-1.1227721
-0.4427734	0.7058834	-0.015118577
-1.5571568	-1.5464873	1.471529
1.1799911	0.30975938	-0.9049129
-1.447222	0.5266379	-1.8197337
0.63254577	0.18884254	0.25942647
1.3655572	0.118114114	-0.9083068
0.7746496	0.56514716	-0.09325924
1.0629853	1.410964	-1.2456872
-0.58113784	-0.15724814	2.1510448
0.84640694	0.17137814	0.45168203
-0.1625064	1.6855259	0.86205995
-0.8811174	-1.4767013	0.4307899
0.48668772	-0.69241977	0.04522723
0.8296616	-0.6816586	0.34012082
0.30210316	0.6631919	0.3586079
0.34065413	-0.12502652	-0.30885747
0.37510833	-0.050658703	-1.7045016
-4.0050592	-0.32249683	0.45570564
2.3170478	0.57263446	-0.66077113
0.28987643	0.45719254	0.46475783
0.8862992	0.83461523	0.4263202
0.2574648	-0.10311532	0.20851925
0.91444445	0.41910553	1.0327176
-0.9526467	-0.7910388	0.5732441
-6.975773	-0.99654883	0.5429543
1.0625731	1.1750443	-1.4368438
-0.76548785	-0.7909723	0.7131213
-4.2355	-1.1003381	-1.1946213
-2.6263018	-0.37965798	0.5425936
1.4256263	-0.06628454	0.52340424
-0.35511047	1.6435168	-0.3639923
-0.60106856	0.5670382	-2.1577876
-0.031167984	0.67766225	-0.07897744
-0.77401894	1.7213128	-0.023355618
0.6835463	0.73703814	1.1661217
-0.47401863	-0.8993326	0.05902273
1.6486297	0.9575192	1.0799512
-0.92570156	0.07158458	0.76938736
-1.3769107	1.7462602	-0.26654163
0.98614347	1.6661508	-0.3207864
-1.7554743	2.9612732	-1.2876141
-1.8882885	-1.3246268	0.2923191
-0.6412526	-0.35962713	-0.104656406
0.55651534	-0.1315307	-0.07441115
-0.39678556	0.39237547	-1.6337268
0.21084529	0.70732474	-0.020088583
-0.6377961	0.62744105	0.58355117
0.14373058	1.8946877	-0.9591354
-0.89658314	1.7824783	0.36407536
-0.113433	1.6969333	-0.914836
-1.459501	0.7820784	1.6809131
-1.376708	-0.6728129	0.3789624
0.77460366	-0.27424288	-1.7313752
1.2014768	0.33133864	0.44615635
0.37868863	0.08125758	0.91557634
0.11958021	1.3371639	0.7159102
0.31845662	0.4355116	-0.42821366
-1.7566032	-0.891704	0.035755746
-5.2454224	-0.09609491	0.07062436
-0.15790069	-0.26230264	1.0929022
-3.097147	0.52536476	0.35380453
0.17418647	0.47160482	1.5448192
0.43396053	0.96706045	0.9010689
-0.08370638	1.234777	1.0079088
0.045660973	1.1443119	0.33121026
0.386675	1.9132288	-1.0678513
0.68515587	0.52194357	-1.3970917
0.07552832	-0.85590774	-0.41570082
0.05561161	0.7750913	-0.9455944
0.3711448	-0.05264753	0.24568579
0.20973831	0.1584338	-1.337923
1.0381056	0.90454197	0.9931876
0.22966892	-0.92395586	-0.2714201
-2.7795038	-0.5338546	0.14618988
0.8579027	0.01325959	1.0905572
0.72505033	1.1133089	0.64895445
0.052806437	-0.16276473	0.029830053
-0.10653579	0.75906146	-0.29781714
-1.6522291	1.2202463	-0.10499666
-2.8985431	1.052178	-1.1322085
-1.8630188	-1.2926389	-0.06721309
-1.1987143	-0.4985169	0.3311484
-0.55204374	1.731278	-0.68732053
-1.2761362	0.40379953	-0.4032193
-0.4472887	0.6963389	1.141289
-0.077174544	0.69487894	-0.6697259
-1.6169155	1.1565454	0.21247903
-0.27229792	-0.95564806	-1.1658826
0.011176169	0.59418285	-0.6380761
0.6521967	-0.418014	-0.73218375
-0.6200407	-1.6060207	0.3893449
0.034814656	1.983995	0.033268113
-0.70708674	-0.19424921	-0.1255413
-0.58438987	0.34510553	0.61029416
0.051269054	2.619157	-0.43611687
-1.0981328	0.11818969	0.18991548
-0.38355392	0.40589213	0.55885005
0.38700092	0.14982331	0.9811383
0.41396755	1.8203449	-1.853566
-1.6170957	-0.018920004	1.3663741
0.3834705	-1.006066	-0.12636033
0.04535514	0.11252558	-1.275305
-0.10663098	1.7177703	1.0447025
0.5093541	-0.3667677	-1.647949
0.41621208	0.05979812	1.5434961
0.31586218	0.30423307	1.1998712
-3.0868444	-1.0854647	0.1966849
-4.896393	1.3529289	-0.29061997
-4.8508697	2.5942829	-0.075675234
-0.21103865	0.2248354	1.1840242
-0.27253634	0.9940076	0.0032434948
0.9463778	0.045196593	1.2265295
-0.69738907	0.80136657	-0.07727212
0.66003263	0.7928686	0.50923455
0.08806485	0.6027864	0.068157904
0.47882292	0.14885211	1.1908333
1.1928656	0.11255145	-1.386588
0.274039	-0.5413723	1.6107645
0.21537632	0.051855326	-1.7340152
-0.2314009	-0.06048745	-1.3777479
-1.1052754	1.8345349	-3.18171
-0.48108083	1.1161361	1.3718069
-0.40128154	0.8302351	1.3716667
0.5345083	-0.51759195	-1.1671702
-1.6233435	1.8471038	1.8475032
-1.2830992	0.40706837	1.0242325
1.4859955	0.3589977	-0.96555996
0.96694636	-0.6168233	-1.758
1.3946937	1.5418196	-1.6834229
-0.028978705	-0.71273416	-0.35163718
0.30495736	1.0538998	0.6097793
0.33915392	1.4824793	-0.021557026
0.3296849	0.5806025	0.5404183
-1.9511509	0.90819824	1.1660755
0.47666886	-0.04571891	-0.8657037
-2.869074	-1.4563122	0.5807925
-3.850928	-0.5469736	0.37314066
-1.0741704	1.29654	1.4357393
0.28722474	0.29575682	-1.5992311
0.52651733	1.4045844	-0.49392286
0.30596572	0.036735535	-1.1511722
-1.4066572	1.8271449	0.8962457
0.01917404	-0.22478497	-0.2745685
-1.5860417	1.3538139	-0.4375928
0.8837893	-1.1161951	-0.17939031
0.84615445	-1.0386866	1.2220614
-2.620024	-0.61160344	0.0155794695
-2.2071161	-0.2546898	0.5351493
-0.00885731	0.58156717	0.79119956
-0.13688928	-0.34452933	-0.54271716
-0.2805336	2.2509131	0.17293099
0.48021552	0.42338932	-0.18474242
-0.062521875	0.8019439	0.02008277
-0.12923652	0.84885824	0.95356154
1.235856	0.25739944	-0.062248744
0.13276857	0.39186037	1.626414
0.5463133	-0.78326666	0.21935102
0.15569395	-0.06360257	0.49891153
0.18583179	-0.13902462	0.15078801
0.45787442	-0.77159375	-0.53353953
-0.44878858	0.93137825	0.976412
-2.7350664	0.821471	0.14715692
0.84817046	0.49977875	1.7577741
0.09799129	0.6726692	0.5194287
1.4438975	-0.5153476	1.7605679
-0.32461995	-0.67703635	-2.322787
0.6595842	-0.65534544	1.5980475
-0.78238827	0.6551088	-0.16316003
-0.7809693	1.4699996	0.59528995
0.88984144	-0.7684049	-0.8685227
0.7254196	1.0394485	1.6615076
-0.11065078	1.4355602	0.11111185
0.83465385	-0.15391636	0.5122893
0.11825192	-0.14216518	1.2439624
-4.0538826	0.95500934	-0.06390736
1.1990666	-0.32445127	0.5446287
-0.6722875	0.3492229	-1.9274464
-0.35401946	1.4400487	-0.9868926
0.89227843	1.9005275	-0.16857666
-0.09245682	0.44643474	0.28587532
-0.50856656	1.6806986	0.109238714
-2.1066337	-0.9400878	-0.23838219
-1.5802848	-0.16335481	1.4911041
-1.8648732	0.65178585	-0.01799497
-0.5792565	1.9608536	-0.1618017
0.07474846	0.77075493	-1.8498181
0.29074347	0.48064363	-0.49372604
-2.8147461	-1.4215004	-0.37510997
-0.2892893	1.640167	0.8243367
-0.1875689	0.53186905	-0.26259863
-0.92482	0.8153838	-0.49792627
-1.3696737	1.3112814	-2.1051695
1.0064293	-0.61869574	-0.3391791
-0.054460824	1.5139518	-0.3878843
1.0310254	0.315153	0.03437414
-0.5149215	0.050127327	-0.19506496
1.1936243	0.096670985	-0.75887185
-1.7594495	-0.05561495	0.8808818
-1.5217335	0.8635702	0.5743678
-1.9228303	1.7920244	-0.8776039
-0.1575805	0.6884227	-1.0135328
0.646585	0.4506625	0.50156665
-3.6414983	-0.1558224	0.11538119
0.2423122	0.21278131	0.6802684
0.4343674	0.109342575	0.24899548
0.08896506	0.047950864	1.694868
0.98423666	-0.1866315	-0.9564179
0.82679236	-0.88070935	0.34570625
-0.6989154	0.26428032	0.56617105
-0.16721237	1.2979782	-0.6198308
-0.367997	0.93904805	-0.47243515
-2.2873166	-1.8179264	0.16815685
-0.004920006	0.3268453	0.25026056
0.49003136	0.41279745	0.35643426
0.2019915	0.45913875	-0.48693505
0.26404837	1.4317677	0.6386446
0.2874121	0.6602819	-0.756418
-0.811879	-0.7472387	-1.7587062
0.33506393	0.21145785	-1.6348507
0.31506595	0.34846246	-0.6077543
-2.562172	-0.99216324	1.0493488
-6.0262938	0.09664261	0.06999619
0.24710518	-1.0979561	-1.472966
-0.014757276	1.4719534	-1.6348313
0.36905587	0.12955368	-0.9938896
0.4597402	0.42724514	0.44786453
-2.2450883	-0.3393919	1.2168505
-1.7511971	0.87329006	0.27381378
0.36394745	1.8854165	1.2093405
0.2127164	0.71329975	1.5454397
0.114616334	0.8262193	0.29287472
-3.9167526	-1.7565033	-0.48734882
1.3719792	-0.9882281	0.1285398
-0.61432844	2.5727525	1.1081372
-0.7886644	0.5983659	-0.41668898
0.27998072	0.07014197	-0.56572425
-0.5359598	1.7160103	-0.41191348
0.97019434	0.10093856	-0.1726807
0.4459743	2.136403	0.25416148
0.29595765	-0.1216414	-0.0985012
-0.5260475	1.0492885	0.38034353
-1.3141675	0.9602201	-1.6582592
0.10883117	-0.101567686	-0.42868543
-0.11175054	-0.060811818	-0.8216324
0.9347718	0.16874361	0.48879308
-3.7798645	0.80551016	-0.172079
-0.0043147206	-0.7561995	0.19783393
0.49991977	-1.7575233	0.2319507
-0.13072306	-0.2686113	-1.3181108
-0.84135026	-0.5359638	0.009906799
0.9501531	0.36224747	0.38603863
0.8944856	-0.6317752	0.3896081
0.2677625	-0.86043096	0.5616056
0.7952196	0.77068126	-0.93969625
1.0716996	0.7431098	-1.6884553
-1.6067414	2.0630856	-1.9503077
0.8605703	-0.04812944	-1.0754299
1.0527053	0.17542005	0.76103354
0.25665548	0.4982295	-1.7971318
-2.0275688	-1.3398916	-1.2992932
-0.8549606	-1.1991622	-1.470567
-0.93405217	-0.39153814	0.64591086
-0.28625888	-0.51229966	0.7813468
-4.630134	-1.8885024	-0.45114076
-0.060717463	1.780473	-0.4630085
-0.5088112	-0.89389265	-0.3035988
-0.31582016	-0.17058682	-0.9978062
-2.0785213	-1.5417947	-0.6518809
-0.23198432	-0.07657814	0.28656432
-0.23804969	0.43184412	-1.8552017
0.49144202	1.6308126	-0.41853207
-1.2129726	1.0763005	0.589472
-0.84516567	-0.5904826	1.168006
0.76128	0.24046111	1.6114794
1.1768539	0.7548162	0.049169336
-1.2154577	-0.5751862	-0.2291359
-0.21068358	-0.07942027	-0.43191898
-1.2616601	0.7365155	-0.69621664
1.1373178	-0.0089351535	0.33879954
-1.4124258	0.7291974	-1.0097778
-0.655351	0.8836496	-0.38935274
-1.5666368	-0.66264224	0.2825837
-1.3482502	-0.9742939	-0.019522674
0.10433859	1.071938	-0.26361516
0.13031512	0.18408895	1.8560381
1.188653	-0.14491928	1.7828513
0.15574795	0.49982357	-0.6430838
0.39565375	1.4104512	-0.21099147
0.8581274	-1.2308437	-0.69071305
-1.7090929	1.9393523	-0.47520277
0.4455758	0.31076348	-0.78711724
-3.3836024	-1.3187991	0.12440748
0.21381646	1.068239	-1.2047457
-2.1864023	-0.81211364	-0.25082245
1.035774	-2.3898787	-0.13850436
0.5807992	1.249625	1.0759003
0.25654703	2.0881608	0.20446014
1.1842356	1.4678698	0.9844662
0.9847193	1.8837097	-0.025300056
1.6450355	1.6005275	0.38882074
1.131047	-0.322891	1.4419997
1.038987	0.25224864	1.37098
0.4685968	0.44460428	1.5423512
0.15760136	1.0430954	-0.6229905
0.0006123185	1.3587227	0.091200545
-0.80635077	0.96394145	-0.9796947
1.4544662	-1.9510742	-1.5720341
-1.8023999	-1.0485548	0.18085861
-1.0354183	-0.8440495	0.55512553
-1.574497	-0.9803294	-0.33555827
-3.3361342	-0.018703282	0.8595193
0.05666417	0.46849537	0.93301034
-0.06878698	0.40785253	1.441343
-1.679457	2.7438118	1.4659787
-0.32565147	0.014606714	0.06916953
0.5788244	1.0802064	-1.1478232
0.1908614	1.3080139	0.8468498
-2.106915	0.2060144	-0.90388584
-1.7801232	-1.5186073	0.02248255
0.85454136	1.1385379	-1.1468652
0.21769965	0.25807333	-0.6179609
-0.4805357	-1.1082491	1.0436919
0.60258853	0.21228671	-0.35017613
-0.4587502	0.044157445	-1.3742359
0.3728579	1.4650073	-0.75719446
-0.29024476	0.5577264	-0.29560727
-0.21056217	1.1238713	0.0469492
-0.49997777	0.7109791	-0.55360234
-1.1202102	0.73157537	-0.13162228
-0.40810806	0.40365732	-0.07115626
-0.19140172	0.11194837	-0.26349378
-1.0707471	0.7087965	-0.6821109
-1.6670744	1.2508678	0.101856634
1.0993167	0.4767177	0.9396883
-0.6400134	-0.0726223	-0.103331335
0.9230143	0.9597324	1.1538599
0.65575343	0.20678246	-1.6585653
-0.18444389	1.4530003	-0.09343248
0.5638853	-0.20288503	-1.9023529
0.17182475	-0.035910606	-0.15523332
-0.40064257	0.0572986	0.62370765
-0.60670966	0.337206	1.6539264
0.5398868	-0.759332	0.2826318
0.28644225	0.75570595	1.2693651
-0.32738477	-0.21238679	0.82694507
-0.3578722	1.1760821	-1.6115272
-0.5915497	1.4664049	-1.7661127
1.8398397	-0.11018795	0.16103578
-0.23999006	0.14928007	-2.0450866
-1.1322942	0.98475575	1.5570889
0.38327637	1.5339925	-0.31511492
1.2077017	0.17109287	-1.0227317
-0.8158727	0.43838203	-2.3448548
-0.32622093	0.015071809	1.273488
-0.6224578	1.4729075	-0.25770354
0.3365363	0.6853099	-0.0010328032
-0.56021744	0.725001	0.7558783
0.3514599	-0.60553074	0.931271
0.8421466	1.2350979	0.21709093
0.06308311	-0.35865408	-0.48773912
-0.6796718	0.012567103	1.2568134
-2.3131676	-0.1730488	0.5201018
-0.51308984	1.1099274	0.32943538
-2.385864	-0.77635694	-0.07965451
0.2860907	1.1765697	-0.62818015
0.10565436	0.63791347	0.48987672
1.0087147	0.14655626	1.4635248
0.31753862	0.99803615	0.40606165
0.1933502	0.15491366	0.9578984
-0.82057256	-1.5718898	-0.23953071
-2.3151274	-0.6035403	0.41679612
0.21657568	0.14775407	0.012240134
-0.37765962	0.6672982	-1.5856155
0.4161521	0.25324857	-0.26304004
-0.4870736	0.33627248	-0.59718114
1.2195306	-1.0662411	-0.73019725
0.17440528	1.0600301	1.1196787
1.301032	0.85957825	0.5079386
0.68808675	-0.18217027	0.40291622
-4.1853447	0.5518513	-0.4716873
-0.6889022	0.33827746	-0.74771357
0.5182148	0.5860776	-0.7057272
0.07671076	0.42229688	-0.017079093
0.092173696	0.16577291	0.6121931
1.0015526	2.0378485	1.3373996
1.0305247	-0.5088697	-0.37472317
1.3134418	0.41265857	-0.74580485
-2.0370784	-0.7181587	-0.31016445
0.9814391	0.85877323	-0.48753712
0.888776	1.4620519	-1.2824616
0.16347611	0.22434568	1.5054158
-0.91051847	1.8616409	0.34203276
-2.4617996	-0.5373895	0.44758308
-0.28078085	0.71128654	-0.111392014
-0.065034926	0.815169	-0.5687714
-1.323523	-0.3109588	0.068637446
0.9546833	-0.32963884	-0.7146551
-0.8801519	-0.2783473	1.8887635
1.2905468	0.12910903	-0.09388683
0.95746374	-0.5793798	-0.5575412
1.0441117	1.45168	-0.92212814
-0.24980527	0.7646347	-1.112357
-0.7715964	0.8381332	0.14160782
-4.1975994	-1.4698696	0.29560724
0.06647539	-0.010049641	1.5352252
0.7338129	0.628456	-0.7659907
-0.35245734	0.7759142	-0.51455367
0.186661	2.8780591	0.24533904
-2.0554957	-1.1098757	-0.9962064
0.93001497	0.51555467	-0.061720923
-1.4505417	-0.03838253	-1.6883924
1.218275	1.2902808	0.98099947
-1.1797323	1.10043	-0.2892925
-0.124703705	-0.50909644	0.05881179
-4.0320463	-0.5173141	-0.023329921
-0.08173913	-0.33230484	1.2626289
-1.9558058	-0.4646408	-0.6382539
0.80336577	0.06859851	-0.95100635
-0.03047657	0.60060906	0.05172237
-1.0762563	-1.2192326	1.1583363
1.8681271	0.20547962	1.6233181
-4.8036175	0.63341475	-0.045932643
0.68372697	0.4146607	-1.0985494
-0.78281814	0.49057794	0.27429417
0.7756564	-0.41309214	-0.3572818
0.021878064	-0.0671525	-1.5997106
0.4742373	1.9023943	-0.4781538
-0.16186726	0.33705676	-0.045652464
0.44432217	0.23042417	0.2032575
-1.0380795	1.6049876	-1.7017477
-0.3156306	1.4775372	-2.9492347
-0.10364437	1.7935088	-1.3223007
-6.13311	-0.42694154	-0.7148756
-0.098900676	-0.32464093	-1.757453
0.695082	-0.38627118	0.2685973
0.9227284	0.8441446	0.5958836
0.71268797	0.05913204	0.7327141
-0.687923	-0.730917	-0.9875611
0.81624955	0.20003688	0.3931202
1.0956943	-0.6803241	-0.7464316
-0.3102762	-0.75102854	1.5734534
-1.197392	2.5727272	-0.24867314
1.928669	-0.79509455	-1.3793501
-0.4490202	-0.23118907	-0.2369774
-3.5502546	-0.9808334	0.7246231
-0.27028805	-1.3407946	-0.8014283
-0.7900844	0.07823098	0.36698887
-0.6106065	0.83790827	-1.3737011
-0.31482142	1.2254429	-0.07213379
0.18652225	-0.44832656	-1.9618208
-1.0064676	-0.49882028	0.095780775
0.80527437	0.8964324	-0.6659398
0.7597841	0.8395369	0.94394237
0.9146476	0.03215897	1.2214324
-0.22833979	0.3096615	0.96401876
-1.189208	2.4948127	-0.5874363
0.09749514	-0.64044666	-0.5605599
-0.55640143	1.6384437	0.7652354
-1.1392248	0.47333813	0.4346939
-1.5066338	-0.42427805	-0.8527377
-2.5665388	-0.93909204	0.28271207
1.0894573	-1.492294	-1.0366668
1.0696936	0.4960779	-0.26496518
-1.5389462	2.2513676	-0.11266143
-0.99085706	1.2805603	0.6677345
1.0645697	0.38177586	0.7710436
-3.3791559	-0.3310699	-0.07879291
0.0462662	0.5457897	-0.2784037
-3.808667	0.8943021	0.11902789
-0.04030305	2.5005314	0.39952788
-0.17590994	-0.5281058	1.5435479
1.5051851	0.93594074	1.4874734
0.64096004	0.18723989	0.67407405
-1.8954325	2.1211064	-0.41232845
-0.23529941	-1.7070816	-0.6422651
0.5974207	0.90500915	0.02894521
-0.59088093	0.91096413	-0.21610484
-1.0051553	1.6694934	1.0255532
0.47721216	0.56071424	0.3781793
-0.09378916	1.2526264	0.19321787
0.9446409	0.95680654	1.9951396
-2.3678772	1.7962849	0.48980808
-0.7874635	1.2030494	-0.44974765
0.618599	0.6863797	0.21843156
-1.2530861	0.9632031	0.8296237
-0.08601904	0.6374128	-0.37634644
-0.79988855	1.1978655	0.9120275
-0.4567874	1.5864139	-0.06326933
-1.7176535	-0.5642873	0.6885938
0.22512442	1.6171696	-1.4078408
0.9898077	0.39936364	-0.9112484
-1.026995	1.4211996	-1.4279621
0.13257533	0.6900494	0.8072791
0.0775978	0.76903677	0.70055145
0.26505274	-0.6058995	0.6194714
1.5808313	-0.61787105	-0.02698332
1.4035203	-0.54056907	1.0829719
0.95610124	-0.2681986	-0.11134749
0.8499957	1.156353	0.50788856
0.97088385	0.66801417	-0.14125288
0.10503888	1.8883159	0.70961004
-0.30384594	1.5365071	-0.16160437
0.42142496	2.0205448	0.45838383
-0.035818458	0.19788909	-1.97804
-0.75253826	-1.2050278	-0.70181644
-0.98025674	-0.5429965	-0.75240415
0.54814607	-0.0052940845	-0.1652705
0.40866917	0.09819484	-1.2387433
-0.14154649	0.40782416	-0.9321698
1.4610732	0.09266281	-0.7653448
-0.8802795	0.46903872	1.4504182
0.4548531	-0.58718216	-0.027659565
-0.72641855	-0.12802339	-0.58210605
0.36185953	1.5527871	-2.2474024
-0.03495419	-0.915123	-0.364511
-0.44260186	-1.616816	-0.53715616
-2.4588788	-0.52046144	0.7581383
-1.2482183	-1.7829556	-0.15785527
-1.0147722	0.5509279	1.3696153
0.20360214	0.93337	0.6269213
0.90554297	0.2752602	1.3798065
1.6823654	-0.27162772	1.6438982
1.2903277	0.49004006	1.1817908
0.7203989	0.3188902	-0.14742309
-0.49878317	-0.24995494	-1.9052159
-0.25116676	2.7239323e-05	0.7405552
0.24020731	0.2532997	0.3019508
0.29834065	0.73718965	0.9551884
0.11000538	0.5082575	0.42433697
0.4317759	-0.003851533	0.41717178
-0.48249274	0.15598667	0.99074304
-5.3651576	0.88624513	-0.86572504
0.43496114	1.85126	0.18755248
1.0660692	-0.6982363	0.113498315
1.6036413	-0.17761499	0.25089738
1.3163284	1.2210553	-0.23588616
0.02712524	2.6017709	-0.38588774
-0.8342237	0.5885178	-0.21668014
1.9974124	0.97815347	-0.5850324
-0.1425727	-0.3684792	-0.12380456
-0.2973904	1.819268	0.09688829
-2.5704024	-1.2946782	-0.11263671
0.29163677	0.993695	0.8709509
-0.025397718	0.8756293	0.557511
-1.7706623	-0.05257219	-0.013035942
-0.08210373	1.7040005	0.9420255
0.96915144	1.5212855	0.35251996
-0.24641478	0.16346419	-0.42553696
-1.1745267	0.86343265	1.4781232
-0.3496924	0.98458433	0.036139302
-1.230308	-0.6086708	-0.33906105
0.10237771	1.9854655	0.872404
0.53624535	0.99413073	-0.7618224
-4.482708	-1.2390639	-0.988057
-0.7297085	0.80760324	0.9646671
0.5195782	0.9416375	0.33607283
-3.4815528	0.93506444	0.3382073
-0.20029074	1.3125396	-0.68133366
0.7792828	0.039442837	-0.71570456
-0.80453044	0.02098471	0.8126303
-2.9297361	-0.70092905	0.598869
-0.52244335	0.45655453	1.9350187
0.14863914	-0.8560485	-0.24789995
1.0689456	0.4858476	-0.7492543
0.29407343	0.29239357	0.15637672
0.49555087	0.83602536	0.2802726
-0.49335915	-0.4792959	-0.53555775
0.20592397	0.8974618	-0.29295507
-0.35742348	0.37006783	-0.8079975
-2.3605564	0.17153609	0.34802604
-0.7229982	0.79407203	1.5148082
1.4826822	1.4146898	-0.602319
0.44187337	1.758204	1.2484041
-0.07549751	1.5175507	-0.38798046
1.1557276	1.6352422	-0.9824368
-0.8151569	0.95797896	-1.6594161
-0.46094865	1.3172867	0.01603783
-0.1827265	0.29643655	0.48709732
1.1858437	2.24179	2.8720455
-0.7103608	0.32430518	-1.0269699
-1.2714543	0.82726085	-1.8237593
-0.29148394	0.9866531	1.8384283
0.77238464	0.5237113	-0.22935769
0.76880777	-0.28351223	1.5047443
0.5668915	0.46641564	0.23097879
0.6505005	0.5329702	-0.5637231
0.018720329	-0.50276774	0.19351149
0.10416961	0.69667363	-1.0174762
-2.610824	-0.1188122	-0.118484445
0.62086797	0.32076037	-0.8918572
1.615697	0.96372926	0.70005196
-0.5178476	0.13919592	-1.1435119
-0.1360805	-0.030203164	-0.8136571
0.111558676	1.2118225	1.7969215
-1.409617	-0.0011221766	0.38986155
-0.089579105	0.021595597	-0.32776293
0.32394636	-2.5844502	0.81194204
-3.2041686	0.4989351	-0.36615688
0.93227774	1.6965337	1.5444995
-5.4178476	2.2075496	-0.10993954
-1.1514671	1.3508599	0.07576673
-0.34295577	0.42899776	-0.109725244
0.6539575	1.1035783	0.46330962
0.5922401	-0.7649846	0.21378121
1.094667	2.1235852	1.032574
-0.06282383	-0.08671564	-0.9848801
-0.3177883	0.6051537	-1.6062547
1.6536582	0.53377163	0.21865594
0.105566025	1.6978202	-0.68834335
1.1544921	0.7554767	-1.3687928
0.97075015	0.5972184	1.1792789
-0.2230801	-0.10255903	-0.8634997
-0.8017456	0.20546818	-0.6115575
0.45994473	1.3162336	-0.42525423
0.4312678	1.1365888	-0.70247304
-0.5266339	0.84692264	-0.008491628
-2.0451202	-0.9087537	1.2937739
-0.23986167	-0.44546536	1.151579
-3.9981415	-0.100574315	-0.5964577
-3.0296555	0.5585505	0.28505006
1.6761514	1.0200703	-0.8351254
-1.2475574	-1.1421297	1.0030068
-0.27484685	1.6153557	0.96632665
1.0545589	-0.13046199	0.3107899
-0.30056483	-0.28665662	-1.1130669
0.5317899	-0.03840989	-1.0045877
1.1067488	0.32115197	1.0187861
0.6006787	0.3117187	0.67810893
0.044643223	1.5923824	0.34882343
-1.7554605	-1.2745082	0.011999104
-1.1192145	0.7175211	0.04397448
0.31978217	0.8427863	-1.1336381
0.15749729	0.76809704	-0.88522786
0.7761951	0.03231275	0.9739917
-2.8068213	0.36047053	0.6591655
0.35435957	0.28506815	0.03582431
-0.7612689	-1.15321	-0.7285466
0.19594193	-0.43632936	0.53840864
0.31134048	0.031273782	0.30758736
1.4268036	0.5327667	-1.5180563
1.0835598	0.19682932	1.0426103
1.1449533	0.03778535	0.6794911
-0.5521211	1.1920266	0.11089257
0.1355614	-0.2701087	1.2977678
-5.382318	1.267803	0.423792
1.3369427	0.92595124	1.2376988
1.2796223	0.63829076	-0.03292317
-2.985055	-0.048887014	-0.19272265
0.22145063	-0.116759	0.17824534
0.90176696	0.7954967	-0.60048527
1.005937	0.16692388	-0.16712233
-0.14858639	0.8019717	1.0661886
-0.05080092	0.453964	-0.27232054
0.20251852	1.5211246	-0.20001867
-1.2385674	3.3138328	1.43739
-0.8188252	-1.074937	-0.3531603
-2.9263935	-0.17284733	0.02476591
-2.8171837	-0.17951518	-0.9324481
-3.624552	-0.09718484	0.32773063
0.15066946	1.6667657	0.50428694
-2.0705693	-0.05733776	0.57897425
-0.5211584	2.276453	-1.3690617
0.44445163	0.6758201	0.47557762
0.11111748	0.74744105	-1.0371525
-0.13182163	-0.06045413	1.5749885
0.85472137	0.9552753	-0.5909344
-2.8682582	-1.3710499	0.60333484
0.8189756	1.0991349	-1.0003009
0.3932296	0.5794308	0.74489224
-0.313173	1.1066265	0.9807965
2.165308	0.00025743246	-1.4329107
-2.0955307	-1.0743451	-0.076898135
0.0006393194	1.4027658	-0.15871274
0.08483583	1.3937099	0.095441416
0.1809358	0.06062293	-0.27424842
0.9313711	0.3336568	-0.3952824
0.65941304	1.6997766	-0.010627132
-0.5785907	0.28277957	0.14458841
0.16897452	-0.47529873	0.17068166
-0.36570877	-1.2461646	-0.118192546
-0.570285	0.39542103	0.09292107
0.186813	-1.190211	-1.2595414
0.60979533	-0.6227947	0.2837308
-2.1241567	-0.35085404	-0.52657765
-2.3437693	0.27851796	-0.092787765
1.3804142	-0.40435612	-1.5428386
-0.7565834	0.39748502	0.42333126
-0.28742498	1.1643741	0.18277693
-0.2978769	0.49191415	0.28772384
-1.2537353	1.5779197	1.1166316
1.1833389	-0.7797743	0.64490277
-0.098101616	1.91717	0.6563879
-3.6315138	1.9217699	0.19515064
-1.4540596	2.1178577	-1.6687812
-0.08418691	-0.14052027	1.1805745
-1.5331464	0.79956377	0.58539766
0.0072593093	-0.56467617	1.5293269
1.0249094	0.49880588	0.79925567
-0.031638145	0.6054232	0.20516086
1.4966955	0.19332254	-0.7146655
-0.30322355	1.1077089	-0.22405282
-0.72465414	-0.045661986	0.23683965
-0.62346107	0.34439015	0.94019777
0.7698468	0.4808427	-1.7958198
0.49351776	0.31403673	1.3604646
1.0010808	0.19095182	0.39413148
1.7619097	-0.1116066	-1.6962194
-0.2316122	0.90437245	-0.5652139
0.6254382	1.6549668	0.7675471
1.7547331	0.7062974	-0.3702841
0.3464697	0.30629468	0.66246545
-0.58247405	0.96197593	0.34002885
-1.0147634	1.1998398	0.30557215
0.96258414	0.5213536	1.2975554
-0.76427037	0.27319884	-0.40795964
-1.0994883	2.048407	-0.19279721
0.6140379	0.8682414	1.2847811
0.6841645	2.0736742	0.1317307
-0.3010729	-0.123272896	-0.11603636
0.8389256	1.2675428	0.17659631
-1.4088345	1.6884396	-1.0847671
-4.831826	0.020254076	-0.60845685
0.7171804	1.3130901	0.04170534
0.042639136	0.2726612	0.54484606
0.51308346	0.5446391	0.37639165
-0.42866725	1.3360558	-0.6620595
1.0260754	0.75840807	0.21928862
-1.663903	0.75106275	-0.1375528
1.0830122	0.83923376	-2.2223253
0.61796063	1.2048206	1.470317
1.0276974	0.8388711	-1.221329
0.0055120587	1.9708736	-0.20976093
-0.34342808	-0.7666652	-0.67687696
-2.7225475	-0.64425004	-0.03371557
-0.31703562	1.1148536	-1.5285367
-0.47657388	0.51528823	-0.7725519
-1.6918759	2.0123866	-0.59435385
0.03478545	0.33795357	0.9807068
0.4485483	0.0007238388	0.016469397
-0.5114288	0.68334734	1.360571
-0.9165891	0.9083983	-0.75407547
0.09756088	0.38009417	1.3536347
0.32689282	-0.70412683	-0.009659417
0.61713076	-0.94149375	0.38402116
-0.09643328	0.47419965	0.34465706
-0.031086326	1.5387197	0.5981721
1.2772994	0.70966506	0.2375018
-4.6777015	0.71703327	-0.9304644
-0.77245086	1.1502585	-0.0010360815
-1.707448	0.19481087	-0.21608785
0.39020848	0.71031225	-0.5928028
0.42561302	0.51970935	0.25366896
0.5659163	0.80646014	-1.8798652
-3.8583782	-0.13091332	0.30440882
-3.5322878	1.2991068	1.1172991
0.8276179	0.66124034	0.91652817
1.77069	1.294693	0.57364076
-0.45894045	1.264149	-0.6188431
-0.19241065	0.46816945	1.2808284
0.10653627	1.623992	0.26745576
0.014341474	0.1317339	-0.028974168
-5.364938	-0.97887486	-0.5622028
0.14335704	0.552333	0.23043266
-0.91506714	0.2675792	0.17151529
-0.8618714	-0.40312058	-0.33036447
-2.5211341	-0.27105242	0.10499258
0.97992134	-0.22281343	-1.0764172
1.1253537	-0.80341506	-0.40281364
1.1959412	-1.0350344	-0.56628364
1.191184	0.00045764446	-1.033532
-0.7850327	0.013358712	-0.22888806
-1.8439837	-0.07530892	0.44161224
-0.13292676	0.49538517	-0.69763875
-0.5332826	0.69179916	0.42974988
-3.7637446	0.38180757	0.49803814
0.45398444	-0.35204947	0.2573186
-0.5110648	0.9745984	-0.65366787
0.7101444	1.5943637	0.63004595
-0.4017282	-0.73100066	-0.32982534
-0.8973771	-0.58987963	-0.7186637
-1.2158177	0.3209269	0.711297
0.094017684	-1.4012171	0.6843316
-2.4747536	-1.1607884	1.3554306
-3.1585445	-1.5220709	-0.5043464
-2.4844031	0.38279855	1.1894368
0.7302792	0.27732003	-0.35180053
-0.21931612	0.17740953	0.98202926
-1.6627207	-0.1661135	1.1318506
0.31510422	1.7089329	1.185689
-0.090452135	-0.6450635	0.1388152
-0.6255347	-0.6593034	0.19419098
0.14946121	0.4904853	-1.5019333
1.1895545	-0.28247505	-0.88623905
-2.7324095	0.90139186	1.1509373
-0.7984659	-0.37042952	0.24351904
-2.6339715	-0.5169595	-0.20570841
-0.38131887	0.22647786	2.6719804
0.57327735	0.9667803	1.1312505
-1.2760961	1.6635404	-0.7729667
0.5363887	-0.19548261	-0.481046
0.61717945	-0.5845865	2.029079
0.36573485	0.6563419	0.1974473
-2.6527655	2.734878	-0.33488432
-0.20973879	-1.0704892	-0.34998748
-1.3238537	-0.5297512	-0.12838805
-0.80943257	2.7531705	-0.83289313
0.41829702	0.5526521	-0.30645052
0.4260495	0.9967146	0.6700286
0.81418633	2.0283554	0.034487553
-1.4011655	0.08167529	0.11305667
-2.8499854	1.3428121	-0.88690543
0.2964591	2.1201937	1.9852928
0.031369925	1.3359418	1.1619139
0.23502642	0.41651917	1.7005692
-4.7187066	-0.12096435	0.15883973
-1.9779325	2.955341	0.392942
-0.0042458177	-0.6999027	0.02439998
0.25456175	0.4639603	-1.0629902
0.53889513	0.9817393	0.091609836
0.86987734	1.512084	0.021835247
-0.66596943	-1.2034681	1.2790588
0.35506922	0.341254	-0.8326183
0.21178973	0.27988625	-1.2385349
1.3788178	-0.44475797	1.2790078
0.3703584	0.18539262	-1.3949082
1.7679858	-0.46011874	-0.017218098
0.8136889	0.2244749	1.1474792
-2.9291308	0.5604751	0.40679297
-0.29471785	-1.0405996	-0.71983755
-0.10219294	1.6134255	-0.39251858
-0.018701196	1.2511141	0.44314894
0.07633084	0.6801101	-1.0786262
-0.06524986	2.6699705	-2.0147312
0.35793075	0.69635236	-0.23871759
-0.49171156	0.1728338	0.19174874
0.23782343	0.8562455	-0.6998204
-1.7718017	0.037813425	0.29820982
-0.6557781	-1.1973236	0.48827618
0.30225658	0.046126902	-0.6306703
-0.12550956	0.91549456	-0.97639275
0.26100054	0.6916168	-0.81389123
0.0952943	-0.5652049	0.6118343
-0.63342613	0.9549161	0.33633673
1.107985	0.17998552	0.26328
1.5898625	0.25603497	0.8456582
-2.7985137	0.31508267	0.6132575
0.27609238	0.04807836	1.3354998
-0.3350039	1.4136894	-0.852998
0.683826	0.110991836	-0.83400637
-0.958777	-0.631321	0.5032304
0.937151	0.94203234	0.44925576
0.3038223	2.5921922	-0.87455
-0.5608744	-1.2366657	-0.33481476
0.20801872	1.0373708	-0.4841539
-1.5980749	-0.3275032	-1.3228182
-0.6348204	-0.34102267	-0.15908292
-0.268941	0.07523662	0.43176636
-0.09495711	0.42508042	-0.7666387
-0.15811378	-0.089508474	-0.15217754
0.49399552	-0.56659055	1.2903839
0.697713	1.5167217	0.66230226
1.0910155	-2.3374295	-0.50841284
0.4168063	0.9875307	0.21500608
-2.1378548	1.2006392	-1.039231
-0.70900005	1.2788091	1.0984727
-1.5899	-1.1687987	0.05948748
-0.32165462	-0.9706526	-1.914341
-0.35327405	1.2839162	-0.06492795
0.10968763	1.578929	0.01794907
0.8391993	1.1417811	-0.3526834
-2.7070863	-1.3756249	-0.61795306
-2.8411446	-0.775914	-0.5279317
0.12751651	2.1427603	-0.3606967
-0.120836735	-0.1795578	0.41736203
1.384094	0.37081802	1.1479635
0.32392177	1.3123193	0.48996195
0.29754987	0.4486879	-1.004299
0.3250748	1.718096	0.58294374
-0.16115683	0.33572197	-1.6936504
-0.5583716	2.5545316	1.7988638
-1.630862	-0.2318865	0.22706258
0.8157271	1.5131071	0.4178475
0.41787073	0.69214666	-0.8040281
-5.115504	0.70274067	0.7034407
0.23589599	2.0409703	1.3008338
-0.2496506	1.3461494	0.41741407
-0.54644614	1.7532923	-0.23997378
-0.73488814	-0.85132587	-0.15655875
-0.111821115	0.5233791	0.63965315
0.5414021	1.4318144	0.8401516
-0.071074486	-0.39152938	1.0923729
-0.2085883	-0.10203326	-1.3016688
-2.2315924	-0.5601659	0.4452912
0.23023683	0.9304435	0.69726115
1.9733891	-0.86313254	0.067559496
1.208766	0.73615396	0.011435714
0.6320048	0.718073	0.8649688
0.8775665	0.44417322	-1.9845967
-1.1513546	1.9178286	-0.8200716
0.34581015	-0.6635567	-1.1454815
0.070099115	-1.4887202	-0.81455576
0.1893354	1.3334169	-0.2741807
1.3867009	1.0832834	-1.7832049
-1.6556461	1.0129278	0.5596009
-0.8973035	0.47318256	1.9231302
-1.4428751	-0.91387874	-0.9547998
-0.9622361	2.7918422	0.5766664
0.27308813	1.6937222	1.4511361
-1.7083972	1.6637111	0.0009358302
-0.4393751	1.0572007	0.5316036
-4.555126	1.4198928	0.63057417
0.86871356	0.30928648	0.35200328
0.6419058	3.227396	1.1466546
-0.27845556	-0.12449759	-0.53407425
-1.8697519	-0.96050394	0.74053514
-1.0123191	0.575534	-0.6874695
0.6529764	0.83183384	-0.79929256
1.8045352	0.27082562	-0.19956589
0.34152687	-0.42059752	0.05169698
0.23222864	-0.66534585	0.66032726
-0.6513223	-1.0286554	1.8049687
-0.25787228	0.8416995	-0.17736393
0.97125393	0.92608917	0.25030726
0.625837	-0.055254996	1.353885
-2.1334202	-0.3558638	0.61671054
0.90703857	1.5387022	1.1963321
1.4693929	0.6463647	0.58104825
0.44323352	1.9233556	-0.57962036
-2.4338117	2.0781894	-1.9400924
-0.75114626	-0.014646947	-0.6435891
0.3873493	-1.3089716	-0.16728711
-0.44453615	0.9183092	0.45397145
0.29268518	0.7617401	0.6835399
-2.0847259	0.12952673	0.047618166
0.6761594	-1.6467972	-1.4010186
-1.5067263	-0.83724165	1.0337574
-0.27344412	1.9438424	0.30250624
-0.40496832	1.918994	0.04890846
0.39223364	2.260078	0.5637299
-0.0011707544	1.1662467	-0.40523678
-0.54994255	0.5200423	1.3373593
0.8317806	-0.18408042	-0.19072652
-4.1998506	0.86366415	-0.54779863
-0.6325547	0.716956	-0.24752083
-0.34590393	1.5617919	-0.6968438
-1.8556168	-0.21223289	-2.1752396
0.99911535	-0.097094	-0.10753245
-0.13146651	0.82605946	-0.43172583
0.16872793	0.54877245	-0.9003976
0.64379394	0.5867773	0.6947993
-0.20180339	-0.22017032	-0.64466715
-2.5475154	0.16987145	0.8627464
1.3118329	1.9692247	-0.85973465
1.0080943	0.5021905	0.51525867
-3.6556237	-1.0762808	-0.20525768
-3.7265446	0.58473074	1.2878988
-0.14310277	1.2958465	0.7179248
-0.6526063	-0.4546536	0.0061441623
-1.3006268	-0.8073395	-0.4541792
1.0809975	1.4001429	-0.3120905
1.02118	-1.1268151	-1.2462353
0.58316594	1.1179693	-0.9929627
-0.37768286	0.28749633	-0.4755623
0.7835048	0.9814621	0.5282758
0.22009164	1.9248753	0.15501188
0.5537524	0.5737518	2.5885384
1.8918207	-0.7738283	0.37291145
1.5714209	-1.1932082	0.48962766
-3.3275535	-1.4895285	-0.6967326
-3.0497441	-0.20249975	-0.54452133
1.3185458	0.39843905	0.09408385
-0.5687285	0.72669685	-1.5126114
-0.775366	0.9875847	0.69290084
1.2563424	-0.6015469	1.3180826
-0.9981865	0.802863	0.839722
0.44092977	1.050074	0.510436
-0.20139939	0.78585386	-1.6573616
-0.18982756	0.6288496	0.2738465
-1.3529325	0.50536454	0.053432792
-3.311662	-0.15439981	-0.64263844
-2.057295	0.41972363	-1.60333
0.5396226	0.14343405	-1.038986
-1.5021417	1.1621544	0.16894045
-1.418006	-0.8657949	-0.7473519
-3.5785472	1.3578539	-0.22362393
1.186682	2.0279841	0.8177187
0.17038906	0.8940127	0.37079626
0.25172755	-1.2391398	-0.087230824
